Player,Pos,Age,Tm,G,GS,MP,FGM,FGA,FG%,3PM,3PA,3P%,2PM,2PA,2P%,eFG%,FTM,FTA,FT%,ORB,DRB,TRB,AST_x,STL,BLK,TOV,PF,PTS,ORtg,DRtg,PER,TS%,3PAr,FTr,ORB%,DRB%,TRB%,AST%,STL%,BLK%,TOV%,USG%,OWS,DWS,WS,WS/48,OBPM,DBPM,BPM,VORP,OnCourt,On-Off,BadPass,LostBall,SFC,OFC,SFD,OFD,PGA,And1,Blkd,Dist,%2P,%0-3,%3-10,%10-16,%16-3P,%3P,0-3%,3-10%,10-16%,16-3P%,%2PA,%3PA,%FGAD,#D,%C3PA,C3P%,CONTESTED_SHOTS,CONTESTED_SHOTS_2PT,CONTESTED_SHOTS_3PT,DEFLECTIONS,CHARGES_DRAWN,SCREEN_ASSISTS,SCREEN_AST_PTS,OFF_LOOSE_BALLS_RECOVERED,DEF_LOOSE_BALLS_RECOVERED,LOOSE_BALLS_RECOVERED,PCT_LOOSE_BALLS_RECOVERED_OFF,PCT_LOOSE_BALLS_RECOVERED_DEF,OFF_BOXOUTS,DEF_BOXOUTS,BOX_OUTS,BOX_OUT_PLAYER_TEAM_REBS,BOX_OUT_PLAYER_REBS,PCT_BOX_OUTS_OFF,PCT_BOX_OUTS_DEF,PCT_BOX_OUTS_TEAM_REB,PCT_BOX_OUTS_REB,PASSES_MADE,PASSES_RECEIVED,AST_y,FT_AST,SECONDARY_AST,POTENTIAL_AST,AST_POINTS_CREATED,AST_ADJ,AST_TO_PASS_PCT,AST_TO_PASS_PCT_ADJ,OREB_CHANCES,DREB_CHANCES,REB_CHANCES,REB_CHANCE_PCT,POST_TOUCHES,POST_TOUCH_PTS,ISO_PTS,ISO_POSS_PCT,ISO_PPP,ISO_POSS,PRB_PTS,PRB_POSS_PCT,PRB_PPP,PRB_POSS,PRR_PTS,PRR_POSS_PCT,PRR_PPP,PRR_POSS,SU_PTS,SU_POSS_PCT,SU_PPP,SU_POSS,CUT_PTS,CUT_POSS_PCT,CUT_PPP,CUT_POSS,D_FGA,D_FG_PCT,PCT_PLUSMINUS,AST_PCT,PACE,PCT_PTS_2PT,PCT_PTS_3PT,PCT_PTS_PAINT
Precious Achiuwa,PF-C,24.0,TOT,74.0,18.0,21.9,3.2,6.3,0.501,0.4,1.3,0.268,2.8,5.0,0.562,0.529,0.9,1.5,0.616,2.6,4.0,6.6,1.3,0.6,0.9,1.1,1.9,7.6,114.0,112.0,14.6,0.545,0.207,0.239,13.0,20.5,16.7,8.4,1.4,3.9,13.8,15.9,0.016216216216216217,0.02972972972972973,0.04594594594594594,0.102,-1.7,0.3,-1.4,0.2,-0.7,-3.5,0.4594594594594595,0.3108108108108108,1.1756756756756757,0.17567567567567569,0.7297297297297297,0.05405405405405406,3.1621621621621623,0.13513513513513514,0.527027027027027,7.6,0.793,0.52,0.215,0.047,0.011,0.207,0.697,0.317,0.273,0.2,0.593,0.962,0.145,0.8378378378378378,0.474,0.304,7.32,5.2,2.12,1.28,0.04,1.51,3.47,0.43,0.2,0.64,0.681,0.319,0.59,0.77,1.36,1.27,0.91,0.436,0.564,0.979,0.698,24.3,18.5,1.3,0.1,0.2,2.0,3.4,1.6,0.054,0.065,5.7,6.6,11.9,0.568,0.1,0.1,0.5,0.059,0.923,0.5,0.0,0.0,0.0,0.0,1.2,0.1253783783783784,1.1410405405405406,1.0675675675675675,1.6013513513513513,0.2612972972972973,0.7396486486486485,2.133783783783784,1.2,0.146,0.969,1.3,11.81,0.475,-0.011,0.088,96.4,0.74,0.138,0.729
Bam Adebayo,C,26.0,MIA,71.0,71.0,34.0,7.5,14.3,0.521,0.2,0.6,0.357,7.3,13.7,0.528,0.529,4.1,5.5,0.755,2.2,8.1,10.4,3.9,1.1,0.9,2.3,2.2,19.3,115.0,109.0,19.8,0.576,0.041,0.381,7.4,27.3,17.3,18.9,1.7,2.7,12.0,24.9,0.04084507042253521,0.060563380281690136,0.10140845070422536,0.144,0.8,1.7,2.4,2.7,0.8,-3.1,0.8873239436619719,0.6197183098591549,1.1408450704225352,0.4507042253521127,2.5211267605633805,0.08450704225352113,9.549295774647888,0.49295774647887325,0.647887323943662,8.5,0.959,0.245,0.367,0.278,0.069,0.041,0.727,0.515,0.406,0.386,0.573,1.0,0.148,1.8873239436619718,0.167,0.429,6.7,4.45,2.25,2.21,0.03,3.44,8.07,0.46,0.42,0.89,0.524,0.476,0.31,2.79,3.1,2.87,1.44,0.1,0.9,0.976,0.488,42.6,41.9,3.9,0.3,0.4,6.4,10.0,4.5,0.092,0.107,4.7,12.3,16.6,0.626,4.0,2.5,2.0,0.105,0.986,2.0,0.3,0.014,0.947,0.3,3.6,0.183,1.036,3.5,1.1,0.055,1.053,1.1,3.1,0.14,1.175,2.7,13.97,0.441,-0.05,0.193,97.43,0.753,0.033,0.658
Ochai Agbaji,SG,23.0,TOT,78.0,28.0,21.0,2.3,5.6,0.411,0.8,2.7,0.294,1.5,2.8,0.523,0.483,0.5,0.7,0.661,0.9,1.8,2.8,1.1,0.6,0.6,0.8,1.5,5.8,102.0,121.0,7.7,0.497,0.487,0.129,4.9,9.6,7.2,6.6,1.4,2.4,12.3,13.4,-0.00641025641025641,0.007692307692307692,0.001282051282051282,0.002,-3.5,-0.9,-4.4,-1.0,-6.8,-1.6,0.32051282051282054,0.23076923076923078,0.782051282051282,0.14102564102564102,0.38461538461538464,0.038461538461538464,2.576923076923077,0.16666666666666666,0.5256410256410257,14.0,0.513,0.289,0.176,0.037,0.012,0.487,0.664,0.329,0.438,0.2,0.75,0.984,0.085,0.3974358974358974,0.455,0.365,4.23,2.45,1.78,0.99,0.0,0.37,0.88,0.13,0.15,0.28,0.455,0.545,0.01,0.32,0.33,0.33,0.15,0.038,0.962,1.0,0.462,16.2,14.1,1.1,0.1,0.2,2.2,2.7,1.3,0.066,0.082,2.2,3.8,5.9,0.536,0.0,0.0,0.0,0.0,0.0,0.0,0.0,0.0,0.0,0.0,0.0,0.0,0.0,0.0,1.9615384615384615,0.35203846153846147,0.8553076923076923,2.3384615384615386,0.7884615384615384,0.09507692307692309,0.9722692307692307,0.75,9.29,0.436,-0.029,0.068,101.56,0.51,0.409,0.484
Santi Aldama,PF,23.0,MEM,61.0,35.0,26.5,4.0,9.3,0.435,1.7,5.0,0.349,2.3,4.3,0.534,0.528,0.9,1.4,0.621,1.2,4.6,5.8,2.3,0.7,0.9,1.1,1.5,10.7,109.0,114.0,13.1,0.539,0.535,0.153,4.7,19.7,11.9,13.3,1.3,3.1,10.2,17.9,0.006557377049180328,0.03278688524590164,0.039344262295081964,0.07,-0.7,0.4,-0.2,0.7,-8.9,-2.7,0.5737704918032787,0.29508196721311475,0.8524590163934426,0.08196721311475409,0.6721311475409836,0.04918032786885246,5.60655737704918,0.26229508196721313,0.4262295081967213,15.8,0.465,0.211,0.188,0.049,0.016,0.535,0.692,0.411,0.393,0.333,0.674,0.962,0.067,0.5573770491803278,0.296,0.3,5.7,3.57,2.13,1.23,0.02,0.84,2.08,0.25,0.21,0.46,0.536,0.464,0.13,0.66,0.79,0.79,0.49,0.167,0.833,1.0,0.625,32.3,28.3,2.3,0.2,0.3,4.2,6.0,2.8,0.07,0.086,2.7,7.2,9.3,0.633,0.1,0.0,0.2,0.028,0.632,0.3,0.4,0.04,0.852,0.4,1.0,0.069,1.261,0.8,4.9,0.444,1.01,4.9,1.0,0.076,1.137,0.8,12.33,0.473,-0.006,0.134,98.41,0.431,0.486,0.407
Nickeil Alexander-Walker,SG,25.0,MIN,82.0,20.0,23.4,2.9,6.6,0.439,1.6,4.1,0.391,1.3,2.5,0.517,0.56,0.6,0.8,0.8,0.4,1.6,2.0,2.5,0.8,0.5,0.9,1.7,8.0,115.0,111.0,10.9,0.578,0.623,0.121,2.2,7.5,4.9,14.5,1.6,1.9,11.8,14.8,0.018292682926829267,0.03414634146341463,0.0524390243902439,0.107,-1.1,1.3,0.2,1.1,8.7,4.3,0.6219512195121951,0.1951219512195122,0.975609756097561,0.04878048780487805,0.2926829268292683,0.35365853658536583,6.048780487804878,0.04878048780487805,0.35365853658536583,17.7,0.377,0.149,0.145,0.046,0.037,0.623,0.65,0.449,0.44,0.35,0.581,0.977,0.02,0.10975609756097561,0.469,0.452,2.93,2.1,0.83,1.91,0.06,0.23,0.6,0.23,0.26,0.49,0.475,0.525,0.04,0.43,0.46,0.41,0.1,0.079,0.921,0.944,0.222,30.2,29.8,2.5,0.3,0.3,3.8,6.6,3.1,0.082,0.102,1.5,3.9,5.3,0.473,0.0,0.0,0.0,0.0,0.0,0.0,0.8,0.164,0.632,1.3,0.0,0.0,0.0,0.0,4.5,0.487,1.185,3.8,0.3,0.02,1.692,0.2,9.1,0.434,-0.028,0.145,99.98,0.321,0.6,0.278
Grayson Allen,SG,28.0,PHO,75.0,74.0,33.5,4.5,9.1,0.499,2.7,5.9,0.461,1.8,3.2,0.57,0.649,1.7,2.0,0.878,0.6,3.3,3.9,3.0,0.9,0.6,1.3,2.1,13.5,130.0,117.0,13.8,0.679,0.652,0.216,2.3,10.6,6.6,12.1,1.3,1.6,11.3,14.5,0.06266666666666666,0.029333333333333336,0.092,0.132,1.1,0.1,1.3,2.0,4.8,4.3,0.7466666666666667,0.21333333333333335,1.0,0.10666666666666667,0.84,0.25333333333333335,7.28,0.2,0.3466666666666667,18.2,0.348,0.192,0.13,0.023,0.001,0.652,0.687,0.438,0.375,0.0,0.57,0.912,0.031,0.22666666666666666,0.294,0.473,5.21,2.88,2.33,2.11,0.01,0.69,1.52,0.35,0.45,0.8,0.433,0.567,0.0,0.36,0.36,0.33,0.13,0.0,1.0,0.962,0.385,36.5,32.7,3.0,0.3,0.6,5.2,7.6,3.8,0.083,0.105,1.7,6.0,7.5,0.528,0.0,0.0,0.3,0.019,1.375,0.2,0.9,0.066,1.185,0.7,0.6,0.042,1.171,0.5,6.8,0.5,1.221,5.6,0.4,0.024,1.4,0.3,15.36,0.457,-0.013,0.117,99.96,0.266,0.607,0.262
Jarrett Allen,C,25.0,CLE,77.0,77.0,31.7,6.7,10.6,0.634,0.0,0.1,0.0,6.7,10.6,0.638,0.634,3.0,4.1,0.742,3.2,7.4,10.5,2.7,0.7,1.1,1.6,1.9,16.5,131.0,110.0,21.8,0.664,0.007,0.383,11.3,25.8,18.7,13.2,1.1,3.0,11.2,19.4,0.08831168831168831,0.050649350649350645,0.13896103896103895,0.21,2.1,0.9,3.0,3.1,5.0,6.1,0.8701298701298701,0.36363636363636365,1.12987012987013,0.2727272727272727,1.844155844155844,0.19480519480519481,6.48051948051948,0.4025974025974026,0.974025974025974,4.2,0.993,0.554,0.338,0.081,0.02,0.007,0.738,0.531,0.5,0.25,0.823,0.0,0.243,2.207792207792208,0.333,0.0,9.58,7.56,2.03,1.61,0.0,4.05,9.65,0.47,0.23,0.7,0.667,0.333,0.27,1.74,2.01,1.92,1.14,0.135,0.865,0.974,0.579,34.8,31.5,2.7,0.2,0.2,4.4,6.9,3.1,0.078,0.089,6.3,11.6,17.4,0.604,0.7,0.3,0.3,0.019,1.048,0.3,0.0,0.0,0.0,0.0,4.4,0.245,1.271,3.5,0.4,0.043,0.66,0.6,6.3,0.337,1.321,4.7,16.82,0.488,-0.012,0.128,98.66,0.817,0.0,0.776
Timmy Allen,SF,24.0,MEM,5.0,0.0,25.0,1.2,4.6,0.261,0.0,1.4,0.0,1.2,3.2,0.375,0.261,0.2,0.4,0.5,0.8,2.6,3.4,1.0,0.8,0.0,0.4,3.6,2.6,73.0,117.0,0.8,0.272,0.304,0.087,3.4,11.8,7.4,5.4,1.6,0.0,7.7,8.9,-0.04,0.02,-0.02,-0.041,-10.3,-0.7,-11.1,-0.3,-24.0,-17.3,0.2,0.0,2.6,0.0,0.2,0.4,2.6,0.0,0.2,14.6,0.696,0.13,0.174,0.261,0.13,0.304,0.333,0.5,0.333,0.333,0.333,0.0,0.0,0.0,0.714,0.0,2.2,0.2,2.0,1.2,0.0,0.0,0.0,0.6,0.0,0.6,1.0,0.0,0.0,0.8,0.8,0.8,0.0,0.0,1.0,1.0,0.0,21.0,14.0,1.0,0.2,0.0,2.6,2.8,1.2,0.048,0.057,1.8,4.2,6.0,0.567,0.0,0.0,0.0,0.0,0.0,0.0,0.0,0.0,0.0,0.0,0.0,0.0,0.0,0.0,0.0,0.0,0.0,0.0,0.0,0.0,0.0,0.0,6.2,0.516,0.058,0.06,99.48,0.923,0.0,0.615
Jose Alvarado,PG,25.0,NOP,56.0,0.0,18.4,2.5,6.2,0.412,1.4,3.7,0.377,1.1,2.5,0.464,0.525,0.6,0.9,0.673,0.4,1.8,2.3,2.1,1.1,0.3,0.7,1.6,7.1,112.0,112.0,12.5,0.54,0.6,0.151,2.7,11.0,6.9,15.3,2.8,1.4,9.8,17.3,0.010714285714285714,0.026785714285714284,0.0375,0.097,-1.5,1.5,-0.1,0.5,12.3,10.4,0.44642857142857145,0.17857142857142858,0.48214285714285715,0.017857142857142856,0.3392857142857143,0.21428571428571427,4.910714285714286,0.017857142857142856,0.39285714285714285,17.7,0.4,0.136,0.188,0.067,0.009,0.6,0.617,0.415,0.304,0.333,0.578,0.885,0.0,0.0,0.28,0.483,1.2,0.39,0.8,2.11,0.02,0.16,0.38,0.25,0.3,0.55,0.452,0.548,0.0,0.36,0.36,0.34,0.09,0.0,1.0,0.95,0.25,26.7,27.9,2.1,0.3,0.2,3.2,5.3,2.5,0.077,0.095,1.2,3.6,4.7,0.543,0.0,0.0,0.2,0.025,1.3,0.2,0.7,0.176,0.549,1.3,0.0,0.0,0.0,0.0,3.6,0.412,1.181,3.0,0.3,0.032,1.231,0.2,6.62,0.44,-0.026,0.154,100.12,0.322,0.589,0.302
Kyle Anderson,PF,30.0,MIN,79.0,10.0,22.6,2.5,5.5,0.46,0.1,0.6,0.229,2.4,4.9,0.488,0.472,1.2,1.7,0.708,0.8,2.7,3.5,4.2,0.9,0.6,1.2,1.6,6.4,114.0,109.0,12.7,0.513,0.111,0.316,4.0,13.0,8.7,25.0,2.0,2.3,15.6,14.5,0.01772151898734177,0.039240506329113925,0.056962025316455694,0.121,-1.6,2.7,1.1,1.4,5.6,-1.7,0.7215189873417721,0.25316455696202533,0.7215189873417721,0.0759493670886076,0.8227848101265823,0.08860759493670886,9.886075949367088,0.13924050632911392,0.25316455696202533,9.0,0.889,0.192,0.48,0.189,0.028,0.111,0.627,0.438,0.476,0.5,0.511,1.0,0.025,0.12658227848101267,0.688,0.303,3.61,2.01,1.59,2.0,0.0,0.75,1.78,0.15,0.14,0.29,0.522,0.478,0.06,0.3,0.37,0.35,0.15,0.172,0.828,0.966,0.414,31.4,28.9,4.2,0.4,0.3,6.3,10.6,4.9,0.134,0.155,1.7,4.8,6.2,0.581,0.2,0.2,0.5,0.085,0.82,0.6,1.1,0.202,0.706,1.5,0.4,0.044,1.269,0.3,1.5,0.247,0.821,1.8,0.9,0.095,1.232,0.7,8.84,0.454,-0.019,0.264,99.95,0.743,0.065,0.668
Giannis Antetokounmpo,PF,29.0,MIL,73.0,73.0,35.2,11.5,18.8,0.611,0.5,1.7,0.274,11.0,17.1,0.645,0.624,7.0,10.7,0.657,2.7,8.8,11.5,6.5,1.2,1.1,3.4,2.9,30.4,126.0,112.0,29.9,0.649,0.091,0.571,8.6,27.0,17.9,32.7,1.6,2.6,12.7,33.0,0.13013698630136986,0.050684931506849315,0.18082191780821916,0.246,6.7,2.4,9.0,7.2,6.2,10.0,1.0273972602739727,0.9863013698630136,1.1369863013698631,0.6164383561643836,5.164383561643835,0.0958904109589041,17.013698630136986,1.4383561643835616,1.2328767123287672,6.7,0.909,0.519,0.251,0.068,0.072,0.091,0.818,0.452,0.323,0.374,0.509,0.5,0.193,3.4383561643835616,0.024,0.0,6.47,3.6,2.86,2.18,0.01,2.05,4.99,0.51,0.34,0.85,0.597,0.403,0.45,0.51,0.96,0.9,0.68,0.471,0.529,0.943,0.714,50.1,54.6,6.5,0.4,0.9,12.9,17.9,7.8,0.13,0.155,5.4,12.6,17.6,0.654,2.8,1.5,3.3,0.126,0.979,3.4,3.8,0.121,1.154,3.3,2.4,0.072,1.229,1.9,0.0,0.0,0.0,0.0,3.8,0.096,1.489,2.6,12.48,0.462,-0.021,0.314,102.1,0.723,0.046,0.668
Thanasis Antetokounmpo,PF,31.0,MIL,34.0,0.0,4.6,0.5,0.9,0.533,0.0,0.0,0.0,0.5,0.9,0.552,0.533,0.0,0.1,0.0,0.2,0.2,0.4,0.5,0.2,0.1,0.4,0.7,0.9,92.0,117.0,5.5,0.518,0.033,0.067,5.1,4.2,4.6,13.9,2.2,2.2,31.2,12.5,-0.0058823529411764705,0.0029411764705882353,0.0,-0.01,-6.7,0.3,-6.4,-0.2,-11.8,-15.1,0.11764705882352941,0.14705882352941177,0.3235294117647059,0.029411764705882353,0.029411764705882353,0.029411764705882353,1.2941176470588236,0.0,0.08823529411764706,3.7,0.967,0.767,0.167,0.0,0.033,0.033,0.609,0.4,0.0,0.0,0.75,0.0,0.333,0.20588235294117646,1.0,0.0,0.79,0.32,0.47,0.5,0.0,0.26,0.62,0.03,0.09,0.12,0.25,0.75,0.0,0.03,0.03,0.03,0.03,0.0,1.0,1.0,1.0,3.5,3.6,0.5,0.0,0.0,0.6,1.2,0.5,0.144,0.136,1.6,1.2,2.7,0.433,0.1,0.1,0.0,0.0,0.0,0.0,0.0,0.0,0.0,0.0,0.0,0.0,0.0,0.0,0.0,0.0,0.0,0.0,0.0,0.0,0.0,0.0,2.67,0.313,-0.136,0.156,101.6,1.0,0.0,1.0
Cole Anthony,PG,23.0,ORL,81.0,0.0,22.4,4.1,9.4,0.435,1.1,3.4,0.338,3.0,6.0,0.49,0.496,2.2,2.7,0.826,0.8,3.0,3.8,2.9,0.8,0.5,1.6,2.2,11.6,110.0,111.0,14.6,0.545,0.36,0.286,4.1,16.1,10.1,19.8,1.7,1.9,12.8,23.7,0.011111111111111112,0.03333333333333333,0.044444444444444446,0.096,-0.6,0.7,0.1,1.0,1.9,0.3,0.8395061728395061,0.48148148148148145,1.0864197530864197,0.08641975308641975,1.0740740740740742,0.13580246913580246,7.0246913580246915,0.18518518518518517,0.3950617283950617,14.9,0.64,0.152,0.244,0.169,0.075,0.36,0.647,0.484,0.434,0.316,0.28,0.892,0.014,0.1111111111111111,0.204,0.321,2.56,1.35,1.21,1.54,0.01,0.15,0.35,0.31,0.32,0.63,0.49,0.51,0.02,0.11,0.14,0.14,0.05,0.182,0.818,1.0,0.364,32.1,34.7,2.9,0.3,0.3,5.6,7.6,3.5,0.091,0.109,1.8,5.5,7.3,0.549,0.0,0.0,1.0,0.082,1.038,1.0,3.3,0.327,0.828,4.0,0.2,0.02,0.8,0.2,2.9,0.216,1.09,2.6,0.3,0.022,1.273,0.3,9.11,0.474,0.015,0.2,97.46,0.51,0.298,0.393
OG Anunoby,SF,26.0,TOT,50.0,50.0,34.0,5.6,11.5,0.489,2.0,5.3,0.382,3.6,6.2,0.581,0.577,1.3,1.8,0.753,0.9,3.2,4.2,2.1,1.4,0.7,1.6,2.4,14.7,113.0,117.0,12.8,0.595,0.463,0.154,3.0,10.6,6.8,9.0,2.0,1.9,11.6,17.6,0.022000000000000002,0.03,0.052000000000000005,0.073,-1.0,0.5,-0.6,0.6,11.6,16.2,0.66,0.38,1.16,0.3,0.94,0.08,5.04,0.3,0.82,14.0,0.537,0.31,0.121,0.066,0.04,0.463,0.721,0.357,0.368,0.522,0.689,0.961,0.144,1.5,0.476,0.457,7.12,4.72,2.4,2.6,0.0,0.36,0.82,0.36,0.24,0.6,0.6,0.4,0.02,0.96,0.98,0.96,0.36,0.02,0.98,0.98,0.367,26.0,27.7,2.1,0.3,0.4,3.7,5.5,2.8,0.082,0.108,2.7,5.7,8.1,0.516,0.3,0.1,0.3,0.038,0.667,0.5,0.6759999999999999,0.08894,0.5689799999999999,1.2080000000000002,0.0,0.0,0.0,0.0,0.0,0.0,0.0,0.0,1.122,0.06356,1.27904,0.884,13.0,0.437,-0.038,0.084,98.71,0.491,0.417,0.431
Ryan Arcidiacono,PG,29.0,NYK,20.0,0.0,2.3,0.0,0.3,0.0,0.0,0.3,0.0,0.0,0.0,0.0,0.0,0.0,0.0,0.0,0.0,0.4,0.4,0.2,0.1,0.0,0.1,0.3,0.0,33.0,112.0,-2.0,0.0,1.0,0.0,0.0,20.0,10.0,10.4,2.2,0.0,25.0,7.7,-0.005,0.005,-0.005,-0.089,-11.5,1.9,-9.6,-0.1,7.6,2.9,0.1,0.0,0.15,0.0,0.0,0.1,0.55,0.0,0.0,26.3,0.0,0.0,0.0,0.0,0.0,1.0,0.0,0.0,0.0,0.0,0.0,0.0,0.0,0.0,0.0,0.0,0.4,0.15,0.25,0.1,0.1,0.05,0.15,0.0,0.1,0.1,0.0,1.0,0.0,0.05,0.05,0.05,0.0,0.0,1.0,1.0,0.0,2.4,1.8,0.2,0.0,0.0,0.7,0.6,0.2,0.083,0.083,0.3,1.5,1.6,0.615,0.0,0.0,0.0,0.0,0.0,0.0,0.0,0.0,0.0,0.0,0.0,0.0,0.0,0.0,0.0,0.0,0.0,0.0,0.0,0.0,0.0,0.0,1.82,0.3,-0.147,0.133,100.99,0.0,0.0,0.0
Deni Avdija,SF,23.0,WAS,75.0,75.0,30.1,5.4,10.7,0.506,1.2,3.1,0.374,4.2,7.6,0.56,0.56,2.7,3.6,0.74,1.1,6.1,7.2,3.8,0.8,0.5,2.1,2.5,14.7,112.0,119.0,14.9,0.597,0.293,0.34,3.9,22.1,12.8,17.8,1.2,1.3,14.8,20.2,0.022666666666666665,0.02,0.04266666666666667,0.068,-0.7,-0.2,-0.9,0.6,-6.3,6.9,1.16,0.6,1.24,0.24,1.92,0.16,8.96,0.6,1.0133333333333334,10.9,0.707,0.336,0.298,0.044,0.03,0.293,0.737,0.427,0.171,0.458,0.569,0.852,0.057,0.56,0.272,0.484,6.25,4.05,2.2,1.28,0.0,0.27,0.64,0.33,0.28,0.61,0.543,0.457,0.09,0.45,0.55,0.55,0.31,0.171,0.829,1.0,0.561,39.6,32.1,3.8,0.3,0.5,7.2,9.4,4.6,0.096,0.115,3.4,9.7,12.5,0.576,0.4,0.1,1.0,0.076,0.939,1.1,1.8,0.159,0.812,2.3,0.5,0.028,1.2,0.4,4.0,0.244,1.145,3.5,1.3,0.076,1.22,1.1,16.73,0.475,-0.004,0.174,105.06,0.577,0.24,0.55
Deandre Ayton,C,25.0,POR,55.0,55.0,32.4,7.8,13.6,0.57,0.0,0.2,0.1,7.7,13.4,0.576,0.571,1.2,1.4,0.823,3.2,7.9,11.1,1.6,1.0,0.8,1.8,2.0,16.7,115.0,114.0,18.9,0.587,0.013,0.105,10.4,28.9,19.1,8.8,1.5,2.1,11.2,21.1,0.03272727272727273,0.038181818181818185,0.07090909090909091,0.106,0.5,-0.2,0.3,1.0,-8.7,1.3,0.509090909090909,0.7636363636363637,1.3636363636363635,0.2545454545454545,0.7272727272727273,0.05454545454545454,4.036363636363636,0.2,0.7454545454545455,8.9,0.987,0.255,0.308,0.268,0.155,0.013,0.764,0.541,0.453,0.552,0.749,1.0,0.117,1.4545454545454546,0.4,0.25,8.65,6.25,2.4,1.58,0.0,3.82,8.6,0.44,0.38,0.82,0.533,0.467,0.47,0.84,1.31,1.27,0.93,0.361,0.639,0.972,0.708,38.0,29.7,1.6,0.1,0.3,2.8,4.3,2.0,0.043,0.052,5.9,11.2,16.3,0.671,2.5,1.5,0.2,0.025,0.545,0.4,0.0,0.0,0.0,0.0,4.4,0.264,1.056,4.2,1.4,0.096,0.941,1.5,3.0,0.153,1.252,2.4,18.53,0.47,-0.021,0.086,97.76,0.926,0.003,0.689
Udoka Azubuike,C,24.0,PHO,16.0,0.0,7.1,1.0,1.4,0.696,0.0,0.0,0.0,1.0,1.4,0.696,0.696,0.2,0.8,0.231,0.7,1.3,2.0,0.2,0.1,0.4,0.3,1.1,2.2,118.0,114.0,12.3,0.609,0.0,0.565,11.6,20.0,16.0,3.6,0.4,4.7,12.2,12.6,0.00625,0.00625,0.0125,0.1,-3.0,-0.1,-3.2,0.0,-17.1,-21.0,0.0,0.125,0.75,0.125,0.375,0.0625,0.375,0.0625,0.1875,2.7,1.0,0.696,0.261,0.043,0.0,0.0,0.813,0.5,0.0,0.0,0.563,0.0,0.522,0.625,0.0,0.0,1.88,1.44,0.44,0.31,0.0,1.31,2.88,0.06,0.0,0.06,1.0,0.0,0.06,0.25,0.31,0.25,0.13,0.2,0.8,1.0,0.5,4.4,3.4,0.2,0.0,0.0,0.2,0.4,0.2,0.042,0.042,1.7,3.2,4.8,0.667,0.1,0.1,0.0,0.0,0.0,0.0,0.0,0.0,0.0,0.0,0.0,0.0,0.0,0.0,0.0,0.0,0.0,0.0,0.0,0.0,0.0,0.0,4.73,0.408,-0.08,0.038,101.68,0.914,0.0,0.914
Ibou Badji,C,21.0,POR,22.0,1.0,10.3,0.6,1.0,0.636,0.0,0.0,0.0,0.6,1.0,0.636,0.636,0.3,0.5,0.5,0.9,1.4,2.3,0.6,0.1,0.9,0.7,2.1,1.5,104.0,115.0,8.1,0.623,0.0,0.545,9.4,16.3,12.6,7.7,0.7,8.0,35.5,8.0,0.0,0.009090909090909092,0.009090909090909092,0.046,-7.7,1.9,-5.8,-0.2,-20.0,-11.3,0.09090909090909091,0.3181818181818182,1.3636363636363635,0.18181818181818182,0.22727272727272727,0.045454545454545456,1.2727272727272727,0.0,0.13636363636363635,4.2,1.0,0.591,0.227,0.136,0.045,0.0,0.769,0.2,0.667,1.0,0.5,0.0,0.409,0.3181818181818182,0.0,0.0,2.59,1.91,0.68,0.45,0.05,1.82,3.95,0.14,0.09,0.23,0.6,0.4,0.0,0.5,0.5,0.41,0.14,0.0,1.0,0.818,0.273,8.5,5.0,0.6,0.0,0.0,0.5,1.4,0.6,0.069,0.074,2.7,3.5,6.2,0.548,0.0,0.0,0.0,0.0,0.0,0.0,0.0,0.0,0.0,0.0,0.4,0.256,0.727,0.5,0.0,0.0,0.0,0.0,0.5,0.256,0.909,0.5,6.68,0.465,-0.027,0.088,100.97,0.824,0.0,0.647
Marvin Bagley III,C,24.0,TOT,50.0,25.0,21.1,4.8,8.2,0.586,0.2,0.5,0.391,4.6,7.7,0.597,0.597,1.9,2.5,0.762,2.6,3.6,6.2,1.1,0.4,0.7,1.2,1.6,11.7,122.0,119.0,19.4,0.629,0.056,0.309,13.1,19.2,16.1,8.1,0.9,2.6,11.3,21.0,0.04,0.013999999999999999,0.054000000000000006,0.122,1.0,-1.4,-0.4,0.4,-6.7,2.8,0.38,0.26,0.86,0.36,1.28,0.2,2.56,0.3,0.76,5.1,0.944,0.544,0.292,0.091,0.017,0.056,0.721,0.454,0.405,0.143,0.665,1.0,0.189,1.42,0.304,0.429,6.98,4.7,2.28,0.84,0.18,2.76,6.24,0.34,0.16,0.5,0.68,0.32,0.4,1.18,1.58,1.52,0.78,0.253,0.747,0.974,0.5,22.3,18.3,1.1,0.0,0.1,1.4,2.7,1.2,0.049,0.056,4.9,5.9,10.6,0.6,0.7,0.5,0.3,0.071,0.35,0.8,0.0,0.0,0.0,0.0,2.344,0.18952,1.20744,1.952,0.884,0.09376000000000001,0.86968,0.9880000000000001,2.7439999999999998,0.20264,1.3217599999999998,2.092,12.52,0.489,-0.007,0.079,102.87,0.789,0.046,0.755
Amari Bailey,PG,19.0,CHO,10.0,0.0,6.5,0.8,2.4,0.333,0.1,0.8,0.125,0.7,1.6,0.438,0.354,0.6,0.7,0.857,0.6,0.3,0.9,0.7,0.3,0.0,0.4,0.2,2.3,96.0,122.0,9.7,0.425,0.333,0.292,10.1,5.3,7.8,15.2,2.3,0.0,12.9,21.1,-0.01,0.0,-0.01,-0.044,-5.2,-3.1,-8.3,-0.1,5.6,16.5,0.3,0.1,0.1,0.0,0.3,0.0,1.8,0.1,0.0,13.5,0.667,0.333,0.042,0.167,0.125,0.333,0.5,1.0,0.25,0.333,0.286,1.0,0.125,0.2,0.125,1.0,0.7,0.2,0.5,0.3,0.0,0.0,0.0,0.1,0.1,0.2,0.5,0.5,0.0,0.0,0.0,0.0,0.0,0.0,0.0,0.0,0.0,4.2,5.9,0.7,0.0,0.0,0.8,1.9,0.7,0.167,0.167,2.0,2.0,4.0,0.75,0.0,0.0,0.0,0.0,0.0,0.0,0.0,0.0,0.0,0.0,0.0,0.0,0.0,0.0,0.0,0.0,0.0,0.0,0.0,0.0,0.0,0.0,2.86,0.4,-0.035,0.152,98.77,0.609,0.13,0.522
Patrick Baldwin Jr,SF,21.0,WAS,38.0,7.0,13.0,1.6,4.1,0.381,0.8,2.6,0.32,0.7,1.5,0.483,0.481,0.5,0.7,0.679,0.4,2.8,3.2,0.8,0.5,0.4,0.5,1.5,4.4,100.0,116.0,9.7,0.502,0.626,0.181,3.6,23.5,13.3,7.6,1.7,2.5,10.2,15.9,-0.007894736842105263,0.013157894736842105,0.005263157894736842,0.019,-4.0,-0.6,-4.6,-0.3,-2.9,7.2,0.15789473684210525,0.18421052631578946,0.9736842105263158,0.10526315789473684,0.39473684210526316,0.05263157894736842,1.9473684210526316,0.21052631578947367,0.10526315789473684,18.0,0.374,0.219,0.097,0.026,0.032,0.626,0.676,0.267,0.25,0.0,0.714,1.0,0.058,0.23684210526315788,0.165,0.375,,,,,,,,,,,,,,,,,,,,,,,,,,,,,,,,,,,,,,,,,,,,,,,,,,,,,,,,,,,,,,,,,
LaMelo Ball,PG,22.0,CHO,22.0,22.0,32.3,8.3,19.2,0.433,3.2,9.0,0.355,5.1,10.3,0.5,0.515,4.1,4.7,0.865,1.3,3.8,5.1,8.0,1.8,0.2,3.8,3.6,23.9,110.0,118.0,20.8,0.561,0.466,0.246,4.4,13.7,8.9,43.1,2.8,0.5,15.0,34.3,0.02727272727272727,0.022727272727272728,0.05,0.074,3.8,-0.5,3.3,1.0,-9.2,1.7,1.6818181818181819,1.0,1.1818181818181819,0.5,1.8181818181818181,0.22727272727272727,18.0,0.3181818181818182,0.6363636363636364,15.4,0.534,0.191,0.265,0.054,0.024,0.466,0.654,0.455,0.348,0.1,0.159,0.586,0.002,0.0,0.157,0.484,2.82,1.14,1.68,2.86,0.0,0.36,0.73,0.27,0.45,0.73,0.375,0.625,0.0,0.09,0.09,0.09,0.0,0.0,1.0,1.0,0.0,56.1,70.0,8.0,1.0,0.8,14.0,20.0,9.8,0.143,0.175,2.6,5.6,8.2,0.628,0.0,0.0,1.5,0.08,0.75,2.0,10.9,0.448,0.976,11.1,0.0,0.0,0.0,0.0,4.2,0.159,1.057,4.0,0.0,0.0,0.0,0.0,9.64,0.585,0.114,0.395,103.0,0.43,0.399,0.414
Mo Bamba,C,25.0,PHI,57.0,17.0,13.0,1.7,3.5,0.49,0.4,1.1,0.391,1.3,2.4,0.537,0.553,0.6,0.9,0.68,1.4,2.8,4.2,0.7,0.4,1.1,0.7,1.8,4.4,116.0,109.0,15.4,0.575,0.323,0.253,11.3,24.5,17.8,7.6,1.5,7.4,15.1,15.1,0.010526315789473684,0.02280701754385965,0.03508771929824561,0.128,-2.3,1.4,-1.0,0.2,-3.7,-8.2,0.21052631578947367,0.08771929824561403,0.9649122807017544,0.3333333333333333,0.43859649122807015,0.03508771929824561,1.7894736842105263,0.08771929824561403,0.21052631578947367,10.6,0.677,0.475,0.146,0.02,0.035,0.323,0.617,0.345,0.75,0.143,0.611,1.0,0.187,0.5789473684210527,0.125,0.125,3.68,2.91,0.77,0.4,0.0,1.46,3.44,0.14,0.09,0.23,0.615,0.385,0.37,0.81,1.18,1.14,0.74,0.313,0.687,0.97,0.627,14.7,10.6,0.7,0.1,0.0,1.0,1.9,0.8,0.05,0.056,3.5,5.7,8.9,0.509,0.2,0.0,0.0,0.0,0.0,0.0,0.0,0.0,0.0,0.0,1.1,0.251,0.954,1.1,0.4,0.108,0.893,0.5,1.1,0.205,1.226,0.9,7.09,0.501,0.0,0.083,97.77,0.569,0.296,0.545
Paolo Banchero,PF,21.0,ORL,80.0,80.0,35.0,8.0,17.6,0.455,1.5,4.4,0.339,6.5,13.2,0.493,0.497,5.1,7.0,0.725,1.0,5.9,6.9,5.4,0.9,0.6,3.1,1.9,22.6,109.0,112.0,17.3,0.546,0.249,0.397,3.4,20.0,11.6,25.2,1.3,1.6,13.0,29.7,0.01625,0.05,0.06625,0.09,1.3,0.0,1.3,2.3,-0.3,-7.3,1.425,1.1375,1.15,0.2625,3.3625,0.0,13.175,0.6375,1.0875,12.6,0.751,0.225,0.235,0.183,0.108,0.249,0.703,0.403,0.395,0.421,0.363,0.655,0.063,1.0,0.068,0.25,5.95,3.0,2.95,1.4,0.0,0.8,1.79,0.26,0.29,0.55,0.477,0.523,0.06,0.49,0.55,0.53,0.26,0.114,0.886,1.0,0.5,49.8,55.3,5.4,0.5,0.6,10.2,14.1,6.5,0.108,0.13,3.1,9.2,11.8,0.586,2.2,1.1,3.2,0.149,0.894,3.6,5.4,0.272,0.832,6.5,1.1,0.049,0.947,1.2,3.1,0.126,1.033,3.0,1.3,0.043,1.277,1.0,14.14,0.483,0.0,0.254,98.2,0.578,0.198,0.429
Desmond Bane,SG,25.0,MEM,42.0,42.0,34.4,8.6,18.5,0.464,3.3,8.6,0.381,5.3,9.9,0.536,0.552,3.3,3.8,0.87,0.9,3.5,4.4,5.5,1.0,0.5,2.7,2.9,23.7,114.0,116.0,18.5,0.589,0.464,0.207,2.6,11.8,7.0,29.2,1.5,1.4,11.7,28.5,0.04285714285714286,0.030952380952380953,0.07380952380952381,0.102,3.1,-0.3,2.8,1.7,-7.7,-0.7,1.119047619047619,0.7380952380952381,1.3571428571428572,0.42857142857142855,1.4523809523809523,0.23809523809523808,13.523809523809524,0.30952380952380953,1.4523809523809523,15.9,0.536,0.216,0.168,0.061,0.091,0.464,0.72,0.377,0.553,0.38,0.404,0.613,0.009,0.16666666666666666,0.144,0.442,5.52,2.57,2.95,1.86,0.14,0.38,0.83,0.48,0.48,0.95,0.5,0.5,0.05,0.36,0.4,0.38,0.17,0.118,0.882,0.941,0.412,51.5,60.3,5.5,0.3,0.7,10.5,14.4,6.5,0.106,0.126,2.4,6.6,8.8,0.5,0.0,0.0,1.0,0.063,0.667,1.4,6.5,0.29,0.989,6.5,0.0,0.0,0.0,0.0,0.0,0.0,0.0,0.0,0.7,0.027,1.192,0.6,12.12,0.464,-0.008,0.272,100.82,0.447,0.412,0.363
Dalano Banton,PG,24.0,TOT,54.0,9.0,19.4,3.7,9.3,0.404,1.1,3.7,0.296,2.6,5.6,0.475,0.463,1.7,2.2,0.783,0.8,2.5,3.3,2.4,0.6,0.4,1.4,1.2,10.3,103.0,117.0,13.3,0.504,0.398,0.24,4.2,15.2,9.5,19.4,1.6,1.7,12.2,25.7,-0.007407407407407408,0.016666666666666666,0.009259259259259259,0.024,-0.7,-0.6,-1.3,0.2,-11.2,-6.4,0.8703703703703703,0.35185185185185186,0.7407407407407407,0.14814814814814814,1.0740740740740742,0.018518518518518517,5.666666666666667,0.24074074074074073,0.6481481481481481,13.7,0.602,0.232,0.268,0.068,0.034,0.398,0.655,0.396,0.294,0.235,0.336,0.847,0.034,0.3148148148148148,0.146,0.345,2.72,1.39,1.33,1.3,0.02,0.04,0.09,0.19,0.28,0.46,0.4,0.6,0.04,0.24,0.28,0.26,0.13,0.133,0.867,0.933,0.467,28.0,30.6,2.3,0.3,0.3,4.5,6.1,2.9,0.083,0.104,2.0,4.8,6.7,0.622,0.0,0.0,0.8,0.086,0.479,1.6,2.4377358490566037,0.26592452830188684,0.7017735849056604,3.190566037735849,0.0,0.0,0.0,0.0,0.3,0.182,0.667,0.5,0.7,0.029,1.375,0.5,6.96,0.46,0.002,0.2,98.51,0.513,0.318,0.492
Dominick Barlow,PF,20.0,SAS,33.0,1.0,12.7,1.7,3.4,0.496,0.1,0.3,0.333,1.6,3.2,0.51,0.509,0.9,1.3,0.69,1.4,2.1,3.4,1.1,0.4,0.4,0.3,1.4,4.4,125.0,116.0,14.6,0.548,0.08,0.372,11.5,17.7,14.5,11.7,1.4,2.8,6.4,14.1,0.02121212121212121,0.012121212121212121,0.03333333333333333,0.126,-1.7,0.0,-1.7,0.0,-4.7,1.8,0.15151515151515152,0.0,0.9090909090909091,0.09090909090909091,0.5454545454545454,0.06060606060606061,2.5757575757575757,0.06060606060606061,0.24242424242424243,7.4,0.92,0.398,0.257,0.221,0.044,0.08,0.578,0.483,0.48,0.2,0.698,1.0,0.088,0.2727272727272727,0.889,0.375,4.82,3.61,1.21,0.73,0.0,1.82,3.91,0.15,0.24,0.39,0.385,0.615,0.09,0.91,1.0,0.97,0.24,0.091,0.909,0.97,0.242,13.0,9.5,1.0,0.1,0.1,1.6,2.5,1.1,0.077,0.087,2.7,4.1,6.7,0.559,0.1,0.1,0.0,0.0,0.0,0.0,0.0,0.0,0.0,0.0,1.3,0.241,1.265,1.0,0.5,0.191,0.667,0.8,1.1,0.206,1.276,0.9,8.77,0.498,0.002,0.114,101.2,0.736,0.063,0.611
Harrison Barnes,PF,31.0,SAC,82.0,82.0,29.0,4.2,8.9,0.474,1.8,4.7,0.387,2.4,4.2,0.571,0.576,1.9,2.4,0.801,0.8,2.2,3.0,1.2,0.7,0.1,0.7,1.2,12.2,122.0,119.0,11.9,0.611,0.526,0.268,3.1,8.8,5.9,5.6,1.1,0.5,6.6,15.7,0.03780487804878049,0.018292682926829267,0.05731707317073171,0.094,-0.6,-1.2,-1.8,0.1,-1.8,-7.8,0.2804878048780488,0.2804878048780488,0.7317073170731707,0.06097560975609756,1.048780487804878,0.14634146341463414,2.902439024390244,0.23170731707317074,0.32926829268292684,15.9,0.474,0.182,0.223,0.052,0.018,0.526,0.684,0.515,0.421,0.538,0.631,0.966,0.034,0.25609756097560976,0.421,0.42,5.26,3.32,1.94,1.23,0.0,0.52,1.24,0.24,0.17,0.41,0.588,0.412,0.09,0.65,0.73,0.71,0.28,0.117,0.883,0.967,0.383,23.9,22.2,1.2,0.1,0.2,2.6,3.1,1.5,0.05,0.062,2.2,4.2,6.2,0.523,0.6,0.4,0.3,0.034,0.862,0.4,0.6,0.05,1.093,0.5,0.2,0.019,1.125,0.2,4.9,0.42,1.103,4.4,0.8,0.055,1.383,0.6,11.63,0.488,0.005,0.056,100.69,0.396,0.447,0.348
Scottie Barnes,SG,22.0,TOR,60.0,60.0,34.9,7.5,15.7,0.475,1.7,4.9,0.341,5.8,10.8,0.536,0.528,3.3,4.2,0.781,2.4,5.9,8.2,6.1,1.3,1.5,2.8,2.0,19.9,114.0,116.0,19.5,0.566,0.314,0.266,7.3,18.9,13.0,26.2,1.7,3.7,13.6,24.8,0.03833333333333333,0.03333333333333333,0.07166666666666667,0.098,2.9,0.8,3.7,3.0,-3.1,7.0,1.7333333333333334,0.5166666666666667,0.6666666666666666,0.26666666666666666,1.85,0.26666666666666666,14.416666666666666,0.5,0.8,12.4,0.686,0.271,0.268,0.079,0.069,0.314,0.733,0.429,0.297,0.446,0.462,0.911,0.084,1.2166666666666666,0.149,0.364,7.08,4.37,2.72,2.25,0.02,0.72,1.63,0.27,0.55,0.82,0.327,0.673,0.43,1.5,1.93,1.85,1.0,0.224,0.776,0.982,0.531,52.8,51.1,6.1,0.7,0.6,10.7,15.3,7.3,0.115,0.137,3.9,9.9,13.6,0.608,1.7,0.7,1.2,0.085,0.696,1.7,2.7,0.162,0.836,3.3,0.7,0.036,0.932,0.7,4.2,0.197,1.05,4.0,1.7,0.056,1.493,1.1,16.88,0.495,0.012,0.253,101.17,0.581,0.254,0.51
RJ Barrett,SG,23.0,TOT,58.0,58.0,31.7,7.5,15.2,0.495,1.6,4.3,0.36,6.0,10.9,0.549,0.547,3.6,5.0,0.715,0.9,4.5,5.4,3.3,0.5,0.4,2.2,2.2,20.2,112.0,119.0,16.4,0.58,0.284,0.331,3.1,16.0,9.5,16.7,0.8,1.1,11.1,26.5,0.027586206896551727,0.020689655172413793,0.049999999999999996,0.075,0.7,-1.5,-0.8,0.6,-3.3,-1.8,1.103448275862069,0.5689655172413793,1.1551724137931034,0.2413793103448276,2.6206896551724137,0.13793103448275862,8.137931034482758,0.5172413793103449,1.5517241379310345,10.2,0.716,0.364,0.276,0.057,0.019,0.284,0.694,0.42,0.3,0.412,0.592,0.989,0.05,0.6724137931034483,0.352,0.409,5.57,3.14,2.43,1.43,0.03,0.31,0.71,0.43,0.26,0.69,0.625,0.375,0.09,0.4,0.48,0.47,0.28,0.179,0.821,0.964,0.571,31.9,36.8,3.3,0.2,0.6,5.7,8.4,4.0,0.104,0.126,2.8,7.2,9.7,0.56,0.6,0.3,0.5929824561403508,0.03505263157894737,0.7853508771929825,0.712280701754386,2.150877192982456,0.14526315789473684,0.7737543859649123,2.782456140350877,0.0,0.0,0.0,0.0,5.336842105263158,0.2550701754385965,1.0913508771929825,4.950877192982456,1.9421052631578948,0.07457894736842104,1.2978070175438596,1.5052631578947369,13.24,0.49,0.017,0.159,101.83,0.591,0.231,0.569
Charles Bassey,C,23.0,SAS,19.0,0.0,10.8,1.5,2.1,0.725,0.0,0.1,0.0,1.5,2.1,0.744,0.725,0.3,0.3,0.833,1.2,2.8,4.0,1.1,0.4,0.9,0.8,1.6,3.3,126.0,109.0,17.7,0.739,0.025,0.15,12.0,28.2,20.0,14.1,1.9,6.9,26.0,11.9,0.015789473684210527,0.021052631578947368,0.03684210526315789,0.157,-1.8,3.1,1.3,0.2,-10.5,-4.4,0.5263157894736842,0.10526315789473684,1.0526315789473684,0.10526315789473684,0.15789473684210525,0.0,2.736842105263158,0.10526315789473684,0.05263157894736842,5.0,0.975,0.65,0.1,0.2,0.025,0.025,0.846,0.75,0.5,0.0,0.793,0.0,0.25,0.5263157894736842,0.0,0.0,2.74,2.26,0.47,1.0,0.0,1.58,3.53,0.16,0.0,0.16,1.0,0.0,0.32,0.58,0.89,0.79,0.68,0.353,0.647,0.938,0.813,16.1,7.9,1.1,0.0,0.1,1.8,2.7,1.2,0.069,0.075,3.6,4.3,7.6,0.589,0.0,0.0,0.0,0.0,0.0,0.0,0.0,0.0,0.0,0.0,1.2,0.263,1.533,0.8,0.0,0.0,0.0,0.0,1.3,0.263,1.6,0.8,5.33,0.5,-0.011,0.136,105.69,0.921,0.0,0.921
Emoni Bates,SF,20.0,CLE,15.0,0.0,8.9,1.0,3.3,0.306,0.7,2.2,0.303,0.3,1.1,0.313,0.408,0.1,0.3,0.25,0.1,0.9,0.9,0.7,0.1,0.1,0.5,0.3,2.7,80.0,117.0,2.6,0.404,0.673,0.082,0.9,10.9,5.9,10.0,0.4,1.4,13.6,19.5,-0.02666666666666667,0.006666666666666667,-0.02,-0.092,-6.2,-3.0,-9.2,-0.2,-32.3,-36.1,0.26666666666666666,0.26666666666666666,0.26666666666666666,0.0,0.13333333333333333,0.13333333333333333,1.6666666666666667,0.0,0.2,20.5,0.327,0.143,0.041,0.041,0.102,0.673,0.286,0.0,0.5,0.4,0.2,1.0,0.02,0.0,0.182,0.5,1.27,0.4,0.87,0.33,0.0,0.0,0.0,0.0,0.07,0.07,0.0,1.0,0.0,0.07,0.07,0.07,0.07,0.0,1.0,1.0,1.0,6.5,8.1,0.7,0.0,0.0,1.0,1.7,0.7,0.103,0.103,1.1,2.3,3.4,0.583,0.0,0.0,0.0,0.0,0.0,0.0,0.0,0.0,0.0,0.0,0.0,0.0,0.0,0.0,0.0,0.0,0.0,0.0,0.0,0.0,0.0,0.0,3.0,0.528,0.1,0.12,97.76,0.244,0.732,0.098
Keita Bates-Diop,SF,28.0,TOT,53.0,8.0,12.5,1.4,3.1,0.434,0.4,1.3,0.304,1.0,1.8,0.526,0.497,0.6,0.8,0.762,0.6,1.5,2.1,0.7,0.5,0.4,0.3,0.7,3.7,116.0,114.0,11.5,0.534,0.416,0.253,5.5,12.8,9.3,7.4,1.8,2.9,7.5,13.0,0.009433962264150943,0.01509433962264151,0.024528301886792454,0.091,-1.5,0.4,-1.0,0.2,-4.3,-7.9,0.07547169811320754,0.1320754716981132,0.4339622641509434,0.018867924528301886,0.39622641509433965,0.0,1.7358490566037736,0.1509433962264151,0.3018867924528302,12.2,0.584,0.343,0.181,0.06,0.0,0.416,0.632,0.333,0.5,0.0,0.627,0.952,0.096,0.2830188679245283,0.623,0.326,2.45,1.51,0.94,0.68,0.0,0.32,0.79,0.17,0.11,0.28,0.6,0.4,0.02,0.19,0.21,0.21,0.08,0.091,0.909,1.0,0.364,9.3,7.6,0.7,0.0,0.1,1.2,1.6,0.7,0.077,0.077,1.7,3.3,5.0,0.52,0.0,0.0,0.0,0.0,0.0,0.0,0.0,0.0,0.0,0.0,0.0,0.0,0.0,0.0,2.3,0.462,1.088,2.1,0.5,0.081,1.357,0.4,5.85,0.452,-0.014,0.084,98.77,0.518,0.32,0.497
Nicolas Batum,PF,35.0,TOT,60.0,38.0,25.5,1.9,4.3,0.453,1.2,3.1,0.395,0.7,1.2,0.606,0.596,0.3,0.4,0.714,1.2,3.0,4.1,2.1,0.8,0.6,0.7,1.8,5.3,126.0,115.0,10.2,0.603,0.723,0.082,5.0,13.1,9.0,10.7,1.5,2.3,13.1,8.6,0.028333333333333332,0.02666666666666667,0.055,0.103,-1.3,0.8,-0.4,0.6,5.7,4.3,0.5166666666666667,0.08333333333333333,0.7333333333333333,0.03333333333333333,0.13333333333333333,0.03333333333333333,4.833333333333333,0.016666666666666666,0.03333333333333333,19.0,0.277,0.191,0.043,0.027,0.016,0.723,0.653,0.636,0.429,0.25,0.628,1.0,0.035,0.15,0.535,0.434,4.23,2.28,1.95,1.9,0.02,0.5,1.22,0.12,0.32,0.43,0.269,0.731,0.08,0.43,0.52,0.5,0.22,0.161,0.839,0.968,0.419,26.0,18.5,2.1,0.3,0.2,3.3,5.1,2.5,0.08,0.095,2.4,4.5,6.6,0.636,0.0,0.1,0.0,0.0,0.0,0.0,0.0,0.0,0.0,0.0,0.4,0.047,1.429,0.2,2.9,0.459,1.221,2.4,0.0,0.0,0.0,0.0,9.41,0.447,-0.02,0.105,98.51,0.269,0.684,0.244
Darius Bazley,PF,23.0,TOT,9.0,0.0,16.9,2.0,3.3,0.6,0.2,0.9,0.25,1.8,2.4,0.727,0.633,1.1,1.3,0.833,0.9,2.2,3.1,0.8,0.7,0.8,0.9,0.3,5.3,121.0,118.0,13.9,0.68,0.267,0.4,5.8,14.4,10.1,6.0,1.9,4.1,18.5,11.9,0.022222222222222223,0.011111111111111112,0.03333333333333333,0.084,-0.9,0.5,-0.4,0.1,-8.4,-4.2,0.3333333333333333,0.4444444444444444,0.2222222222222222,0.0,0.6666666666666666,0.0,2.111111111111111,0.2222222222222222,0.4444444444444444,9.9,0.733,0.333,0.333,0.067,0.0,0.267,0.9,0.6,0.5,0.0,0.5,1.0,0.233,0.6666666666666666,0.625,0.4,4.44,2.67,1.78,0.89,0.0,0.78,1.67,0.22,0.22,0.44,0.5,0.5,0.11,0.22,0.33,0.33,0.22,0.333,0.667,1.0,0.667,18.9,11.9,0.8,0.2,0.1,2.3,2.8,1.1,0.041,0.059,3.2,5.2,8.2,0.571,0.1,0.0,0.0,0.0,0.0,0.0,0.0,0.0,0.0,0.0,0.0,0.0,0.0,0.0,0.0,0.0,0.0,0.0,0.0,0.0,0.0,0.0,9.63,0.506,0.046,0.062,99.27,0.667,0.125,0.667
Bradley Beal,SG,30.0,PHO,53.0,53.0,33.3,7.1,13.9,0.513,1.9,4.4,0.43,5.2,9.4,0.552,0.582,2.1,2.5,0.813,1.0,3.4,4.4,5.0,1.0,0.5,2.5,2.4,18.2,117.0,117.0,16.3,0.607,0.32,0.182,3.6,10.8,7.4,22.5,1.4,1.3,14.2,22.7,0.045283018867924525,0.02830188679245283,0.07358490566037736,0.107,0.9,-0.6,0.4,1.1,3.2,0.0,1.2641509433962264,0.6226415094339622,1.320754716981132,0.2641509433962264,1.2264150943396226,0.24528301886792453,12.132075471698114,0.24528301886792453,0.6981132075471698,13.5,0.68,0.233,0.193,0.132,0.122,0.32,0.725,0.472,0.474,0.433,0.442,0.861,0.034,0.41509433962264153,0.311,0.438,4.3,1.96,2.34,1.96,0.11,0.4,0.85,0.4,0.28,0.68,0.583,0.417,0.02,0.17,0.19,0.17,0.08,0.1,0.9,1.0,0.444,47.7,51.7,5.0,0.4,1.1,8.1,12.5,6.3,0.105,0.132,2.5,6.3,8.5,0.523,0.1,0.1,1.6,0.109,0.832,1.9,4.3,0.24,1.018,4.2,0.2,0.013,0.917,0.2,0.0,0.0,0.0,0.0,0.0,0.0,0.0,0.0,13.79,0.471,0.003,0.215,100.08,0.573,0.314,0.444
Malik Beasley,SG,27.0,MIL,79.0,77.0,29.6,4.1,9.1,0.443,2.8,6.9,0.413,1.2,2.3,0.533,0.598,0.3,0.4,0.714,0.5,3.2,3.7,1.4,0.7,0.1,0.7,2.0,11.3,117.0,118.0,10.3,0.603,0.751,0.048,2.0,11.4,6.8,6.1,1.2,0.3,6.8,14.6,0.024050632911392405,0.020253164556962026,0.04430379746835443,0.073,-1.0,-0.8,-1.8,0.1,6.5,9.2,0.3291139240506329,0.22784810126582278,0.9493670886075949,0.012658227848101266,0.13924050632911392,0.08860759493670886,3.3417721518987342,0.0379746835443038,0.34177215189873417,20.7,0.249,0.073,0.1,0.04,0.036,0.751,0.736,0.472,0.414,0.423,0.688,0.951,0.008,0.06329113924050633,0.399,0.472,2.89,1.49,1.39,1.39,0.03,0.27,0.63,0.13,0.24,0.37,0.345,0.655,0.01,0.2,0.22,0.2,0.05,0.059,0.941,0.941,0.235,20.6,20.4,1.4,0.1,0.3,2.3,3.5,1.8,0.067,0.086,1.3,5.3,6.5,0.568,0.0,0.0,0.1,0.015,0.417,0.2,0.5,0.08,0.661,0.8,0.1,0.031,0.458,0.3,5.9,0.458,1.295,4.6,0.0,0.0,0.0,0.0,10.95,0.481,0.012,0.059,102.26,0.216,0.756,0.169
MarJon Beauchamp,SF,23.0,MIL,48.0,1.0,12.7,1.7,3.5,0.488,0.6,1.6,0.4,1.1,1.9,0.56,0.578,0.4,0.6,0.679,0.5,1.6,2.1,0.6,0.3,0.1,0.6,1.1,4.4,111.0,118.0,9.7,0.592,0.452,0.169,4.1,13.6,8.9,6.7,1.0,1.0,13.2,14.6,0.004166666666666667,0.010416666666666666,0.014583333333333332,0.056,-2.3,-0.9,-3.2,-0.2,-0.9,-4.3,0.22916666666666666,0.20833333333333334,0.5833333333333334,0.020833333333333332,0.2916666666666667,0.020833333333333332,1.5,0.020833333333333332,0.3541666666666667,14.8,0.548,0.277,0.127,0.054,0.09,0.452,0.63,0.476,0.556,0.467,0.588,0.967,0.096,0.25,0.387,0.448,1.58,0.73,0.85,0.75,0.02,0.04,0.08,0.1,0.13,0.23,0.455,0.545,0.02,0.19,0.21,0.21,0.06,0.1,0.9,1.0,0.3,8.0,8.3,0.6,0.0,0.0,1.4,1.6,0.7,0.081,0.091,1.6,2.9,4.3,0.572,0.0,0.0,0.0,0.0,0.0,0.0,0.2,0.059,0.667,0.3,0.0,0.0,0.0,0.0,1.5,0.337,1.015,1.4,0.4,0.074,1.133,0.3,5.69,0.457,-0.002,0.067,103.51,0.483,0.427,0.389
Jules Bernard,SG,24.0,WAS,19.0,0.0,7.8,1.5,3.4,0.453,0.6,1.5,0.379,0.9,1.8,0.514,0.539,0.3,0.5,0.556,0.5,0.8,1.4,0.8,0.2,0.1,0.4,0.7,3.9,109.0,122.0,12.7,0.544,0.453,0.141,7.0,11.8,9.3,15.4,0.9,0.5,10.5,21.5,0.0,0.0,0.005263157894736842,0.026,-0.6,-2.5,-3.0,0.0,4.7,14.5,0.15789473684210525,0.15789473684210525,0.42105263157894735,0.05263157894736842,0.3157894736842105,0.10526315789473684,2.0526315789473686,0.15789473684210525,0.10526315789473684,14.0,0.547,0.328,0.172,0.031,0.016,0.453,0.571,0.455,0.5,0.0,0.278,0.909,0.016,0.05263157894736842,0.172,0.6,1.16,0.68,0.47,0.58,0.05,0.05,0.16,0.16,0.0,0.16,1.0,0.0,0.11,0.16,0.26,0.26,0.11,0.4,0.6,1.0,0.4,7.6,9.0,0.8,0.1,0.2,1.5,2.3,1.1,0.111,0.139,1.4,2.1,3.3,0.65,0.0,0.0,0.0,0.0,0.0,0.0,0.0,0.0,0.0,0.0,0.0,0.0,0.0,0.0,0.0,0.0,0.0,0.0,0.0,0.0,0.0,0.0,3.93,0.542,0.079,0.142,105.63,0.486,0.446,0.459
Dāvis Bertāns,PF,31.0,TOT,43.0,1.0,15.7,2.1,5.4,0.393,1.8,4.7,0.38,0.4,0.8,0.471,0.556,0.7,0.8,0.909,0.2,1.2,1.4,0.8,0.6,0.3,0.4,1.3,6.7,114.0,120.0,11.6,0.583,0.855,0.141,1.5,8.8,5.1,7.2,1.9,1.7,6.8,17.4,0.011627906976744186,0.009302325581395349,0.020930232558139535,0.061,-0.8,-0.6,-1.4,0.1,-7.6,0.7,0.20930232558139536,0.06976744186046512,0.5581395348837209,0.11627906976744186,0.2558139534883721,0.11627906976744186,1.930232558139535,0.046511627906976744,0.18604651162790697,23.7,0.145,0.064,0.038,0.004,0.038,0.855,0.6,0.444,0.0,0.333,0.938,0.961,0.017,0.06976744186046512,0.225,0.333,,,,,,,,,,,,,,,,,,,,,,,,,,,,,,,,,,,,,,,,,,,,,,,,,,,,,,,,,,,,,,,,,
Patrick Beverley,PG,35.0,TOT,73.0,13.0,20.0,2.2,5.2,0.417,0.8,2.5,0.337,1.3,2.7,0.49,0.497,1.0,1.2,0.822,0.7,2.6,3.3,2.9,0.6,0.4,0.9,1.8,6.2,116.0,115.0,11.6,0.539,0.478,0.237,3.7,14.3,9.0,19.0,1.4,1.9,13.4,14.3,0.01643835616438356,0.02054794520547945,0.036986301369863014,0.09,-1.5,0.5,-1.1,0.3,-0.6,-4.3,0.6164383561643836,0.136986301369863,0.7534246575342466,0.0136986301369863,0.4383561643835616,0.2191780821917808,6.972602739726027,0.1232876712328767,0.1917808219178082,15.3,0.522,0.153,0.293,0.066,0.011,0.478,0.672,0.441,0.32,0.25,0.361,0.852,0.003,0.0136986301369863,0.309,0.464,2.27,1.04,1.23,1.3,0.08,0.27,0.64,0.19,0.29,0.48,0.4,0.6,0.01,0.07,0.08,0.08,0.0,0.167,0.833,1.0,0.0,32.7,31.0,2.9,0.3,0.4,5.5,7.8,3.6,0.089,0.11,1.5,4.7,6.1,0.59,0.0,0.0,0.5931506849315068,0.0717945205479452,1.2684794520547946,0.4643835616438356,1.7657534246575344,0.28661643835616435,0.8736301369863013,1.9013698630136988,0.0,0.0,0.0,0.0,2.227397260273973,0.3179315068493151,1.042246575342466,2.0849315068493155,0.0,0.0,0.0,0.0,8.15,0.443,-0.026,0.205,98.44,0.43,0.406,0.412
Saddiq Bey,SF,24.0,ATL,63.0,51.0,32.7,4.6,11.1,0.416,1.8,5.7,0.316,2.8,5.4,0.522,0.497,2.7,3.2,0.837,2.7,3.9,6.5,1.5,0.8,0.2,0.9,1.4,13.7,120.0,121.0,13.1,0.549,0.514,0.291,8.5,13.4,10.9,6.0,1.2,0.5,6.4,17.0,0.04444444444444444,0.01111111111111111,0.05555555555555555,0.081,0.1,-2.0,-1.8,0.1,-1.0,2.6,0.31746031746031744,0.15873015873015872,0.6190476190476191,0.031746031746031744,1.7142857142857142,0.047619047619047616,3.5238095238095237,0.42857142857142855,0.7777777777777778,14.5,0.486,0.287,0.155,0.033,0.011,0.514,0.645,0.361,0.261,0.375,0.492,0.982,0.066,0.6984126984126984,0.453,0.29,3.27,2.06,1.21,1.41,0.0,0.59,1.38,0.43,0.32,0.75,0.574,0.426,0.16,0.37,0.52,0.52,0.37,0.303,0.697,1.0,0.697,26.3,22.6,1.5,0.2,0.2,2.7,3.8,1.8,0.055,0.067,4.9,5.9,10.4,0.628,0.8,0.4,0.5,0.037,0.968,0.5,0.6,0.044,0.973,0.6,0.5,0.023,1.632,0.3,4.3,0.344,0.938,4.6,0.8,0.045,1.368,0.6,9.98,0.502,0.03,0.058,102.06,0.41,0.393,0.389
Goga Bitadze,C,24.0,ORL,62.0,33.0,15.4,2.0,3.4,0.603,0.0,0.2,0.143,2.0,3.1,0.636,0.608,0.9,1.4,0.655,1.8,2.9,4.6,1.3,0.5,1.2,0.7,1.7,5.0,128.0,107.0,17.8,0.629,0.067,0.416,13.3,21.9,17.5,11.7,1.7,7.0,15.1,13.3,0.02903225806451613,0.03064516129032258,0.05967741935483871,0.186,-0.7,2.8,2.1,1.0,0.3,-1.9,0.3225806451612903,0.0967741935483871,0.7903225806451613,0.1935483870967742,0.5645161290322581,0.016129032258064516,3.032258064516129,0.16129032258064516,0.25806451612903225,3.8,0.933,0.689,0.23,0.005,0.01,0.067,0.715,0.438,0.0,0.0,0.637,1.0,0.273,0.8225806451612904,0.286,0.0,4.63,3.66,0.97,1.19,0.02,1.77,3.97,0.18,0.16,0.34,0.524,0.476,0.73,0.65,1.37,1.31,0.68,0.529,0.471,0.953,0.494,17.4,13.2,1.3,0.0,0.1,1.9,3.2,1.4,0.073,0.081,5.2,6.1,10.8,0.518,0.3,0.2,0.0,0.0,0.0,0.0,0.0,0.0,0.0,0.0,0.9,0.158,1.152,0.7,0.0,0.0,0.0,0.0,1.7,0.275,1.35,1.3,8.62,0.502,0.002,0.117,97.85,0.797,0.019,0.797
Onuralp Bitim,SG,24.0,CHI,23.0,1.0,11.7,1.4,3.7,0.381,0.5,1.9,0.273,0.9,1.7,0.5,0.452,0.2,0.2,0.8,0.3,1.1,1.4,0.6,0.1,0.1,0.4,1.0,3.5,94.0,121.0,5.0,0.464,0.524,0.06,2.5,11.1,6.7,6.5,0.6,0.8,10.4,15.8,-0.013043478260869565,0.004347826086956522,-0.004347826086956522,-0.027,-5.4,-2.0,-7.4,-0.4,-6.9,-5.9,0.2608695652173913,0.043478260869565216,0.7391304347826086,0.043478260869565216,0.043478260869565216,0.08695652173913043,1.3478260869565217,0.043478260869565216,0.21739130434782608,16.2,0.476,0.202,0.143,0.083,0.048,0.524,0.706,0.25,0.571,0.25,0.75,1.0,0.06,0.13043478260869565,0.341,0.267,1.91,0.65,1.26,0.39,0.0,0.0,0.0,0.17,0.09,0.26,0.667,0.333,0.0,0.26,0.26,0.26,0.17,0.0,1.0,1.0,0.667,9.7,9.7,0.6,0.0,0.1,1.2,1.4,0.7,0.061,0.075,0.9,3.7,4.4,0.705,0.0,0.0,0.0,0.0,0.0,0.0,0.0,0.0,0.0,0.0,0.0,0.0,0.0,0.0,1.8,0.547,0.788,2.3,0.0,0.0,0.0,0.0,5.55,0.45,0.01,0.069,99.94,0.5,0.45,0.4
Bismack Biyombo,C,31.0,TOT,40.0,27.0,19.8,1.9,3.3,0.565,0.0,0.0,0.0,1.9,3.3,0.565,0.565,0.7,1.4,0.481,1.6,3.7,5.2,1.3,0.3,0.9,1.1,2.2,4.4,108.0,114.0,9.9,0.562,0.0,0.412,8.3,21.1,14.5,9.5,0.7,4.4,21.3,10.7,0.0025,0.025,0.027500000000000004,0.066,-4.8,1.4,-3.4,-0.3,-3.6,2.9,0.35,0.225,1.125,0.325,0.4,0.1,3.225,0.1,0.325,3.7,1.0,0.489,0.504,0.008,0.0,0.0,0.719,0.424,0.0,0.0,0.757,0.0,0.198,0.6,0.0,0.0,5.88,4.73,1.15,0.6,0.0,2.55,5.8,0.3,0.13,0.43,0.706,0.294,0.38,1.0,1.38,1.35,0.73,0.273,0.727,1.0,0.537,22.1,13.7,1.3,0.1,0.1,1.9,3.5,1.5,0.06,0.069,4.3,7.6,11.7,0.51,0.1,0.2,0.0,0.0,0.0,0.0,0.0,0.0,0.0,0.0,1.2,0.223,0.875,1.4,0.0,0.0,0.0,0.0,2.0,0.296,1.075,1.8,10.84,0.485,-0.011,0.087,99.64,0.851,0.0,0.851
Anthony Black,PG,20.0,ORL,69.0,33.0,16.9,1.7,3.6,0.466,0.5,1.4,0.394,1.1,2.2,0.51,0.54,0.7,1.2,0.613,0.5,1.5,2.0,1.3,0.5,0.3,0.8,1.6,4.6,108.0,113.0,8.4,0.56,0.381,0.324,3.3,10.8,7.0,10.6,1.5,1.7,16.6,12.7,0.0014492753623188406,0.021739130434782608,0.02318840579710145,0.067,-3.8,0.8,-3.0,-0.3,-1.3,-4.4,0.5797101449275363,0.10144927536231885,0.9420289855072463,0.014492753623188406,0.4782608695652174,0.2753623188405797,3.1739130434782608,0.11594202898550725,0.2318840579710145,13.0,0.619,0.308,0.162,0.085,0.065,0.381,0.684,0.4,0.286,0.25,0.731,0.919,0.109,0.36231884057971014,0.5,0.404,3.06,1.61,1.45,1.13,0.03,0.23,0.49,0.2,0.2,0.41,0.5,0.5,0.07,0.14,0.22,0.2,0.04,0.333,0.667,0.933,0.2,21.0,18.6,1.3,0.2,0.2,2.8,3.6,1.7,0.063,0.082,1.6,3.6,5.2,0.577,0.0,0.0,0.1,0.033,0.818,0.2,0.4,0.137,0.609,0.7,0.0,0.0,0.0,0.0,1.6,0.354,0.924,1.7,0.7,0.113,1.237,0.6,7.75,0.471,0.005,0.108,100.09,0.494,0.351,0.443
Leaky Black,SF,24.0,CHO,26.0,3.0,10.9,1.0,2.0,0.481,0.3,0.8,0.45,0.6,1.2,0.5,0.567,0.4,0.6,0.667,0.3,1.5,1.8,0.9,0.3,0.4,0.2,0.7,2.7,124.0,119.0,11.5,0.589,0.385,0.288,3.5,15.9,9.5,11.4,1.4,3.6,9.3,10.1,0.011538461538461537,0.007692307692307693,0.019230769230769232,0.084,-2.6,0.3,-2.4,0.0,-6.6,4.3,0.11538461538461539,0.038461538461538464,0.34615384615384615,0.07692307692307693,0.19230769230769232,0.07692307692307693,2.3461538461538463,0.038461538461538464,0.19230769230769232,12.4,0.615,0.308,0.212,0.038,0.058,0.385,0.75,0.182,0.5,0.333,0.688,1.0,0.077,0.15384615384615385,0.45,0.556,1.62,0.73,0.88,1.0,0.0,0.12,0.31,0.08,0.08,0.15,0.5,0.5,0.08,0.23,0.31,0.31,0.08,0.25,0.75,1.0,0.25,10.5,8.0,0.9,0.0,0.1,1.8,2.4,1.0,0.088,0.099,1.1,3.7,4.7,0.64,0.0,0.0,0.0,0.0,0.0,0.0,0.0,0.0,0.0,0.0,0.0,0.0,0.0,0.0,0.9,0.4,0.923,1.0,0.0,0.0,0.0,0.0,4.4,0.445,-0.033,0.117,99.44,0.464,0.391,0.406
Buddy Boeheim,SF,24.0,DET,10.0,0.0,8.4,0.9,2.9,0.31,0.8,2.5,0.32,0.1,0.4,0.25,0.448,0.8,1.0,0.8,0.3,0.7,1.0,0.3,0.0,0.1,0.0,0.5,3.4,116.0,124.0,9.1,0.509,0.862,0.345,3.9,9.5,6.6,4.8,0.0,1.0,0.0,17.0,0.01,0.0,0.01,0.047,-0.7,-2.8,-3.5,0.0,15.1,24.5,0.0,0.0,0.3,0.0,0.3,0.0,0.7,0.0,0.1,23.9,0.138,0.034,0.034,0.034,0.034,0.862,0.0,0.0,1.0,0.0,1.0,1.0,0.0,0.0,0.2,0.2,0.8,0.7,0.1,0.3,0.0,0.1,0.2,0.2,0.2,0.4,0.5,0.5,0.0,0.0,0.0,0.0,0.0,0.0,0.0,0.0,0.0,4.7,5.6,0.3,0.0,0.1,0.7,0.7,0.4,0.064,0.085,0.8,2.0,2.8,0.714,0.0,0.0,0.0,0.0,0.0,0.0,0.0,0.0,0.0,0.0,0.0,0.0,0.0,0.0,0.0,0.0,0.0,0.0,0.0,0.0,0.0,0.0,4.14,0.517,0.034,0.054,99.71,0.059,0.706,0.0
Bogdan Bogdanović,SG,31.0,ATL,79.0,33.0,30.4,6.0,13.9,0.428,3.0,8.1,0.374,2.9,5.8,0.503,0.537,1.9,2.1,0.921,0.7,2.8,3.4,3.1,1.2,0.3,1.4,2.3,16.9,116.0,120.0,14.7,0.569,0.583,0.149,2.3,10.3,6.2,14.9,1.9,1.0,8.7,22.3,0.03544303797468354,0.015189873417721518,0.049367088607594936,0.079,0.9,-0.7,0.2,1.4,1.9,10.3,0.8227848101265823,0.379746835443038,1.1898734177215189,0.11392405063291139,0.8607594936708861,0.08860759493670886,7.405063291139241,0.16455696202531644,0.6455696202531646,18.4,0.417,0.123,0.148,0.095,0.051,0.583,0.563,0.46,0.514,0.464,0.558,0.863,0.008,0.08860759493670886,0.204,0.42,,,,,,,,,,,,,,,,,,,,,,,,,,,,,,,,,,,,,,,,,,,,,,,,,,,,,,,,,,,,,,,,,
Bojan Bogdanović,SF-PF,34.0,TOT,57.0,27.0,25.9,5.4,11.9,0.454,2.3,5.9,0.398,3.1,6.1,0.507,0.551,2.1,2.6,0.785,0.4,2.3,2.7,1.7,0.5,0.1,1.8,1.7,15.2,108.0,120.0,12.6,0.581,0.49,0.219,1.6,10.0,5.7,10.3,1.0,0.3,11.9,24.6,0.005263157894736842,0.012280701754385965,0.01929824561403509,0.034,-0.7,-2.5,-3.2,-0.4,-11.6,-9.5,1.0175438596491229,0.5087719298245614,0.9122807017543859,0.10526315789473684,1.105263157894737,0.08771929824561403,4.157894736842105,0.22807017543859648,0.7894736842105263,16.7,0.51,0.117,0.181,0.14,0.072,0.49,0.625,0.48,0.484,0.429,0.648,0.872,0.006,0.07017543859649122,0.275,0.435,,,,,,,,,,,,,,,,,,,,,,,,,,,,,,,,,,,,,,,,,,,,,,,,,,,,,,,,,,,,,,,,,
Bol Bol,PF,24.0,PHO,43.0,0.0,10.9,2.2,3.5,0.616,0.5,1.2,0.423,1.7,2.3,0.717,0.689,0.3,0.4,0.789,0.7,2.4,3.2,0.4,0.2,0.6,0.4,1.0,5.2,130.0,112.0,18.7,0.7,0.344,0.126,8.1,24.1,16.5,5.3,1.0,4.7,10.7,16.5,0.023255813953488372,0.01627906976744186,0.037209302325581395,0.168,1.4,0.8,2.1,0.5,2.7,-0.7,0.16279069767441862,0.18604651162790697,0.6744186046511628,0.0,0.20930232558139536,0.0,0.9534883720930233,0.11627906976744186,0.06976744186046512,13.4,0.656,0.185,0.272,0.146,0.053,0.344,0.929,0.683,0.591,0.5,0.789,1.0,0.106,0.3488372093023256,0.596,0.419,2.44,1.21,1.23,0.42,0.0,0.12,0.23,0.19,0.02,0.21,0.889,0.111,0.02,0.3,0.33,0.3,0.19,0.071,0.929,0.929,0.571,8.4,6.7,0.4,0.0,0.1,0.7,0.9,0.5,0.048,0.063,1.5,4.0,5.2,0.73,0.1,0.0,0.0,0.0,0.0,0.0,0.0,0.0,0.0,0.0,0.5,0.073,1.692,0.3,0.0,0.0,0.0,0.0,0.8,0.124,1.545,0.5,5.33,0.37,-0.096,0.054,100.45,0.637,0.296,0.547
Marques Bolden,C,25.0,TOT,11.0,2.0,11.0,1.5,2.3,0.68,0.0,0.1,0.0,1.5,2.2,0.708,0.68,0.3,0.4,0.75,0.9,2.2,3.1,0.4,0.3,0.6,0.3,0.9,3.4,136.0,116.0,16.0,0.691,0.04,0.16,9.0,22.8,15.8,4.8,1.2,5.4,10.1,10.9,0.018181818181818184,0.009090909090909092,0.02727272727272727,0.134,-2.1,-0.5,-2.7,0.0,-6.6,3.7,0.0,0.0,0.6363636363636364,0.18181818181818182,0.09090909090909091,0.0,1.0,0.0,0.0,5.4,0.96,0.44,0.32,0.2,0.0,0.04,0.818,0.875,0.2,0.0,0.824,0.0,0.2,0.45454545454545453,0.0,0.0,2.91,2.36,0.55,0.55,0.0,1.64,4.09,0.27,0.09,0.36,0.75,0.25,0.18,0.82,1.0,1.0,0.36,0.182,0.818,1.0,0.364,10.3,5.6,0.4,0.1,0.2,0.3,1.2,0.6,0.035,0.062,2.4,4.1,6.3,0.68,0.3,0.4,0.0,0.0,0.0,0.0,0.0,0.0,0.0,0.0,0.0,0.0,0.0,0.0,0.0,0.0,0.0,0.0,1.8,0.4,1.333,1.3,6.6,0.515,0.001,0.051,100.33,0.919,0.0,0.919
Devin Booker,PG,27.0,PHO,68.0,68.0,36.0,9.4,19.2,0.492,2.2,6.1,0.364,7.2,13.0,0.552,0.55,6.0,6.7,0.886,0.8,3.7,4.5,6.9,0.9,0.4,2.6,3.0,27.1,124.0,117.0,21.9,0.611,0.32,0.35,2.7,11.1,7.1,31.2,1.2,1.0,10.6,29.8,0.10588235294117647,0.029411764705882353,0.13529411764705881,0.181,4.0,-1.0,3.0,3.1,5.7,6.4,1.5,0.7352941176470589,1.2941176470588236,0.25,2.5588235294117645,0.20588235294117646,17.176470588235293,0.5735294117647058,0.7058823529411765,15.4,0.68,0.14,0.158,0.231,0.151,0.32,0.76,0.447,0.551,0.472,0.373,0.612,0.013,0.20588235294117646,0.074,0.452,4.24,2.41,1.82,1.53,0.01,0.25,0.54,0.51,0.5,1.01,0.507,0.493,0.03,0.46,0.49,0.46,0.13,0.061,0.939,0.939,0.273,46.3,62.7,6.9,0.3,1.2,11.9,17.7,8.4,0.15,0.181,2.0,6.6,8.5,0.546,0.6,0.4,3.4,0.141,0.987,3.5,8.1,0.309,1.065,7.6,0.0,0.0,0.0,0.0,3.3,0.124,1.099,3.0,0.0,0.0,0.0,0.0,12.87,0.473,0.007,0.299,99.96,0.532,0.248,0.332
Brandon Boston Jr,SF,22.0,LAC,32.0,0.0,10.8,2.0,5.0,0.404,0.4,1.6,0.269,1.6,3.4,0.468,0.447,0.7,1.0,0.697,0.6,1.0,1.6,0.4,0.3,0.3,0.8,1.3,5.2,93.0,117.0,8.7,0.476,0.323,0.205,6.4,10.4,8.5,5.4,1.6,2.1,12.0,25.4,-0.01875,0.009375,-0.009375,-0.04,-6.2,-2.7,-9.0,-0.6,-15.2,-20.6,0.125,0.34375,0.8125,0.125,0.4375,0.09375,0.90625,0.03125,0.40625,13.9,0.677,0.205,0.168,0.211,0.093,0.323,0.636,0.296,0.5,0.333,0.588,0.786,0.068,0.34375,0.25,0.385,,,,,,,,,,,,,,,,,,,,,,,,,,,,,,,,,,,,,,,,,,,,,,,,,,,,,,,,,,,,,,,,,
Chris Boucher,PF,31.0,TOR,50.0,0.0,14.1,2.2,4.3,0.507,0.6,1.9,0.33,1.6,2.5,0.642,0.578,1.4,1.8,0.772,1.2,2.9,4.1,0.5,0.3,0.5,0.6,1.4,6.4,124.0,117.0,16.0,0.625,0.433,0.424,9.5,23.1,16.1,4.5,1.0,3.0,9.8,17.3,0.024,0.012,0.034,0.119,-0.3,-1.4,-1.7,0.1,2.8,11.2,0.12,0.22,0.92,0.08,1.0,0.24,1.06,0.24,0.28,12.4,0.567,0.373,0.166,0.009,0.018,0.433,0.765,0.417,0.5,0.25,0.595,1.0,0.092,0.36,0.415,0.256,3.04,1.74,1.3,0.68,0.08,0.4,0.88,0.2,0.22,0.42,0.476,0.524,0.32,0.26,0.58,0.58,0.36,0.552,0.448,1.0,0.621,9.8,8.3,0.4,0.0,0.2,0.7,1.1,0.7,0.044,0.067,3.4,4.3,7.4,0.584,0.1,0.1,0.0,0.0,0.0,0.0,0.0,0.0,0.0,0.0,0.6,0.077,1.409,0.4,1.5,0.28,0.913,1.6,1.1,0.133,1.5,0.8,6.06,0.481,0.015,0.044,99.35,0.491,0.289,0.478
James Bouknight,SG,23.0,CHO,14.0,0.0,5.8,1.3,2.9,0.439,0.9,2.1,0.433,0.4,0.8,0.455,0.598,0.1,0.1,0.5,0.1,0.6,0.6,0.4,0.1,0.1,0.1,0.2,3.6,115.0,123.0,15.9,0.597,0.732,0.049,1.3,11.4,6.2,12.2,0.6,1.2,4.6,23.9,0.0071428571428571435,0.0,0.0071428571428571435,0.062,4.4,-2.2,2.2,0.1,-10.5,0.1,0.14285714285714285,0.0,0.21428571428571427,0.0,0.07142857142857142,0.0,1.0,0.0,0.14285714285714285,20.2,0.268,0.171,0.049,0.024,0.024,0.732,0.714,0.0,0.0,0.0,0.4,0.538,0.024,0.07142857142857142,0.233,0.286,0.64,0.14,0.5,0.21,0.0,0.0,0.0,0.07,0.07,0.14,0.5,0.5,0.0,0.14,0.14,0.14,0.0,0.0,1.0,1.0,0.0,7.1,7.6,0.4,0.1,0.1,0.4,1.0,0.6,0.06,0.08,0.3,1.7,1.8,0.818,0.0,0.0,0.0,0.0,0.0,0.0,0.0,0.0,0.0,0.0,0.0,0.0,0.0,0.0,0.0,0.0,0.0,0.0,0.0,0.0,0.0,0.0,2.17,0.385,-0.096,0.125,98.2,0.2,0.78,0.2
Jamaree Bouyea,PG,24.0,TOT,9.0,0.0,10.6,1.1,3.1,0.357,0.1,1.0,0.111,1.0,2.1,0.474,0.375,0.0,0.0,0.0,0.3,1.8,2.1,1.2,0.1,0.0,1.0,1.1,2.3,73.0,120.0,1.5,0.375,0.321,0.0,3.4,19.2,11.0,15.9,0.5,0.0,24.3,16.5,-0.03333333333333333,0.011111111111111112,-0.03333333333333333,-0.129,-10.2,-2.0,-12.3,-0.2,-8.0,0.1,0.4444444444444444,0.3333333333333333,0.7777777777777778,0.1111111111111111,0.0,0.1111111111111111,3.2222222222222223,0.0,0.2222222222222222,13.6,0.679,0.286,0.321,0.036,0.036,0.321,0.625,0.222,1.0,1.0,0.444,1.0,0.0,0.0,0.0,0.0,1.44,1.0,0.44,0.44,0.0,0.0,0.0,0.33,0.11,0.44,0.75,0.25,0.0,0.0,0.0,0.0,0.0,0.0,0.0,0.0,0.0,18.2,18.7,1.2,0.2,0.3,3.3,3.8,1.9,0.067,0.104,0.6,3.0,3.6,0.76,0.0,0.0,0.0,0.0,0.0,0.0,0.7,0.345,0.4,1.7,0.0,0.0,0.0,0.0,0.0,0.0,0.0,0.0,0.0,0.0,0.0,0.0,5.0,0.514,0.081,0.183,100.65,0.857,0.143,0.762
Malaki Branham,PG,20.0,SAS,75.0,29.0,21.3,3.6,8.4,0.432,1.2,3.6,0.347,2.4,4.8,0.494,0.506,0.7,0.8,0.873,0.4,1.6,2.0,2.1,0.4,0.1,1.2,1.3,9.2,101.0,121.0,8.7,0.526,0.427,0.1,1.9,8.2,5.0,14.0,0.8,0.4,12.2,19.8,-0.012,0.008,-0.004,-0.008,-3.4,-2.2,-5.6,-1.5,-10.7,-7.3,0.8266666666666667,0.32,0.6533333333333333,0.02666666666666667,0.4,0.2,5.026666666666666,0.12,0.5466666666666666,15.1,0.573,0.186,0.189,0.134,0.064,0.427,0.744,0.328,0.5,0.25,0.657,0.968,0.019,0.16,0.272,0.384,2.11,1.07,1.04,0.53,0.0,0.15,0.33,0.24,0.2,0.44,0.545,0.455,0.0,0.11,0.11,0.11,0.0,0.0,1.0,1.0,0.0,23.5,25.6,2.1,0.3,0.3,3.7,5.4,2.6,0.088,0.11,1.3,3.5,4.6,0.525,0.0,0.0,0.2,0.019,0.929,0.2,1.5,0.206,0.708,2.1,0.3,0.016,1.667,0.2,3.4,0.332,1.04,3.3,0.7,0.067,1.12,0.7,6.11,0.535,0.071,0.142,103.72,0.516,0.404,0.429
Christian Braun,SG,22.0,DEN,82.0,4.0,20.2,2.7,5.9,0.46,0.8,2.0,0.384,1.9,3.9,0.498,0.525,1.1,1.6,0.694,1.0,2.8,3.7,1.6,0.5,0.4,0.7,1.7,7.3,116.0,114.0,12.1,0.554,0.34,0.277,5.4,14.8,10.2,10.2,1.3,1.8,9.2,15.7,0.018292682926829267,0.024390243902439025,0.041463414634146344,0.1,-1.7,-0.2,-1.9,0.0,1.2,-7.5,0.24390243902439024,0.18292682926829268,0.8536585365853658,0.15853658536585366,0.8170731707317073,0.04878048780487805,3.841463414634146,0.17073170731707318,0.5609756097560976,11.4,0.66,0.342,0.263,0.025,0.031,0.34,0.667,0.339,0.083,0.333,0.692,0.937,0.068,0.36585365853658536,0.341,0.304,3.38,2.15,1.23,0.79,0.04,0.24,0.57,0.23,0.26,0.49,0.475,0.525,0.1,0.32,0.41,0.41,0.22,0.235,0.765,1.0,0.529,20.9,18.0,1.6,0.2,0.2,2.7,4.1,2.0,0.078,0.095,2.4,4.4,6.5,0.621,0.0,0.0,0.2,0.057,0.529,0.4,0.7,0.102,0.885,0.7,0.0,0.0,0.0,0.0,2.5,0.308,1.092,2.2,0.9,0.104,1.242,0.8,7.42,0.449,-0.013,0.109,98.91,0.53,0.315,0.503
Mikal Bridges,SF,27.0,BRK,82.0,82.0,34.8,6.9,15.8,0.436,2.7,7.2,0.372,4.2,8.6,0.49,0.521,3.1,3.9,0.814,0.8,3.7,4.5,3.6,1.0,0.4,2.0,1.4,19.6,112.0,118.0,14.9,0.56,0.457,0.245,2.5,12.0,7.1,16.3,1.4,0.9,10.3,24.3,0.025609756097560978,0.025609756097560978,0.051219512195121955,0.07,0.7,-1.0,-0.4,1.2,-3.6,-2.3,1.0,0.7317073170731707,0.6707317073170732,0.07317073170731707,1.548780487804878,0.2804878048780488,9.121951219512194,0.36585365853658536,0.6585365853658537,15.9,0.543,0.165,0.163,0.158,0.056,0.457,0.668,0.398,0.468,0.292,0.494,0.882,0.016,0.24390243902439024,0.338,0.405,4.11,2.11,2.0,1.51,0.01,0.17,0.39,0.33,0.28,0.61,0.54,0.46,0.01,0.45,0.46,0.45,0.1,0.026,0.974,0.974,0.211,36.6,42.6,3.6,0.2,0.6,6.6,9.4,4.4,0.099,0.12,2.1,6.5,8.5,0.568,0.4,0.1,1.0,0.075,0.723,1.5,3.9,0.237,0.851,4.6,0.2,0.009,1.0,0.2,5.0,0.247,1.059,4.8,1.0,0.039,1.323,0.8,11.59,0.465,-0.005,0.163,98.35,0.428,0.411,0.337
Miles Bridges,SF,25.0,CHO,69.0,67.0,37.4,8.1,17.5,0.462,2.3,6.5,0.349,5.8,11.0,0.529,0.527,2.5,3.1,0.825,1.0,6.3,7.3,3.3,0.9,0.5,2.0,1.7,21.0,108.0,120.0,15.4,0.556,0.372,0.174,3.0,19.5,11.0,14.6,1.2,1.2,9.6,24.7,0.010144927536231883,0.020289855072463767,0.0318840579710145,0.04,0.2,-1.3,-1.1,0.6,-12.0,-3.9,1.0,0.7101449275362319,0.9710144927536232,0.13043478260869565,1.608695652173913,0.13043478260869565,8.318840579710145,0.5797101449275363,0.927536231884058,13.6,0.628,0.283,0.207,0.058,0.081,0.372,0.696,0.424,0.343,0.347,0.555,0.879,0.058,0.9565217391304348,0.196,0.341,6.84,3.78,3.06,1.54,0.03,0.51,1.19,0.28,0.33,0.61,0.452,0.548,0.13,0.64,0.77,0.74,0.48,0.17,0.83,0.981,0.635,43.5,41.2,3.3,0.3,0.4,6.3,8.9,4.0,0.077,0.092,2.9,9.1,11.3,0.653,0.8,0.2,2.1,0.114,0.877,2.3,2.8,0.152,0.885,3.1,0.6,0.027,1.077,0.6,6.2,0.297,1.009,6.1,1.4,0.047,1.403,1.0,14.04,0.48,-0.006,0.146,98.48,0.555,0.325,0.487
Oshae Brissett,SF,25.0,BOS,55.0,1.0,11.5,1.2,2.8,0.444,0.3,1.0,0.273,1.0,1.8,0.541,0.493,0.9,1.5,0.602,1.1,1.8,2.9,0.8,0.3,0.1,0.4,1.0,3.7,121.0,112.0,12.8,0.53,0.359,0.542,10.9,16.3,13.7,8.7,1.5,1.1,9.5,14.5,0.014545454545454545,0.016363636363636365,0.030909090909090907,0.131,-2.0,0.2,-1.8,0.0,10.4,-1.0,0.14545454545454545,0.12727272727272726,0.5272727272727272,0.03636363636363636,0.7272727272727273,0.0,2.109090909090909,0.10909090909090909,0.16363636363636364,11.4,0.641,0.34,0.261,0.013,0.026,0.359,0.673,0.4,0.5,0.25,0.66,1.0,0.144,0.36363636363636365,0.436,0.333,1.42,0.76,0.65,0.69,0.0,0.45,1.16,0.16,0.15,0.31,0.529,0.471,0.27,0.42,0.69,0.65,0.33,0.395,0.605,0.973,0.486,11.4,7.4,0.8,0.0,0.1,1.1,2.1,0.9,0.07,0.076,3.2,3.7,6.8,0.513,0.0,0.0,0.0,0.0,0.0,0.0,0.1,0.047,0.7,0.2,0.2,0.071,0.8,0.3,1.3,0.36,0.947,1.4,0.5,0.109,1.217,0.4,4.21,0.448,-0.01,0.089,100.85,0.527,0.224,0.517
Izaiah Brockington,PG,24.0,NOP,1.0,0.0,3.0,2.0,5.0,0.4,0.0,1.0,0.0,2.0,4.0,0.5,0.4,0.0,0.0,0.0,1.0,1.0,2.0,0.0,0.0,0.0,0.0,0.0,4.0,93.0,113.0,26.6,0.4,0.2,0.0,37.6,36.7,37.1,0.0,0.0,0.0,0.0,72.5,0.0,0.0,0.0,-0.177,-9.2,-8.5,-17.8,0.0,21.4,16.8,0.0,0.0,0.0,0.0,0.0,0.0,0.0,0.0,1.0,10.5,0.8,0.4,0.2,0.0,0.2,0.2,1.0,0.0,0.0,0.0,0.5,0.0,0.2,1.0,0.0,0.0,0.0,0.0,0.0,0.0,0.0,0.0,0.0,0.0,0.0,0.0,0.0,0.0,0.0,0.0,0.0,0.0,0.0,0.0,0.0,0.0,0.0,4.0,6.0,0.0,0.0,1.0,1.0,0.0,1.0,0.0,0.25,2.0,1.0,3.0,0.667,0.0,0.0,0.0,0.0,0.0,0.0,0.0,0.0,0.0,0.0,0.0,0.0,0.0,0.0,0.0,0.0,0.0,0.0,0.0,0.0,0.0,0.0,3.0,0.333,-0.121,0.0,120.59,1.0,0.0,1.0
Malcolm Brogdon,PG,31.0,POR,39.0,25.0,28.7,5.6,12.7,0.44,2.1,5.1,0.412,3.5,7.6,0.458,0.522,2.4,3.0,0.819,0.7,3.1,3.8,5.5,0.7,0.2,1.5,1.5,15.7,120.0,120.0,17.0,0.56,0.401,0.234,2.6,12.8,7.4,30.9,1.2,0.6,9.9,23.0,0.05128205128205128,0.015384615384615384,0.06666666666666667,0.111,2.7,-0.7,2.0,1.1,-3.6,8.0,0.8717948717948718,0.4358974358974359,0.8205128205128205,0.10256410256410256,1.2820512820512822,0.20512820512820512,13.256410256410257,0.3076923076923077,0.7435897435897436,15.4,0.599,0.206,0.157,0.117,0.119,0.401,0.608,0.385,0.431,0.322,0.257,0.756,0.002,0.0,0.121,0.5,2.72,1.1,1.62,1.15,0.0,0.1,0.26,0.41,0.21,0.62,0.667,0.333,0.08,0.21,0.28,0.26,0.08,0.273,0.727,0.909,0.273,41.6,47.4,5.5,0.6,0.3,10.2,14.5,6.4,0.132,0.153,2.0,5.4,7.2,0.538,0.1,0.1,1.4,0.086,1.038,1.3,4.6,0.372,0.801,5.8,0.0,0.0,0.0,0.0,5.1,0.227,1.435,3.5,0.0,0.0,0.0,0.0,9.49,0.481,0.007,0.301,99.51,0.444,0.401,0.333
Armoni Brooks,PG,25.0,BRK,10.0,0.0,10.4,1.5,4.6,0.326,1.1,3.2,0.344,0.4,1.4,0.286,0.446,0.1,0.2,0.5,0.7,1.1,1.8,0.5,0.1,0.1,0.3,0.3,4.2,98.0,120.0,8.3,0.448,0.696,0.043,7.2,11.9,9.5,6.9,0.5,0.9,6.0,20.8,-0.01,0.01,0.0,-0.018,-2.2,-3.7,-5.8,-0.1,11.0,14.4,0.3,0.0,0.1,0.0,0.1,0.0,1.0,0.1,0.4,20.0,0.304,0.109,0.152,0.022,0.022,0.696,0.0,0.571,0.0,0.0,0.75,0.909,0.0,0.0,0.063,0.0,1.4,0.5,0.9,0.4,0.0,0.1,0.2,0.1,0.1,0.2,0.5,0.5,0.0,0.1,0.1,0.1,0.1,0.0,1.0,1.0,1.0,10.2,11.4,0.5,0.0,0.0,0.8,0.8,0.4,0.049,0.039,1.6,2.3,3.9,0.581,0.0,0.0,0.0,0.0,0.0,0.0,0.0,0.0,0.0,0.0,0.0,0.0,0.0,0.0,1.4,0.292,1.0,1.4,0.0,0.0,0.0,0.0,5.38,0.442,-0.015,0.06,98.52,0.19,0.786,0.19
Dillon Brooks,SF,28.0,HOU,72.0,72.0,30.9,4.6,10.7,0.428,1.8,5.1,0.359,2.7,5.5,0.492,0.515,1.7,2.0,0.844,0.7,2.7,3.4,1.7,0.9,0.1,1.2,3.3,12.7,109.0,116.0,9.4,0.549,0.482,0.191,2.5,9.4,5.9,7.5,1.4,0.4,9.6,17.6,0.008333333333333333,0.029166666666666667,0.037500000000000006,0.058,-3.3,-0.3,-3.6,-0.9,-0.1,-2.9,0.5694444444444444,0.4027777777777778,1.7222222222222223,0.1388888888888889,0.9583333333333334,0.3194444444444444,3.9583333333333335,0.1527777777777778,0.4305555555555556,15.7,0.518,0.173,0.228,0.083,0.034,0.482,0.707,0.36,0.422,0.462,0.587,0.962,0.021,0.19444444444444445,0.154,0.421,4.71,2.06,2.65,1.43,0.0,0.46,1.14,0.17,0.24,0.4,0.414,0.586,0.07,0.49,0.56,0.49,0.21,0.125,0.875,0.946,0.405,20.1,23.3,1.7,0.2,0.3,3.2,4.2,2.2,0.082,0.107,2.0,4.8,6.7,0.526,0.8,0.5,0.3,0.04,0.541,0.5,1.2,0.083,1.091,1.1,0.3,0.014,1.385,0.2,4.6,0.346,1.031,4.4,0.6,0.035,1.375,0.4,14.06,0.488,0.014,0.074,100.0,0.428,0.436,0.374
Bruce Brown,PG-SG,27.0,TOT,67.0,44.0,27.9,4.1,8.7,0.478,0.8,2.4,0.323,3.4,6.2,0.538,0.523,1.7,2.1,0.824,0.8,3.4,4.2,2.9,0.9,0.3,1.3,2.2,10.8,113.0,120.0,11.6,0.563,0.282,0.244,3.1,14.0,8.5,13.2,1.5,0.8,11.8,16.5,0.01791044776119403,0.014925373134328358,0.032835820895522394,0.058,-2.4,-1.0,-3.3,-0.6,-5.6,-5.3,0.5373134328358209,0.47761194029850745,1.1492537313432836,0.1044776119402985,1.0149253731343284,0.014925373134328358,6.8059701492537314,0.29850746268656714,0.6119402985074627,11.7,0.718,0.244,0.285,0.148,0.041,0.282,0.718,0.44,0.477,0.375,0.618,0.925,0.021,0.1791044776119403,0.39,0.344,4.0,1.91,2.09,1.72,0.0,0.31,0.64,0.28,0.18,0.46,0.613,0.387,0.06,0.3,0.36,0.34,0.21,0.167,0.833,1.0,0.609,31.4,30.1,2.9,0.3,0.5,5.0,7.4,3.7,0.091,0.117,2.7,6.2,8.5,0.536,0.1,0.0,0.6454545454545455,0.059,1.0327878787878788,0.6484848484848484,1.378787878787879,0.1880909090909091,0.6581818181818182,1.9909090909090905,0.0,0.0,0.0,0.0,3.0,0.285,0.915,3.3,1.3636363636363635,0.0863939393939394,1.4386060606060607,0.9060606060606061,12.34,0.513,0.038,0.132,102.72,0.62,0.219,0.551
Charlie Brown Jr,SG,26.0,NYK,8.0,0.0,4.6,0.3,1.3,0.2,0.3,0.9,0.286,0.0,0.4,0.0,0.3,0.0,0.0,0.0,0.1,0.1,0.3,0.0,0.0,0.3,0.3,0.6,0.8,60.0,118.0,-3.2,0.3,0.7,0.0,3.0,3.0,3.0,0.0,0.0,5.1,16.7,14.0,-0.0125,0.0,-0.0125,-0.124,-10.2,-3.4,-13.6,-0.1,-13.0,-18.0,0.125,0.0,0.375,0.0,0.0,0.125,0.0,0.0,0.125,19.0,0.3,0.1,0.2,0.0,0.0,0.7,0.0,0.0,0.0,0.0,0.0,1.0,0.0,0.0,0.286,0.5,,,,,,,,,,,,,,,,,,,,,,,,,,,,,,,,,,,,,,,,,,,,,,,,,,,,,,,,,,,,,,,,,
Greg Brown III,PF,22.0,DAL,6.0,0.0,6.7,0.8,1.8,0.455,0.2,0.5,0.333,0.7,1.3,0.5,0.5,0.7,1.5,0.444,0.5,1.0,1.5,0.7,0.0,0.7,0.7,0.8,2.5,96.0,114.0,10.5,0.501,0.273,0.818,8.2,16.3,12.3,13.0,0.0,8.8,21.1,20.3,0.0,0.0,0.0,0.0,-5.0,0.6,-4.4,0.0,-7.5,-9.7,0.3333333333333333,0.16666666666666666,0.5,0.16666666666666666,0.6666666666666666,0.0,1.3333333333333333,0.16666666666666666,0.16666666666666666,8.5,0.727,0.636,0.091,0.0,0.0,0.273,0.571,0.0,0.0,0.0,0.75,1.0,0.273,0.3333333333333333,0.0,0.0,2.33,1.67,0.67,0.0,0.0,0.33,0.67,0.17,0.17,0.33,0.5,0.5,0.0,0.17,0.17,0.17,0.0,0.0,1.0,1.0,0.0,4.3,3.5,0.7,0.0,0.0,0.5,1.5,0.7,0.154,0.154,2.0,5.0,6.5,0.538,0.0,0.0,0.0,0.0,0.0,0.0,0.0,0.0,0.0,0.0,0.0,0.0,0.0,0.0,0.0,0.0,0.0,0.0,0.0,0.0,0.0,0.0,4.5,0.333,-0.08,0.138,113.53,0.533,0.2,0.533
Jaylen Brown,SF,27.0,BOS,70.0,70.0,33.5,9.0,17.9,0.499,2.1,5.9,0.354,6.9,12.1,0.57,0.557,3.0,4.3,0.703,1.2,4.3,5.5,3.6,1.2,0.5,2.4,2.6,23.0,113.0,112.0,18.6,0.58,0.326,0.239,4.0,13.4,8.9,16.6,1.8,1.4,10.7,28.9,0.038571428571428576,0.045714285714285714,0.0842857142857143,0.121,0.9,-0.1,0.7,1.6,8.2,-7.7,0.9142857142857143,0.8714285714285714,1.0571428571428572,0.38571428571428573,2.2285714285714286,0.14285714285714285,8.842857142857143,0.6571428571428571,1.0285714285714285,13.0,0.674,0.247,0.237,0.119,0.07,0.326,0.723,0.487,0.52,0.398,0.429,0.634,0.075,1.0857142857142856,0.205,0.381,4.16,2.03,2.13,1.79,0.01,0.24,0.6,0.57,0.49,1.06,0.541,0.459,0.13,0.74,0.87,0.83,0.44,0.148,0.852,0.983,0.525,29.1,40.0,3.6,0.3,0.8,6.8,9.5,4.7,0.123,0.162,3.2,7.3,10.2,0.556,1.9,1.2,2.3,0.107,0.969,2.3,3.3,0.163,0.935,3.6,0.0,0.0,0.0,0.0,0.0,0.0,0.0,0.0,1.2,0.043,1.246,0.9,10.79,0.448,-0.024,0.165,99.94,0.599,0.27,0.499
Kendall Brown,SG,20.0,IND,15.0,0.0,4.2,0.5,1.0,0.533,0.0,0.1,0.0,0.5,0.9,0.615,0.533,0.3,0.5,0.625,0.2,0.1,0.3,0.3,0.0,0.0,0.1,0.6,1.4,119.0,126.0,7.6,0.567,0.133,0.533,5.4,3.6,4.5,9.3,0.0,0.0,9.7,13.7,0.006666666666666667,0.0,0.006666666666666667,0.045,-4.2,-2.6,-6.8,-0.1,-19.2,-22.5,0.06666666666666667,0.0,0.3333333333333333,0.06666666666666667,0.26666666666666666,0.06666666666666667,0.7333333333333333,0.0,0.0,7.0,0.867,0.4,0.333,0.133,0.0,0.133,0.667,0.8,0.0,0.0,0.75,0.0,0.2,0.2,0.5,0.0,0.13,0.07,0.07,0.27,0.0,0.0,0.0,0.13,0.07,0.2,0.667,0.333,0.0,0.07,0.07,0.0,0.0,0.0,1.0,0.0,0.0,3.5,3.4,0.3,0.1,0.0,0.6,0.9,0.5,0.094,0.132,1.0,2.3,3.3,0.385,0.0,0.0,0.0,0.0,0.0,0.0,0.0,0.0,0.0,0.0,0.0,0.0,0.0,0.0,0.0,0.0,0.0,0.0,0.0,0.0,0.0,0.0,1.83,0.455,0.028,0.135,102.13,0.762,0.0,0.762
Kobe Brown,PF,24.0,LAC,44.0,0.0,9.0,0.8,2.0,0.411,0.3,1.1,0.292,0.5,1.0,0.548,0.489,0.0,0.0,0.5,0.5,1.0,1.4,0.6,0.3,0.1,0.2,1.1,2.0,111.0,117.0,7.6,0.49,0.533,0.022,5.9,11.6,8.9,8.1,1.5,1.4,9.0,11.1,0.002272727272727273,0.006818181818181818,0.011363636363636364,0.055,-4.0,0.2,-3.8,-0.2,-9.2,-14.3,0.06818181818181818,0.06818181818181818,0.6590909090909091,0.045454545454545456,0.022727272727272728,0.022727272727272728,1.3863636363636365,0.0,0.13636363636363635,15.5,0.467,0.289,0.111,0.056,0.011,0.533,0.654,0.4,0.2,1.0,0.652,1.0,0.078,0.1590909090909091,0.292,0.214,1.09,0.5,0.59,0.39,0.0,0.3,0.73,0.11,0.14,0.25,0.455,0.545,0.05,0.25,0.3,0.27,0.14,0.154,0.846,0.923,0.462,9.4,6.5,0.6,0.1,0.0,1.1,1.6,0.7,0.062,0.072,1.7,2.9,4.3,0.596,0.1,0.0,0.0,0.0,0.0,0.0,0.0,0.0,0.0,0.0,0.0,0.0,0.0,0.0,0.0,0.0,0.0,0.0,0.0,0.0,0.0,0.0,3.85,0.435,-0.023,0.085,100.45,0.517,0.472,0.494
Moses Brown,C,24.0,POR,22.0,5.0,9.1,1.5,3.0,0.508,0.0,0.0,0.0,1.5,3.0,0.508,0.508,0.4,1.4,0.29,1.7,2.2,3.9,0.3,0.2,0.3,0.5,1.2,3.4,103.0,114.0,14.5,0.477,0.0,0.477,19.6,29.2,24.1,5.4,1.2,3.2,12.3,19.1,-0.004545454545454546,0.009090909090909092,0.009090909090909092,0.044,-4.1,-2.4,-6.5,-0.2,-17.1,-8.1,0.13636363636363635,0.18181818181818182,0.9090909090909091,0.09090909090909091,0.7272727272727273,0.0,0.6363636363636364,0.13636363636363635,0.5454545454545454,3.3,1.0,0.492,0.462,0.031,0.015,0.0,0.656,0.4,0.0,0.0,0.697,0.0,0.262,0.6818181818181818,0.0,0.0,3.18,2.59,0.59,0.27,0.0,0.91,2.14,0.05,0.05,0.09,0.5,0.5,0.36,0.27,0.64,0.55,0.36,0.571,0.429,0.857,0.571,10.2,6.1,0.3,0.0,0.0,0.3,0.7,0.4,0.031,0.04,3.7,4.4,7.8,0.555,0.2,0.1,0.0,0.0,0.0,0.0,0.0,0.0,0.0,0.0,0.0,0.0,0.0,0.0,0.0,0.0,0.0,0.0,0.0,0.0,0.0,0.0,6.59,0.476,-0.016,0.057,100.45,0.88,0.0,0.88
Troy Brown Jr,SF,24.0,TOT,59.0,15.0,14.0,1.4,3.8,0.372,0.8,2.4,0.333,0.6,1.4,0.435,0.476,0.5,0.6,0.865,0.4,2.0,2.4,1.0,0.4,0.1,0.5,0.7,4.2,105.0,115.0,8.8,0.51,0.624,0.164,3.5,16.0,9.8,9.7,1.4,0.3,11.0,14.3,0.0,0.015254237288135594,0.013559322033898306,0.048,-2.8,0.2,-2.6,-0.1,-7.2,-6.6,0.3220338983050847,0.1016949152542373,0.4576271186440678,0.05084745762711865,0.2033898305084746,0.03389830508474576,2.4745762711864407,0.01694915254237288,0.2542372881355932,18.8,0.376,0.128,0.142,0.031,0.075,0.624,0.586,0.25,0.429,0.529,0.459,0.915,0.018,0.05084745762711865,0.312,0.295,,,,,,,,,,,,,,,,,,,,,,,,,,,,,,,,,,,,,,,,,,,,,,,,,,,,,,,,,,,,,,,,,
Jalen Brunson,PG,27.0,NYK,77.0,77.0,35.4,10.3,21.4,0.479,2.7,6.8,0.401,7.5,14.6,0.516,0.543,5.5,6.5,0.847,0.6,3.1,3.6,6.7,0.9,0.2,2.4,1.9,28.7,124.0,117.0,23.4,0.592,0.319,0.302,1.8,9.7,5.7,33.5,1.3,0.4,9.1,32.5,0.1142857142857143,0.03116883116883117,0.14545454545454545,0.198,6.3,-0.4,5.8,5.4,8.3,11.8,1.2467532467532467,0.8701298701298701,0.961038961038961,0.16883116883116883,2.883116883116883,0.974025974025974,16.48051948051948,1.1168831168831168,0.8311688311688312,14.3,0.681,0.127,0.275,0.189,0.09,0.319,0.636,0.519,0.474,0.426,0.23,0.583,0.002,0.03896103896103896,0.131,0.464,3.65,1.47,2.18,1.45,0.45,0.17,0.36,0.36,0.39,0.75,0.483,0.517,0.03,0.26,0.29,0.29,0.09,0.091,0.909,1.0,0.318,57.8,75.3,6.7,0.7,1.1,12.0,17.6,8.5,0.117,0.147,1.9,5.5,7.3,0.505,0.6,0.2,3.5,0.151,0.88,4.0,11.2,0.407,1.053,10.6,0.0,0.0,0.0,0.0,4.2,0.112,1.426,2.9,0.6,0.015,1.655,0.4,11.53,0.498,0.032,0.315,96.68,0.524,0.286,0.402
Thomas Bryant,C,26.0,MIA,38.0,4.0,11.6,2.3,3.9,0.577,0.1,0.6,0.182,2.2,3.3,0.646,0.591,1.1,1.2,0.872,1.1,2.7,3.7,0.6,0.3,0.4,0.6,1.2,5.7,125.0,109.0,19.0,0.639,0.148,0.315,10.2,26.2,18.1,8.3,1.1,3.5,11.0,19.3,0.02368421052631579,0.021052631578947368,0.042105263157894736,0.177,-0.6,0.2,-0.4,0.2,2.0,0.0,0.05263157894736842,0.05263157894736842,0.6842105263157895,0.2631578947368421,0.631578947368421,0.0,1.5526315789473684,0.13157894736842105,0.2631578947368421,7.5,0.852,0.43,0.315,0.06,0.047,0.148,0.766,0.596,0.444,0.143,0.695,1.0,0.248,0.8947368421052632,0.273,0.333,3.13,2.76,0.37,0.42,0.0,1.29,3.05,0.11,0.05,0.16,0.667,0.333,0.13,0.95,1.08,1.03,0.76,0.122,0.878,0.975,0.725,12.4,9.3,0.6,0.0,0.0,1.0,1.5,0.6,0.049,0.049,2.7,4.8,7.2,0.639,0.5,0.3,0.0,0.0,0.0,0.0,0.0,0.0,0.0,0.0,0.0,0.0,0.0,0.0,0.3,0.084,0.75,0.4,1.5,0.225,1.349,1.1,5.62,0.558,0.058,0.079,98.8,0.756,0.055,0.719
Kobe Bufkin,SG,20.0,ATL,17.0,0.0,11.5,2.0,5.4,0.37,0.5,2.4,0.225,1.5,3.1,0.481,0.418,0.2,0.5,0.5,0.4,1.6,1.9,1.6,0.4,0.3,0.6,1.2,4.8,95.0,118.0,9.1,0.424,0.435,0.087,3.2,15.6,9.2,19.3,1.7,2.3,9.5,22.4,-0.01764705882352941,0.0058823529411764705,-0.0058823529411764705,-0.031,-4.3,-0.2,-4.5,-0.1,-8.7,-6.8,0.4117647058823529,0.0,0.6470588235294118,0.0,0.23529411764705882,0.0,3.411764705882353,0.11764705882352941,0.4117647058823529,17.5,0.565,0.098,0.141,0.163,0.163,0.435,0.556,0.462,0.467,0.467,0.32,0.667,0.0,0.0,0.25,0.1,2.29,1.24,1.06,1.12,0.0,0.24,0.47,0.12,0.12,0.24,0.5,0.5,0.0,0.12,0.12,0.12,0.06,0.0,1.0,1.0,0.5,17.0,19.8,1.6,0.2,0.2,2.8,3.9,2.0,0.093,0.118,0.7,3.3,3.9,0.569,0.0,0.0,0.0,0.0,0.0,0.0,2.4,0.381,1.0,2.4,0.0,0.0,0.0,0.0,0.0,0.0,0.0,0.0,0.0,0.0,0.0,0.0,5.56,0.551,0.098,0.233,102.12,0.617,0.333,0.346
Reggie Bullock,SF,32.0,HOU,44.0,0.0,9.5,0.8,1.9,0.415,0.6,1.5,0.403,0.2,0.3,0.467,0.579,0.0,0.0,1.0,0.1,1.5,1.7,0.3,0.3,0.1,0.2,0.7,2.2,112.0,114.0,7.7,0.582,0.817,0.012,1.5,17.4,9.4,4.6,1.4,1.1,10.8,9.4,0.002272727272727273,0.011363636363636364,0.013636363636363636,0.072,-2.9,0.5,-2.4,0.0,-5.9,-7.9,0.20454545454545456,0.0,0.2727272727272727,0.022727272727272728,0.022727272727272728,0.0,0.75,0.022727272727272728,0.045454545454545456,22.1,0.183,0.049,0.037,0.049,0.049,0.817,1.0,0.333,0.25,0.25,1.0,0.963,0.0,0.0,0.433,0.552,,,,,,,,,,,,,,,,,,,,,,,,,,,,,,,,,,,,,,,,,,,,,,,,,,,,,,,,,,,,,,,,,
Alec Burks,SG,32.0,TOT,66.0,1.0,18.4,3.2,8.6,0.369,1.9,5.0,0.376,1.3,3.6,0.36,0.478,2.2,2.5,0.868,0.4,1.9,2.3,1.3,0.4,0.2,0.7,1.1,10.4,111.0,120.0,12.9,0.536,0.58,0.293,2.2,11.8,6.9,10.7,1.1,0.9,7.0,24.4,0.010606060606060605,0.010606060606060605,0.02121212121212121,0.054,-0.3,-2.0,-2.3,-0.1,-10.2,-5.4,0.4090909090909091,0.22727272727272727,0.5606060606060606,0.045454545454545456,1.0151515151515151,0.22727272727272727,3.227272727272727,0.13636363636363635,0.3181818181818182,18.6,0.42,0.086,0.132,0.125,0.077,0.58,0.469,0.307,0.38,0.295,0.5,0.782,0.0,0.0,0.282,0.366,2.32,1.39,0.92,0.67,0.02,0.08,0.17,0.2,0.15,0.35,0.565,0.435,0.02,0.2,0.21,0.18,0.08,0.071,0.929,0.857,0.357,18.6,21.2,1.3,0.1,0.1,2.1,3.4,1.5,0.072,0.083,0.9,3.7,4.5,0.575,0.0,0.0,0.6212121212121212,0.053954545454545456,1.0212272727272729,0.5303030303030303,2.1954545454545453,0.2667878787878788,0.8422424242424242,2.6742424242424243,0.0,0.0,0.0,0.0,4.007575757575758,0.34119696969696967,1.1203787878787879,3.546969696969697,0.0,0.0,0.0,0.0,6.09,0.477,0.011,0.115,100.63,0.25,0.54,0.165
Jared Butler,SG,23.0,WAS,40.0,0.0,14.2,2.5,5.0,0.488,0.6,2.0,0.308,1.9,3.1,0.602,0.547,0.8,0.9,0.861,0.2,1.2,1.5,3.2,0.7,0.2,1.3,1.5,6.3,111.0,119.0,14.1,0.579,0.388,0.179,1.7,9.5,5.5,30.9,2.4,1.2,18.7,19.9,0.0075,0.0075,0.015,0.054,-1.5,-0.5,-2.1,0.0,-5.3,4.6,0.875,0.275,0.9,0.05,0.4,0.225,7.375,0.125,0.325,13.9,0.612,0.214,0.328,0.05,0.02,0.388,0.86,0.424,0.7,0.5,0.365,0.667,0.01,0.05,0.154,0.5,2.2,0.9,1.3,1.18,0.05,0.15,0.35,0.1,0.25,0.35,0.286,0.714,0.0,0.1,0.1,0.05,0.03,0.0,1.0,0.5,0.25,21.1,23.5,3.2,0.5,0.3,5.9,8.4,3.9,0.149,0.183,1.0,2.9,3.8,0.582,0.0,0.0,1.1,0.131,1.2,0.9,1.9,0.363,0.784,2.4,0.0,0.0,0.0,0.0,0.0,0.0,0.0,0.0,0.0,0.0,0.0,0.0,6.39,0.478,0.02,0.321,103.36,0.59,0.287,0.55
Jimmy Butler,PF,34.0,MIA,60.0,60.0,34.0,6.6,13.2,0.499,1.0,2.4,0.414,5.6,10.8,0.519,0.537,6.6,7.7,0.858,1.8,3.6,5.3,5.0,1.3,0.3,1.7,1.1,20.8,129.0,113.0,22.0,0.626,0.183,0.579,5.8,11.9,8.8,23.1,1.9,0.8,9.3,24.0,0.10666666666666667,0.045000000000000005,0.15166666666666667,0.214,3.9,0.7,4.6,3.4,5.5,7.2,0.9333333333333333,0.5166666666666667,0.5,0.16666666666666666,3.4166666666666665,0.08333333333333333,12.8,0.7666666666666667,1.05,9.7,0.817,0.267,0.356,0.139,0.055,0.183,0.679,0.465,0.391,0.409,0.452,0.8,0.057,0.6833333333333333,0.483,0.443,3.23,1.33,1.9,2.27,0.02,0.72,1.67,0.52,0.45,0.97,0.534,0.466,0.22,0.4,0.62,0.58,0.3,0.351,0.649,0.946,0.486,40.8,47.0,5.0,0.3,0.5,10.1,13.5,5.8,0.122,0.142,4.0,5.5,9.4,0.562,2.3,0.9,3.0,0.153,1.072,2.8,3.1,0.207,0.836,3.8,0.7,0.026,1.5,0.5,3.0,0.134,1.234,2.4,0.0,0.0,0.0,0.0,10.65,0.473,0.0,0.228,97.23,0.539,0.144,0.459
Jamal Cain,PF,24.0,MIA,26.0,1.0,10.0,1.3,3.0,0.43,0.4,1.2,0.355,0.9,1.8,0.479,0.5,0.7,0.9,0.783,0.6,0.8,1.4,0.4,0.4,0.2,0.3,0.8,3.7,112.0,113.0,11.5,0.544,0.392,0.291,6.5,9.7,8.1,5.6,1.9,1.9,8.2,16.7,0.0038461538461538464,0.011538461538461537,0.019230769230769232,0.089,-2.5,0.2,-2.3,0.0,-4.3,-6.8,0.07692307692307693,0.07692307692307693,0.38461538461538464,0.0,0.46153846153846156,0.038461538461538464,0.9230769230769231,0.038461538461538464,0.11538461538461539,13.2,0.608,0.215,0.253,0.101,0.038,0.392,0.647,0.35,0.375,0.667,0.652,0.727,0.076,0.19230769230769232,0.581,0.278,1.5,0.85,0.65,0.77,0.0,0.27,0.62,0.12,0.04,0.15,0.75,0.25,0.08,0.12,0.19,0.19,0.08,0.4,0.6,1.0,0.4,7.3,6.8,0.4,0.0,0.0,0.7,1.0,0.4,0.053,0.058,2.2,2.9,5.0,0.5,0.0,0.0,0.0,0.0,0.0,0.0,0.0,0.0,0.0,0.0,0.0,0.0,0.0,0.0,1.0,0.303,0.867,1.2,0.0,0.0,0.0,0.0,5.95,0.425,-0.027,0.056,100.78,0.474,0.34,0.371
Kentavious Caldwell-Pope,SG,30.0,DEN,76.0,76.0,31.6,3.6,7.7,0.46,1.6,4.1,0.406,1.9,3.7,0.52,0.566,1.3,1.5,0.894,0.4,2.0,2.4,2.4,1.3,0.6,1.0,2.0,10.1,119.0,115.0,10.7,0.602,0.525,0.193,1.5,6.8,4.2,9.5,2.0,1.5,10.5,12.9,0.028947368421052635,0.034210526315789476,0.06315789473684211,0.096,-2.1,0.7,-1.4,0.4,11.7,15.8,0.6973684210526315,0.18421052631578946,1.144736842105263,0.05263157894736842,0.4473684210526316,0.25,5.526315789473684,0.09210526315789473,0.18421052631578946,17.2,0.475,0.177,0.085,0.089,0.124,0.525,0.615,0.44,0.423,0.507,0.745,0.944,0.02,0.15789473684210525,0.373,0.426,2.36,1.45,0.91,2.39,0.0,0.51,1.16,0.36,0.39,0.75,0.474,0.526,0.03,0.18,0.21,0.18,0.09,0.125,0.875,0.933,0.467,26.3,25.8,2.4,0.2,0.3,3.7,6.0,2.9,0.091,0.111,1.0,3.6,4.5,0.59,0.0,0.0,0.0,0.0,0.0,0.0,0.6,0.086,0.767,0.8,0.2,0.023,0.875,0.2,3.5,0.324,1.163,3.0,0.0,0.0,0.0,0.0,9.39,0.443,-0.022,0.09,97.99,0.379,0.49,0.245
Toumani Camara,PF,23.0,POR,70.0,49.0,24.8,2.8,6.3,0.45,0.8,2.5,0.337,2.0,3.8,0.523,0.516,1.1,1.4,0.758,2.0,2.9,4.9,1.2,0.9,0.5,1.2,2.5,7.5,110.0,117.0,10.6,0.547,0.393,0.226,8.4,14.0,11.0,7.2,1.9,1.7,14.9,13.8,0.008571428571428572,0.02,0.02857142857142857,0.055,-3.1,0.0,-3.1,-0.5,-4.8,8.2,0.5428571428571428,0.2714285714285714,1.3142857142857143,0.18571428571428572,0.6285714285714286,0.4857142857142857,3.0428571428571427,0.14285714285714285,0.38571428571428573,11.6,0.607,0.352,0.224,0.023,0.009,0.393,0.643,0.367,0.3,0.25,0.504,1.0,0.068,0.34285714285714286,0.448,0.351,4.37,2.7,1.67,2.01,0.19,0.57,1.36,0.33,0.3,0.63,0.523,0.477,0.33,0.61,0.94,0.89,0.46,0.348,0.652,0.939,0.485,22.5,16.0,1.2,0.1,0.1,2.5,3.3,1.5,0.054,0.066,4.8,5.1,9.7,0.502,0.1,0.0,0.1,0.018,0.5,0.1,0.0,0.0,0.0,0.0,0.4,0.056,0.875,0.5,0.0,0.0,0.0,0.0,0.8,0.079,1.178,0.6,9.99,0.498,0.023,0.072,99.35,0.528,0.33,0.516
Clint Capela,C,29.0,ATL,73.0,73.0,25.8,4.8,8.5,0.571,0.0,0.0,0.0,4.8,8.5,0.572,0.571,1.8,2.8,0.631,4.6,6.0,10.6,1.2,0.6,1.5,1.0,2.2,11.5,128.0,115.0,20.7,0.59,0.002,0.333,18.7,26.5,22.4,6.9,1.1,5.1,9.5,17.3,0.06027397260273973,0.02602739726027397,0.08630136986301369,0.161,1.0,-1.0,0.1,1.0,-0.6,3.1,0.3287671232876712,0.3150684931506849,1.178082191780822,0.2191780821917808,1.4794520547945205,0.2328767123287671,3.1095890410958904,0.3013698630136986,0.9452054794520548,2.5,0.998,0.693,0.291,0.011,0.003,0.002,0.636,0.433,0.429,0.0,0.68,0.0,0.252,1.9726027397260273,0.0,0.0,8.56,6.99,1.58,1.18,0.19,3.14,7.16,0.45,0.25,0.7,0.647,0.353,0.74,1.67,2.41,2.37,1.68,0.307,0.693,0.989,0.703,19.5,18.0,1.2,0.1,0.1,2.1,3.4,1.5,0.064,0.077,8.4,9.1,17.1,0.622,0.6,0.4,0.0,0.0,0.0,0.0,0.0,0.0,0.0,0.0,2.4,0.194,1.164,2.1,0.2,0.023,0.889,0.2,3.4,0.257,1.244,2.8,13.21,0.494,-0.006,0.067,101.78,0.844,0.0,0.842
Jevon Carter,PG,28.0,CHI,72.0,0.0,13.9,1.9,5.1,0.378,1.1,3.3,0.329,0.8,1.8,0.466,0.484,0.1,0.1,0.571,0.2,0.7,0.8,1.3,0.5,0.2,0.5,1.0,5.0,101.0,119.0,8.5,0.485,0.641,0.019,1.2,5.6,3.3,12.9,1.8,1.6,8.9,17.7,-0.006944444444444444,0.009722222222222222,0.002777777777777778,0.009,-3.3,-0.7,-4.0,-0.5,1.6,4.0,0.2638888888888889,0.08333333333333333,0.375,0.05555555555555555,0.027777777777777776,0.05555555555555555,3.0833333333333335,0.013888888888888888,0.08333333333333333,20.4,0.359,0.041,0.088,0.134,0.096,0.641,0.333,0.438,0.469,0.543,0.689,0.87,0.0,0.0,0.252,0.39,1.56,0.54,1.01,1.25,0.03,0.15,0.33,0.1,0.17,0.26,0.368,0.632,0.01,0.1,0.11,0.1,0.0,0.125,0.875,0.875,0.0,15.9,16.7,1.3,0.1,0.2,1.8,3.3,1.6,0.083,0.1,0.6,1.9,2.5,0.577,0.0,0.0,0.0,0.0,0.0,0.0,0.7,0.158,0.766,0.9,0.0,0.0,0.0,0.0,2.6,0.502,0.936,2.8,0.0,0.0,0.0,0.0,5.17,0.472,0.014,0.129,99.43,0.342,0.647,0.151
Wendell Carter Jr,C,24.0,ORL,55.0,48.0,25.6,4.1,7.7,0.525,1.2,3.1,0.374,2.9,4.6,0.626,0.6,1.7,2.4,0.694,2.0,4.9,6.9,1.7,0.6,0.5,1.2,2.2,11.0,122.0,111.0,15.9,0.623,0.402,0.315,9.3,22.7,15.9,9.9,1.2,1.9,12.3,17.2,0.04,0.038181818181818185,0.08,0.149,0.5,0.4,0.9,1.0,1.9,0.1,0.32727272727272727,0.3090909090909091,1.2181818181818183,0.4,1.018181818181818,0.18181818181818182,4.090909090909091,0.21818181818181817,0.41818181818181815,12.6,0.598,0.332,0.191,0.059,0.016,0.402,0.809,0.395,0.44,0.286,0.736,0.984,0.186,1.290909090909091,0.415,0.338,,,,,,,,,,,,,,,,,,,,,,,,,,,,,,,,,,,,,,,,,,,,,,,,,,,,,,,,,,,,,,,,,
DJ Carton,SG,23.0,TOR,4.0,0.0,9.0,0.8,2.0,0.375,0.3,1.0,0.25,0.5,1.0,0.5,0.438,1.0,1.3,0.8,0.5,0.5,1.0,0.8,0.3,0.0,0.3,0.8,2.8,120.0,123.0,9.6,0.539,0.5,0.625,6.0,6.2,6.1,10.5,1.3,0.0,8.9,13.3,0.0,0.0,0.0,0.062,-4.2,-1.1,-5.3,0.0,-38.0,-31.8,0.25,0.0,0.0,0.0,0.5,0.0,2.0,0.25,0.0,14.4,0.5,0.25,0.25,0.0,0.0,0.5,0.5,0.5,0.0,0.0,0.5,1.0,0.0,0.0,0.75,0.333,2.0,1.0,1.0,0.25,0.0,0.0,0.0,0.25,0.5,0.75,0.333,0.667,0.0,0.0,0.0,0.0,0.0,0.0,0.0,0.0,0.0,13.8,15.0,0.8,0.3,0.5,3.5,2.5,1.5,0.055,0.109,1.0,1.0,2.0,0.667,0.0,0.0,0.0,0.0,0.0,0.0,0.0,0.0,0.0,0.0,0.0,0.0,0.0,0.0,0.0,0.0,0.0,0.0,0.0,0.0,0.0,0.0,6.75,0.519,0.064,0.15,108.07,0.364,0.273,0.364
Alex Caruso,SG,29.0,CHI,71.0,57.0,28.7,3.6,7.6,0.468,1.9,4.7,0.408,1.6,2.9,0.563,0.593,1.0,1.4,0.76,0.9,3.0,3.8,3.5,1.7,1.0,1.4,2.5,10.1,119.0,113.0,14.5,0.613,0.616,0.177,3.3,11.8,7.5,16.4,2.9,3.5,14.9,14.7,0.0323943661971831,0.036619718309859155,0.06901408450704226,0.115,0.2,2.3,2.5,2.3,0.3,3.4,1.0140845070422535,0.3380281690140845,1.1549295774647887,0.028169014084507043,0.5211267605633803,0.5915492957746479,7.859154929577465,0.07042253521126761,0.352112676056338,17.1,0.384,0.216,0.115,0.022,0.031,0.616,0.675,0.387,0.667,0.353,0.436,0.89,0.031,0.2112676056338028,0.363,0.397,5.0,1.92,3.08,3.73,0.17,0.54,1.15,0.48,0.55,1.03,0.466,0.534,0.03,0.38,0.41,0.39,0.13,0.069,0.931,0.966,0.31,41.3,31.8,3.4,0.3,0.5,5.6,8.4,4.3,0.083,0.103,2.4,5.7,7.7,0.523,0.0,0.0,0.2,0.014,1.1,0.1,1.7,0.184,0.93,1.8,0.3,0.024,1.059,0.2,4.3,0.425,1.044,4.2,0.5,0.042,1.172,0.4,13.27,0.452,-0.02,0.167,99.21,0.327,0.571,0.302
Colin Castleton,C,23.0,LAL,16.0,0.0,3.7,0.6,1.0,0.563,0.0,0.0,0.0,0.6,1.0,0.563,0.563,0.4,0.4,1.0,0.4,0.4,0.8,0.2,0.1,0.0,0.2,0.7,1.5,126.0,118.0,13.0,0.644,0.0,0.375,11.9,10.8,11.3,6.8,1.6,0.0,13.9,15.8,0.00625,0.0,0.0125,0.128,-3.9,-1.4,-5.2,0.0,-42.4,-43.4,0.125,0.0,0.375,0.0625,0.0625,0.0,0.375,0.0,0.125,3.6,1.0,0.5,0.438,0.063,0.0,0.0,0.625,0.429,1.0,0.0,0.667,0.0,0.188,0.1875,0.0,0.0,0.94,0.5,0.44,0.31,0.0,0.44,0.94,0.13,0.0,0.13,1.0,0.0,0.06,0.13,0.19,0.19,0.13,0.333,0.667,1.0,0.667,3.9,2.4,0.2,0.1,0.0,0.4,0.5,0.3,0.048,0.063,1.1,1.4,2.4,0.647,0.0,0.0,0.0,0.0,0.0,0.0,0.0,0.0,0.0,0.0,0.0,0.0,0.0,0.0,0.0,0.0,0.0,0.0,0.0,0.0,0.0,0.0,3.18,0.543,0.096,0.107,101.56,0.75,0.0,0.667
Malcolm Cazalon,SG,22.0,DET,1.0,0.0,3.0,0.0,0.0,0.0,0.0,0.0,0.0,0.0,0.0,0.0,0.0,0.0,0.0,0.0,0.0,0.0,0.0,0.0,0.0,0.0,0.0,0.0,0.0,0.0,127.0,0.0,0.0,0.0,0.0,0.0,0.0,0.0,0.0,0.0,0.0,0.0,0.0,0.0,0.0,0.0,-0.012,-6.0,-3.2,-9.1,0.0,63.3,72.2,0.0,0.0,0.0,0.0,0.0,0.0,0.0,0.0,0.0,0.0,0.0,0.0,0.0,0.0,0.0,0.0,0.0,0.0,0.0,0.0,0.0,0.0,0.0,0.0,0.0,0.0,0.0,0.0,0.0,0.0,0.0,0.0,0.0,0.0,0.0,0.0,0.0,0.0,0.0,0.0,0.0,0.0,0.0,0.0,0.0,0.0,0.0,1.0,0.0,0.0,0.0,0.0,0.0,0.0,0.0,0.0,0.0,0.0,0.0,0.0,0.0,0.0,0.0,0.0,0.0,0.0,0.0,0.0,0.0,0.0,0.0,0.0,0.0,0.0,0.0,0.0,0.0,0.0,0.0,0.0,0.0,0.0,0.0,0.0,0.0,0.0,0.0,111.48,0.0,0.0,0.0
Julian Champagnie,SF,22.0,SAS,74.0,59.0,19.8,2.2,5.4,0.408,1.4,3.7,0.365,0.9,1.7,0.504,0.534,1.0,1.2,0.815,0.6,2.2,2.8,1.4,0.6,0.6,0.8,1.0,6.8,111.0,117.0,10.6,0.57,0.689,0.229,3.1,12.2,7.6,9.3,1.6,2.4,11.4,14.4,0.008108108108108109,0.01756756756756757,0.024324324324324326,0.059,-1.8,-0.1,-1.9,0.0,-4.0,3.7,0.4189189189189189,0.13513513513513514,0.6216216216216216,0.04054054054054054,0.5675675675675675,0.06756756756756757,3.27027027027027,0.08108108108108109,0.2702702702702703,18.4,0.311,0.194,0.09,0.012,0.015,0.689,0.641,0.306,0.0,0.333,0.857,0.98,0.067,0.25675675675675674,0.329,0.363,3.28,1.8,1.49,1.24,0.0,0.16,0.42,0.11,0.28,0.39,0.276,0.724,0.0,0.39,0.39,0.38,0.2,0.0,1.0,0.966,0.517,18.4,15.4,1.3,0.1,0.2,2.3,3.4,1.6,0.073,0.088,1.4,4.2,5.5,0.556,0.0,0.0,0.0,0.0,0.0,0.0,0.1,0.03,0.667,0.2,0.0,0.0,0.0,0.0,3.4,0.493,1.041,3.3,0.4,0.057,1.107,0.4,8.65,0.456,-0.017,0.093,103.07,0.25,0.601,0.242
Justin Champagnie,SF,22.0,WAS,15.0,1.0,15.7,2.1,5.2,0.41,0.9,3.0,0.289,1.3,2.2,0.576,0.494,0.8,1.0,0.8,1.3,2.3,3.5,1.3,0.7,0.6,0.7,0.9,5.9,110.0,117.0,13.6,0.526,0.577,0.192,8.5,15.8,12.1,10.7,2.0,3.1,10.6,17.0,0.006666666666666667,0.013333333333333334,0.02,0.058,-1.1,-0.8,-1.8,0.0,-13.1,-4.1,0.5333333333333333,0.13333333333333333,0.6666666666666666,0.0,0.3333333333333333,0.0,2.7333333333333334,0.06666666666666667,0.4,16.0,0.423,0.295,0.115,0.0,0.013,0.577,0.739,0.222,0.0,0.0,0.737,1.0,0.038,0.2,0.444,0.25,2.8,1.6,1.2,0.8,0.0,0.07,0.13,0.13,0.4,0.53,0.25,0.75,0.07,0.07,0.13,0.13,0.07,0.5,0.5,1.0,0.5,16.7,10.8,1.3,0.1,0.0,1.8,3.0,1.3,0.076,0.08,3.0,4.7,7.3,0.609,0.0,0.0,0.0,0.0,0.0,0.0,0.0,0.0,0.0,0.0,0.0,0.0,0.0,0.0,1.9,0.312,1.0,1.9,0.0,0.0,0.0,0.0,7.2,0.481,0.026,0.112,104.86,0.427,0.438,0.427
Max Christie,SG,20.0,LAL,67.0,7.0,14.1,1.5,3.6,0.427,0.6,1.8,0.356,0.9,1.8,0.496,0.515,0.5,0.7,0.783,0.2,1.9,2.1,0.9,0.3,0.3,0.5,0.9,4.2,105.0,117.0,8.4,0.544,0.49,0.191,1.9,14.2,8.4,8.0,1.0,1.6,11.8,13.6,-0.0014925373134328358,0.011940298507462687,0.01044776119402985,0.036,-3.2,-0.4,-3.6,-0.4,-0.5,-1.2,0.3880597014925373,0.07462686567164178,0.4925373134328358,0.05970149253731343,0.2835820895522388,0.014925373134328358,2.2686567164179103,0.029850746268656716,0.31343283582089554,16.3,0.51,0.166,0.158,0.124,0.062,0.49,0.6,0.342,0.533,0.533,0.639,0.976,0.075,0.23880597014925373,0.415,0.449,3.27,1.82,1.45,0.43,0.0,0.18,0.43,0.15,0.1,0.25,0.588,0.412,0.0,0.09,0.09,0.07,0.01,0.0,1.0,1.0,0.2,12.6,11.3,0.9,0.1,0.1,1.5,2.4,1.0,0.072,0.083,0.7,4.4,5.1,0.607,0.0,0.0,0.2,0.061,0.611,0.3,0.0,0.0,0.0,0.0,0.0,0.0,0.0,0.0,2.4,0.407,1.308,1.8,0.3,0.044,1.462,0.2,7.03,0.445,-0.016,0.084,104.25,0.43,0.444,0.324
Sidy Cissoko,SF,19.0,SAS,12.0,0.0,11.8,1.3,2.8,0.485,0.1,1.0,0.083,1.3,1.8,0.714,0.5,1.0,1.3,0.8,0.7,1.2,1.8,0.8,0.6,0.3,0.3,1.5,3.8,124.0,116.0,12.0,0.568,0.364,0.455,6.1,10.8,8.4,9.4,2.4,1.8,7.0,12.7,0.016666666666666666,0.008333333333333333,0.024999999999999998,0.11,-4.0,1.4,-2.7,0.0,9.1,16.0,0.0,0.16666666666666666,0.5833333333333334,0.0,0.6666666666666666,0.0,2.1666666666666665,0.08333333333333333,0.16666666666666666,10.4,0.636,0.424,0.212,0.0,0.0,0.364,0.857,0.429,0.0,0.0,0.8,1.0,0.333,0.8333333333333334,0.5,0.167,1.92,1.33,0.58,0.92,0.0,0.08,0.25,0.17,0.17,0.33,0.5,0.5,0.0,0.42,0.42,0.42,0.25,0.0,1.0,1.0,0.6,10.0,8.5,0.8,0.0,0.1,1.6,2.2,0.9,0.083,0.092,2.8,3.1,5.6,0.489,0.0,0.0,0.0,0.0,0.0,0.0,0.0,0.0,0.0,0.0,0.0,0.0,0.0,0.0,0.4,0.302,0.385,1.1,0.0,0.0,0.0,0.0,6.63,0.472,-0.005,0.095,105.25,0.667,0.067,0.667
Brandon Clarke,PF,27.0,MEM,6.0,1.0,22.3,5.5,9.8,0.559,0.2,1.0,0.167,5.3,8.8,0.604,0.568,0.2,1.2,0.143,2.2,3.2,5.3,1.5,0.8,1.0,0.5,1.3,11.3,114.0,113.0,18.9,0.548,0.102,0.119,10.2,16.2,13.1,12.2,1.8,4.2,4.6,20.8,0.016666666666666666,0.03333333333333333,0.049999999999999996,0.108,0.7,0.3,1.0,0.1,-5.6,1.7,0.16666666666666666,0.16666666666666666,1.0,0.16666666666666666,0.5,0.16666666666666666,3.3333333333333335,0.3333333333333333,0.8333333333333334,9.2,0.898,0.254,0.373,0.186,0.085,0.102,0.6,0.682,0.545,0.4,0.781,1.0,0.034,0.3333333333333333,0.667,0.25,3.0,2.5,0.5,1.33,0.0,0.83,1.83,0.33,0.33,0.67,0.5,0.5,0.17,1.17,1.33,1.33,0.83,0.125,0.875,1.0,0.625,21.5,23.7,1.5,0.0,0.2,2.7,3.3,1.7,0.07,0.078,4.7,5.7,9.8,0.542,0.2,0.0,0.0,0.0,0.0,0.0,0.0,0.0,0.0,0.0,4.0,0.292,1.263,3.2,1.2,0.231,0.467,2.5,0.0,0.0,0.0,0.0,8.0,0.542,0.053,0.111,101.31,0.941,0.044,0.853
Jordan Clarkson,SG,31.0,UTA,55.0,19.0,30.6,6.1,14.8,0.413,1.7,5.6,0.294,4.5,9.2,0.485,0.469,3.2,3.7,0.881,0.9,2.5,3.4,5.0,0.6,0.1,2.7,1.5,17.1,107.0,124.0,12.7,0.521,0.379,0.246,3.2,9.0,6.2,24.6,1.0,0.3,13.9,26.1,0.0018181818181818182,0.0018181818181818182,0.0036363636363636364,0.006,-1.3,-3.2,-4.5,-1.1,-5.7,-1.5,1.2727272727272727,0.9818181818181818,0.7090909090909091,0.2,1.4727272727272727,0.05454545454545454,12.218181818181819,0.2909090909090909,0.9272727272727272,14.9,0.621,0.113,0.339,0.125,0.044,0.379,0.598,0.473,0.412,0.5,0.37,0.703,0.017,0.23636363636363636,0.133,0.415,2.8,1.09,1.71,1.31,0.0,0.71,1.69,0.24,0.29,0.53,0.448,0.552,0.0,0.38,0.38,0.38,0.09,0.0,1.0,1.0,0.238,29.9,42.3,5.1,0.5,0.4,9.1,13.3,6.0,0.17,0.201,2.2,4.6,6.8,0.529,0.1,0.0,2.9,0.154,1.0,2.9,3.8,0.255,0.789,4.8,0.1,0.011,0.455,0.2,3.3,0.18,0.963,3.4,0.7,0.036,1.108,0.7,9.47,0.499,0.03,0.247,100.77,0.522,0.29,0.448
Nic Claxton,C,24.0,BRK,71.0,71.0,29.8,5.2,8.2,0.629,0.0,0.1,0.2,5.1,8.1,0.633,0.63,1.5,2.8,0.551,2.7,7.2,9.9,2.1,0.6,2.1,1.3,2.5,11.8,124.0,111.0,18.7,0.629,0.009,0.337,9.7,27.3,18.2,10.4,1.1,6.2,12.2,15.6,0.04929577464788732,0.04507042253521127,0.09436619718309859,0.152,-0.3,1.5,1.2,1.7,-5.7,-5.7,0.323943661971831,0.352112676056338,1.056338028169014,0.43661971830985913,1.2535211267605635,0.18309859154929578,4.915492957746479,0.3380281690140845,0.5774647887323944,3.6,0.991,0.596,0.337,0.05,0.009,0.009,0.769,0.434,0.345,0.6,0.729,1.0,0.328,2.4225352112676055,0.8,0.25,10.87,8.27,2.61,1.58,0.0,3.48,7.68,0.31,0.27,0.58,0.537,0.463,0.72,1.56,2.28,2.2,1.3,0.315,0.685,0.981,0.579,33.5,25.9,2.0,0.1,0.2,2.7,5.0,2.3,0.06,0.068,6.3,11.5,17.5,0.565,0.6,0.5,0.4,0.041,0.871,0.4,0.0,0.0,0.0,0.0,2.7,0.216,1.171,2.3,0.0,0.0,0.0,0.0,3.4,0.269,1.185,2.9,17.23,0.467,-0.02,0.107,98.42,0.868,0.004,0.851
Noah Clowney,PF,19.0,BRK,23.0,4.0,16.1,2.2,4.0,0.538,0.5,1.4,0.364,1.7,2.6,0.633,0.602,0.9,1.3,0.7,1.1,2.4,3.5,0.8,0.3,0.7,0.7,1.1,5.8,122.0,115.0,14.2,0.626,0.355,0.323,7.5,16.7,12.0,6.9,1.1,3.9,12.4,14.2,0.021739130434782608,0.017391304347826087,0.0391304347826087,0.111,-0.8,0.1,-0.7,0.1,-6.0,-3.4,0.21739130434782608,0.30434782608695654,0.6521739130434783,0.08695652173913043,0.5652173913043478,0.043478260869565216,2.0,0.17391304347826086,0.34782608695652173,10.5,0.645,0.419,0.215,0.011,0.0,0.355,0.795,0.3,1.0,0.0,0.763,1.0,0.118,0.4782608695652174,0.606,0.45,4.43,3.0,1.43,0.83,0.0,1.48,3.35,0.09,0.22,0.3,0.286,0.714,0.22,0.83,1.04,1.0,0.57,0.208,0.792,1.0,0.565,14.1,11.2,0.7,0.1,0.0,1.6,2.0,0.8,0.052,0.058,3.0,5.3,8.0,0.535,0.2,0.0,0.0,0.0,0.0,0.0,0.0,0.0,0.0,0.0,0.3,0.107,0.615,0.6,1.9,0.322,1.128,1.7,0.0,0.0,0.0,0.0,8.95,0.52,0.051,0.074,99.61,0.571,0.271,0.571
Amir Coffey,SF,26.0,LAC,70.0,13.0,20.9,2.4,5.0,0.472,1.0,2.6,0.38,1.4,2.4,0.571,0.571,0.9,1.0,0.859,0.4,1.7,2.1,1.1,0.6,0.2,0.5,1.5,6.6,122.0,118.0,10.0,0.604,0.523,0.202,2.3,8.9,5.7,6.8,1.4,0.9,7.9,12.5,0.022857142857142857,0.014285714285714285,0.037142857142857144,0.084,-1.9,-0.3,-2.2,-0.1,-2.8,-10.3,0.22857142857142856,0.12857142857142856,0.8285714285714286,0.07142857142857142,0.4857142857142857,0.1,2.7142857142857144,0.17142857142857143,0.2857142857142857,16.6,0.477,0.151,0.159,0.128,0.04,0.523,0.774,0.5,0.489,0.357,0.771,0.971,0.023,0.1,0.5,0.424,2.7,1.51,1.19,0.93,0.01,0.36,0.79,0.09,0.11,0.2,0.429,0.571,0.03,0.29,0.31,0.31,0.1,0.091,0.909,1.0,0.318,13.9,13.7,1.1,0.1,0.1,1.7,2.9,1.3,0.079,0.092,0.9,3.6,4.4,0.597,0.0,0.0,0.0,0.0,0.0,0.0,0.4,0.072,0.9,0.4,0.4,0.043,1.611,0.3,0.0,0.0,0.0,0.0,0.0,0.0,0.0,0.0,7.88,0.479,0.019,0.068,100.74,0.415,0.454,0.371
John Collins,PF,26.0,UTA,68.0,66.0,28.0,5.8,11.0,0.532,1.3,3.4,0.371,4.6,7.6,0.605,0.59,2.2,2.7,0.795,2.3,6.1,8.5,1.1,0.6,0.9,1.4,2.8,15.1,121.0,118.0,17.5,0.621,0.311,0.248,9.2,24.0,16.7,6.1,1.0,2.9,10.6,20.4,0.04558823529411765,0.01911764705882353,0.06470588235294118,0.11,0.5,-1.4,-0.9,0.5,-7.3,-4.7,0.5294117647058824,0.47058823529411764,1.7941176470588236,0.22058823529411764,1.2794117647058822,0.20588235294117646,2.7205882352941178,0.3382352941176471,1.0735294117647058,11.0,0.689,0.303,0.304,0.043,0.039,0.311,0.783,0.493,0.438,0.276,0.73,0.988,0.15,1.5588235294117647,0.431,0.37,6.37,3.99,2.38,0.93,0.1,1.76,4.12,0.57,0.28,0.85,0.672,0.328,0.49,0.69,1.18,1.13,0.69,0.413,0.588,0.963,0.588,30.4,23.7,1.1,0.1,0.2,2.7,3.0,1.4,0.037,0.048,5.7,9.2,14.4,0.588,1.0,0.6,0.1,0.024,0.273,0.3,0.2,0.015,0.786,0.2,2.9,0.144,1.466,2.0,3.6,0.271,0.988,3.7,1.7,0.089,1.378,1.2,12.24,0.526,0.038,0.06,101.3,0.606,0.251,0.571
Zach Collins,C,26.0,SAS,69.0,29.0,22.1,4.3,8.9,0.484,0.8,2.6,0.32,3.5,6.3,0.552,0.531,1.8,2.3,0.753,1.7,3.7,5.4,2.8,0.5,0.8,1.9,3.0,11.2,108.0,116.0,14.3,0.565,0.294,0.263,8.3,18.0,13.1,18.9,1.1,2.8,16.1,22.7,0.005797101449275362,0.021739130434782608,0.026086956521739132,0.057,-2.0,-0.1,-2.0,0.0,-12.3,-9.6,0.9130434782608695,0.4057971014492754,1.9130434782608696,0.4057971014492754,1.0,0.11594202898550725,6.405797101449275,0.2898550724637681,0.5652173913043478,11.5,0.706,0.266,0.313,0.088,0.039,0.294,0.726,0.472,0.463,0.208,0.713,1.0,0.042,0.36231884057971014,0.099,0.333,8.87,7.14,1.72,1.07,0.03,2.91,6.38,0.2,0.2,0.41,0.5,0.5,0.38,1.38,1.75,1.7,0.9,0.215,0.785,0.975,0.517,27.2,26.8,2.9,0.4,0.3,4.6,7.3,3.5,0.105,0.129,4.9,7.0,11.5,0.484,1.9,1.3,0.3,0.027,1.045,0.3,0.0,0.0,0.0,0.0,3.6,0.303,0.992,3.6,1.3,0.127,0.885,1.5,1.8,0.11,1.356,1.3,14.01,0.503,0.005,0.196,102.48,0.619,0.224,0.57
Mike Conley,PG,36.0,MIN,76.0,76.0,28.9,3.9,8.5,0.457,2.4,5.3,0.442,1.5,3.1,0.481,0.595,1.3,1.5,0.911,0.5,2.4,2.9,5.9,1.2,0.2,1.3,1.7,11.4,129.0,111.0,15.8,0.627,0.629,0.174,2.0,9.0,5.6,28.4,2.0,0.7,12.8,16.0,0.06578947368421052,0.043421052631578944,0.10789473684210525,0.18,2.0,1.4,3.4,3.0,5.4,-2.6,1.0657894736842106,0.17105263157894737,0.75,0.02631578947368421,0.4868421052631579,0.35526315789473684,13.802631578947368,0.11842105263157894,0.19736842105263158,18.8,0.371,0.084,0.161,0.09,0.036,0.629,0.648,0.49,0.362,0.348,0.461,0.804,0.0,0.0,0.225,0.484,2.53,1.24,1.29,2.21,0.01,0.28,0.67,0.3,0.34,0.64,0.469,0.531,0.0,0.13,0.13,0.12,0.03,0.0,1.0,1.0,0.222,54.1,56.0,5.9,0.6,0.9,8.4,15.0,7.5,0.109,0.138,1.3,4.2,5.4,0.583,0.0,0.0,0.2,0.014,1.091,0.1,3.3,0.341,0.933,3.5,0.0,0.0,0.0,0.0,3.0,0.252,1.141,2.6,0.0,0.0,0.0,0.0,9.89,0.448,-0.013,0.29,97.38,0.265,0.618,0.23
Pat Connaughton,SF,31.0,MIL,76.0,3.0,22.1,2.0,4.6,0.435,1.1,3.1,0.345,0.9,1.4,0.633,0.553,0.6,0.8,0.759,0.7,2.5,3.1,2.1,0.5,0.3,0.6,1.3,5.6,120.0,118.0,9.6,0.574,0.686,0.167,3.4,12.0,7.8,12.0,1.1,1.0,11.6,10.9,0.021052631578947368,0.015789473684210527,0.03684210526315789,0.08,-1.6,0.0,-1.6,0.2,-1.2,-6.9,0.39473684210526316,0.17105263157894737,0.8157894736842105,0.05263157894736842,0.2631578947368421,0.11842105263157894,5.197368421052632,0.07894736842105263,0.13157894736842105,18.2,0.314,0.205,0.104,0.003,0.003,0.686,0.789,0.333,0.0,1.0,0.667,0.963,0.017,0.039473684210526314,0.403,0.406,3.83,1.62,2.21,0.87,0.03,0.28,0.61,0.18,0.3,0.49,0.378,0.622,0.05,0.25,0.3,0.3,0.09,0.174,0.826,1.0,0.304,25.4,19.4,2.1,0.2,0.2,3.6,5.4,2.4,0.083,0.096,1.5,4.5,5.9,0.557,0.0,0.0,0.0,0.0,0.0,0.0,0.5,0.086,0.972,0.5,0.3,0.064,0.741,0.4,2.6,0.435,1.098,2.4,0.0,0.0,0.0,0.0,9.67,0.469,0.01,0.123,101.34,0.322,0.575,0.318
Bilal Coulibaly,SF,19.0,WAS,63.0,15.0,27.2,3.0,6.9,0.435,1.0,2.9,0.346,2.0,3.9,0.502,0.509,1.5,2.1,0.702,0.9,3.2,4.1,1.7,0.9,0.8,1.4,2.2,8.4,103.0,120.0,8.9,0.543,0.428,0.303,3.4,12.8,8.0,8.2,1.6,2.3,15.1,14.2,-0.007936507936507936,0.014285714285714285,0.006349206349206349,0.013,-3.6,-0.5,-4.2,-0.9,-11.7,-4.4,0.8253968253968254,0.31746031746031744,1.0634920634920635,0.07936507936507936,1.0793650793650793,0.047619047619047616,4.253968253968254,0.30158730158730157,0.6825396825396826,13.2,0.572,0.313,0.188,0.035,0.037,0.428,0.667,0.346,0.133,0.25,0.621,0.953,0.134,0.8095238095238095,0.481,0.393,3.94,2.52,1.41,1.76,0.03,0.48,1.06,0.21,0.41,0.62,0.333,0.667,0.03,0.25,0.29,0.29,0.17,0.111,0.889,1.0,0.611,22.7,19.1,1.7,0.1,0.3,3.1,4.4,2.1,0.077,0.094,2.6,5.6,7.6,0.557,0.0,0.0,0.2,0.031,0.833,0.3,0.5,0.097,0.607,0.9,0.2,0.024,1.0,0.2,3.1,0.343,1.0,3.1,0.8,0.066,1.316,0.6,10.4,0.505,0.036,0.086,103.33,0.466,0.361,0.444
Ricky Council IV,SG,22.0,PHI,32.0,0.0,9.0,1.7,3.5,0.482,0.4,1.0,0.375,1.3,2.5,0.525,0.536,1.7,2.2,0.746,0.4,1.0,1.4,0.5,0.3,0.0,0.2,0.5,5.4,129.0,117.0,18.6,0.604,0.286,0.634,5.3,12.4,8.8,8.2,1.4,0.3,3.4,22.1,0.025,0.009375,0.03125,0.173,2.1,-0.8,1.3,0.2,2.8,-0.2,0.0625,0.0,0.28125,0.03125,1.09375,0.0,1.1875,0.28125,0.1875,10.6,0.714,0.321,0.33,0.036,0.027,0.286,0.639,0.405,0.5,0.667,0.667,1.0,0.08,0.25,0.313,0.4,0.81,0.47,0.34,0.75,0.0,0.31,0.69,0.13,0.09,0.22,0.571,0.429,0.03,0.06,0.09,0.09,0.06,0.333,0.667,1.0,0.667,6.4,7.7,0.5,0.0,0.1,0.9,1.3,0.6,0.081,0.096,1.9,2.8,4.5,0.571,0.0,0.0,0.0,0.0,0.0,0.0,0.0,0.0,0.0,0.0,0.0,0.0,0.0,0.0,0.0,0.0,0.0,0.0,0.0,0.0,0.0,0.0,3.63,0.541,0.083,0.08,103.1,0.486,0.208,0.462
Robert Covington,SF-PF,33.0,TOT,29.0,6.0,16.8,1.5,3.4,0.439,0.7,1.9,0.339,0.8,1.4,0.571,0.536,0.8,0.9,0.846,1.1,2.3,3.3,0.8,1.3,0.6,0.4,1.9,4.4,125.0,108.0,13.6,0.58,0.571,0.265,6.9,15.2,11.0,6.3,3.9,3.4,9.1,10.7,0.020689655172413793,0.03103448275862069,0.05172413793103448,0.145,-1.1,3.2,2.2,0.5,11.7,9.3,0.06896551724137931,0.13793103448275862,0.7586206896551724,0.10344827586206896,0.41379310344827586,0.06896551724137931,1.9655172413793103,0.06896551724137931,0.2413793103448276,16.4,0.429,0.245,0.143,0.031,0.01,0.571,0.625,0.571,0.333,0.0,0.75,1.0,0.031,0.10344827586206896,0.268,0.467,2.72,1.31,1.41,3.03,0.0,0.31,0.83,0.34,0.31,0.66,0.526,0.474,0.07,0.48,0.55,0.48,0.21,0.125,0.875,1.0,0.429,17.2,10.3,0.8,0.1,0.3,1.2,2.2,1.2,0.048,0.07,2.8,4.5,7.1,0.524,0.0,0.0,0.0,0.0,0.0,0.0,0.0,0.0,0.0,0.0,0.0,0.0,0.0,0.0,1.2,0.357,0.775,1.5,0.6,0.107,1.333,0.5,7.33,0.424,-0.043,0.064,98.87,0.378,0.449,0.362
Torrey Craig,SF,33.0,CHI,53.0,14.0,19.8,2.0,4.7,0.43,1.1,2.9,0.392,0.9,1.8,0.49,0.55,0.5,0.7,0.75,1.3,2.8,4.1,1.1,0.6,0.4,0.6,2.1,5.7,119.0,117.0,10.8,0.568,0.61,0.143,7.2,16.1,11.6,7.3,1.4,2.1,10.7,12.5,0.018867924528301886,0.016981132075471698,0.035849056603773584,0.087,-1.8,-0.2,-2.0,0.0,-7.2,-7.9,0.32075471698113206,0.16981132075471697,1.1320754716981132,0.05660377358490566,0.3018867924528302,0.09433962264150944,2.4716981132075473,0.11320754716981132,0.1509433962264151,16.8,0.39,0.219,0.124,0.02,0.028,0.61,0.582,0.419,0.2,0.286,0.583,0.967,0.02,0.05660377358490566,0.451,0.362,4.02,1.98,2.04,1.26,0.02,0.49,1.08,0.25,0.34,0.58,0.419,0.581,0.06,0.36,0.42,0.42,0.26,0.136,0.864,1.0,0.636,21.6,14.7,1.1,0.1,0.2,2.0,2.5,1.3,0.052,0.062,3.4,4.3,7.3,0.58,0.0,0.0,0.0,0.0,0.0,0.0,0.0,0.0,0.0,0.0,0.0,0.0,0.0,0.0,3.2,0.53,1.076,3.0,0.7,0.107,1.094,0.6,8.15,0.493,0.017,0.074,98.28,0.317,0.594,0.297
Jae Crowder,PF,33.0,MIL,50.0,25.0,23.1,2.3,5.4,0.422,1.2,3.3,0.349,1.1,2.1,0.538,0.53,0.5,0.7,0.722,0.6,2.6,3.2,1.3,0.8,0.2,0.5,1.5,6.2,114.0,117.0,8.9,0.546,0.615,0.133,3.0,12.1,7.6,7.2,1.6,0.7,7.4,11.5,0.012,0.02,0.032,0.065,-2.6,0.0,-2.6,-0.2,-2.5,-7.5,0.26,0.1,0.78,0.06,0.22,0.14,3.28,0.02,0.16,18.6,0.385,0.104,0.148,0.059,0.074,0.615,0.714,0.475,0.5,0.45,0.893,0.966,0.0,0.0,0.452,0.4,2.52,1.22,1.3,1.5,0.02,0.24,0.54,0.22,0.34,0.56,0.393,0.607,0.08,0.26,0.34,0.34,0.22,0.235,0.765,1.0,0.647,22.1,15.9,1.3,0.1,0.2,2.3,3.4,1.6,0.06,0.071,1.9,4.5,6.2,0.544,0.0,0.0,0.0,0.0,0.0,0.0,0.3,0.039,1.333,0.2,0.3,0.033,1.3,0.2,3.0,0.502,0.974,3.1,0.8,0.091,1.357,0.6,8.28,0.437,-0.033,0.076,101.49,0.359,0.558,0.263
Jalen Crutcher,PG,24.0,NOP,1.0,0.0,3.0,0.0,1.0,0.0,0.0,0.0,0.0,0.0,1.0,0.0,0.0,0.0,0.0,0.0,0.0,0.0,0.0,0.0,0.0,0.0,0.0,0.0,0.0,0.0,122.0,-12.6,0.0,0.0,0.0,0.0,0.0,0.0,0.0,0.0,0.0,0.0,14.5,0.0,0.0,0.0,-0.334,-18.5,-7.8,-26.2,0.0,50.0,45.4,0.0,0.0,0.0,0.0,0.0,0.0,0.0,0.0,0.0,4.5,1.0,0.0,1.0,0.0,0.0,0.0,0.0,0.0,0.0,0.0,0.0,0.0,0.0,0.0,0.0,0.0,1.0,0.0,1.0,0.0,0.0,0.0,0.0,0.0,0.0,0.0,0.0,0.0,0.0,0.0,0.0,0.0,0.0,0.0,0.0,0.0,0.0,3.0,5.0,0.0,0.0,0.0,0.0,0.0,0.0,0.0,0.0,0.0,0.0,0.0,0.0,0.0,0.0,0.0,0.0,0.0,0.0,0.0,0.0,0.0,0.0,0.0,0.0,0.0,0.0,0.0,0.0,0.0,0.0,0.0,0.0,0.0,0.0,1.0,0.0,-0.448,0.0,90.57,0.0,0.0,0.0
Cade Cunningham,PG,22.0,DET,62.0,62.0,33.5,8.5,18.8,0.449,1.9,5.4,0.355,6.5,13.4,0.487,0.5,3.8,4.4,0.869,0.5,3.8,4.3,7.5,0.9,0.4,3.4,2.5,22.7,108.0,120.0,17.1,0.546,0.287,0.235,1.7,12.9,7.2,37.5,1.3,0.9,14.1,30.8,0.01129032258064516,0.016129032258064516,0.02903225806451613,0.041,2.0,-1.6,0.3,1.2,-8.1,1.6,2.032258064516129,0.9516129032258065,1.3064516129032258,0.20967741935483872,1.7580645161290323,0.0967741935483871,17.35483870967742,0.3387096774193548,1.4838709677419355,13.5,0.713,0.177,0.275,0.154,0.106,0.287,0.618,0.402,0.528,0.427,0.262,0.706,0.022,0.3709677419354839,0.116,0.359,5.47,2.97,2.5,1.65,0.02,0.19,0.4,0.35,0.24,0.6,0.595,0.405,0.02,0.48,0.5,0.48,0.15,0.032,0.968,0.968,0.29,53.1,68.7,7.4,0.9,0.9,12.8,19.0,9.2,0.14,0.174,2.0,6.2,8.1,0.523,0.7,0.4,1.6,0.084,0.792,2.0,9.7,0.453,0.899,10.8,0.0,0.0,0.0,0.0,3.6,0.142,1.047,3.4,0.4,0.013,1.263,0.3,13.79,0.496,0.027,0.359,100.77,0.577,0.254,0.404
Seth Curry,SG,33.0,TOT,44.0,4.0,14.0,1.8,4.6,0.392,0.9,2.5,0.352,1.0,2.2,0.438,0.485,0.6,0.7,0.903,0.4,1.1,1.5,1.0,0.5,0.1,0.5,0.9,5.1,107.0,118.0,9.9,0.519,0.529,0.152,3.2,9.0,6.1,9.7,1.7,0.9,8.8,16.8,0.002272727272727273,0.009090909090909092,0.011363636363636364,0.04,-2.6,-0.6,-3.3,-0.2,3.3,5.0,0.22727272727272727,0.09090909090909091,0.36363636363636365,0.06818181818181818,0.2727272727272727,0.1590909090909091,2.4318181818181817,0.13636363636363635,0.20454545454545456,19.6,0.471,0.059,0.103,0.074,0.235,0.529,0.833,0.524,0.133,0.396,0.5,0.868,0.0,0.0,0.324,0.457,1.32,0.45,0.86,0.95,0.05,0.23,0.57,0.2,0.18,0.39,0.529,0.471,0.0,0.14,0.14,0.14,0.0,0.0,1.0,1.0,0.0,13.9,14.0,1.0,0.1,0.2,2.0,2.4,1.3,0.072,0.091,1.3,2.6,3.8,0.588,0.0,0.0,0.0,0.0,0.0,0.0,0.6909090909090909,0.1489090909090909,0.7687272727272728,0.9181818181818181,0.0,0.0,0.0,0.0,1.3545454545454545,0.3026363636363636,0.8598181818181818,1.5636363636363635,0.0,0.0,0.0,0.0,5.08,0.47,0.014,0.1,100.77,0.372,0.504,0.186
Stephen Curry,PG,35.0,GSW,74.0,74.0,32.7,8.8,19.5,0.45,4.8,11.8,0.408,4.0,7.7,0.515,0.573,4.0,4.4,0.923,0.5,4.0,4.5,5.1,0.7,0.4,2.8,1.6,26.4,119.0,117.0,20.6,0.616,0.606,0.224,1.7,12.9,7.4,24.7,1.1,1.0,11.7,31.3,0.07027027027027027,0.02702702702702703,0.0972972972972973,0.142,6.3,-1.1,5.2,4.4,2.5,-0.6,1.554054054054054,0.8243243243243243,0.8378378378378378,0.20270270270270271,1.662162162162162,0.20270270270270271,11.783783783783784,0.4864864864864865,0.6891891891891891,19.8,0.394,0.074,0.173,0.065,0.082,0.606,0.692,0.508,0.426,0.441,0.399,0.611,0.0,0.0,0.08,0.557,4.09,1.53,2.57,1.58,0.09,1.07,2.46,0.36,0.38,0.74,0.491,0.509,0.03,0.28,0.31,0.3,0.08,0.087,0.913,0.957,0.261,42.7,56.7,5.1,0.5,0.9,8.6,12.4,6.4,0.12,0.15,1.4,6.9,8.2,0.543,0.0,0.0,1.8,0.07,1.097,1.7,7.1,0.321,0.914,7.7,0.5,0.02,1.057,0.5,3.1,0.108,1.214,2.6,1.3,0.034,1.557,0.8,11.09,0.476,0.01,0.241,101.9,0.3,0.548,0.222
Dyson Daniels,PG,20.0,NOP,61.0,16.0,22.3,2.3,5.1,0.447,0.7,2.2,0.311,1.6,2.9,0.551,0.514,0.6,0.9,0.642,1.0,2.9,3.9,2.7,1.4,0.4,1.0,1.7,5.8,113.0,110.0,12.0,0.529,0.434,0.17,5.1,14.1,9.7,15.4,3.1,1.8,15.0,12.6,0.011475409836065573,0.036065573770491806,0.047540983606557376,0.103,-1.9,2.5,0.6,0.9,4.3,-0.5,0.5081967213114754,0.26229508196721313,0.8360655737704918,0.06557377049180328,0.3770491803278688,0.08196721311475409,6.295081967213115,0.04918032786885246,0.22950819672131148,14.2,0.566,0.238,0.232,0.09,0.006,0.434,0.635,0.528,0.393,0.5,0.526,1.0,0.055,0.21311475409836064,0.363,0.408,5.05,2.95,2.1,2.8,0.0,0.31,0.7,0.26,0.33,0.59,0.444,0.556,0.05,0.18,0.23,0.21,0.07,0.214,0.786,0.929,0.286,32.6,27.6,2.7,0.3,0.3,4.7,7.1,3.3,0.084,0.102,2.1,5.1,6.9,0.576,0.1,0.1,0.0,0.0,0.0,0.0,0.6,0.128,0.72,0.8,0.0,0.0,0.0,0.0,2.6,0.379,1.034,2.5,0.0,0.0,0.0,0.0,11.2,0.471,0.003,0.157,100.03,0.548,0.356,0.525
Anthony Davis,C,30.0,LAL,76.0,76.0,35.5,9.4,16.9,0.556,0.4,1.4,0.271,9.0,15.5,0.582,0.567,5.5,6.8,0.816,3.1,9.5,12.6,3.5,1.2,2.3,2.1,2.3,24.7,124.0,109.0,25.8,0.621,0.083,0.402,10.4,28.3,19.8,15.5,1.6,5.7,9.5,26.7,0.09473684210526316,0.0618421052631579,0.15526315789473685,0.21,3.5,1.7,5.1,4.9,2.3,6.0,0.6973684210526315,0.7894736842105263,1.5394736842105263,0.2894736842105263,2.9078947368421053,0.05263157894736842,8.223684210526315,0.7894736842105263,1.0526315789473684,8.0,0.917,0.369,0.309,0.15,0.09,0.083,0.774,0.487,0.432,0.365,0.67,0.966,0.162,2.5789473684210527,0.15,0.125,11.16,7.76,3.39,2.55,0.01,4.07,9.12,0.62,0.38,1.0,0.618,0.382,0.64,1.84,2.49,2.45,1.71,0.259,0.741,0.984,0.688,50.3,43.7,3.5,0.2,0.7,5.0,8.6,4.4,0.069,0.087,6.1,14.1,20.1,0.629,4.3,2.8,1.2,0.057,0.968,1.2,0.5,0.024,0.872,0.5,5.1,0.203,1.166,4.4,1.2,0.078,0.717,1.7,0.0,0.0,0.0,0.0,18.92,0.472,-0.023,0.151,102.06,0.729,0.046,0.638
Johnny Davis,SG,21.0,WAS,50.0,6.0,12.3,1.2,3.1,0.403,0.3,0.8,0.35,1.0,2.3,0.421,0.448,0.3,0.5,0.583,0.4,1.1,1.4,0.6,0.4,0.2,0.3,1.1,3.0,98.0,121.0,6.2,0.462,0.26,0.156,3.1,9.6,6.3,6.6,1.4,1.3,7.3,12.2,-0.006,0.004,-0.002,-0.009,-5.5,-1.1,-6.6,-0.7,-10.8,-1.8,0.06,0.16,0.58,0.04,0.14,0.1,1.54,0.02,0.26,11.0,0.74,0.292,0.273,0.13,0.045,0.26,0.644,0.333,0.25,0.0,0.604,1.0,0.045,0.14,0.45,0.389,1.16,0.76,0.4,0.9,0.0,0.12,0.28,0.14,0.1,0.24,0.583,0.417,0.0,0.2,0.2,0.2,0.06,0.0,1.0,1.0,0.3,7.9,6.9,0.6,0.0,0.0,1.2,1.6,0.7,0.081,0.086,1.5,2.9,4.4,0.468,0.0,0.0,0.0,0.0,0.0,0.0,0.1,0.078,0.214,0.3,0.0,0.0,0.0,0.0,0.9,0.307,0.855,1.1,0.0,0.0,0.0,0.0,4.77,0.538,0.073,0.068,105.31,0.632,0.276,0.592
JD Davison,SG,21.0,BOS,8.0,0.0,4.9,0.6,1.5,0.417,0.4,0.9,0.429,0.3,0.6,0.4,0.542,0.4,0.5,0.75,0.3,1.0,1.3,1.3,0.1,0.1,0.3,0.5,2.0,134.0,110.0,18.8,0.581,0.583,0.333,5.8,21.2,13.8,32.9,1.3,2.3,12.7,17.6,0.0125,0.0125,0.025,0.228,1.8,1.4,3.3,0.1,30.6,19.6,0.25,0.0,0.5,0.0,0.25,0.0,2.875,0.0,0.0,19.2,0.417,0.083,0.167,0.0,0.167,0.583,1.0,0.0,0.0,0.5,1.0,1.0,0.0,0.0,0.143,0.0,0.25,0.25,0.0,0.38,0.0,0.0,0.0,0.0,0.0,0.0,0.0,0.0,0.0,0.13,0.13,0.13,0.13,0.0,1.0,1.0,1.0,9.3,10.1,1.4,0.3,0.1,2.6,3.6,1.9,0.154,0.2,0.4,2.4,2.8,0.714,0.0,0.0,0.0,0.0,0.0,0.0,0.0,0.0,0.0,0.0,0.0,0.0,0.0,0.0,0.0,0.0,0.0,0.0,0.0,0.0,0.0,0.0,2.83,0.412,-0.016,0.303,107.66,0.25,0.563,0.125
Dexter Dennis,SG,24.0,DAL,4.0,0.0,7.5,2.5,4.8,0.526,0.3,2.0,0.125,2.3,2.8,0.818,0.553,0.3,0.8,0.333,0.3,2.0,2.3,1.0,0.0,0.3,0.8,0.3,5.5,100.0,114.0,18.3,0.541,0.421,0.158,3.7,29.0,16.4,23.7,0.0,2.9,12.9,33.3,0.0,0.0,0.0,0.004,1.7,-0.1,1.7,0.0,-11.2,-13.5,0.75,0.0,0.25,0.0,0.75,0.0,2.25,0.75,0.0,14.3,0.579,0.316,0.053,0.105,0.105,0.421,1.0,1.0,0.5,0.5,0.444,1.0,0.053,0.25,0.0,0.0,1.25,0.75,0.5,0.0,0.0,0.0,0.0,0.0,0.0,0.0,0.0,0.0,0.0,0.0,0.0,0.0,0.0,0.0,0.0,0.0,0.0,10.5,9.8,1.0,0.5,0.0,2.0,3.0,1.5,0.095,0.143,0.5,3.5,4.0,0.875,0.0,0.0,0.0,0.0,0.0,0.0,0.0,0.0,0.0,0.0,0.0,0.0,0.0,0.0,0.0,0.0,0.0,0.0,0.0,0.0,0.0,0.0,4.33,0.462,-0.024,0.364,118.13,0.818,0.136,0.727
DeMar DeRozan,SF,34.0,CHI,79.0,79.0,37.8,8.2,17.2,0.48,0.9,2.8,0.333,7.3,14.3,0.509,0.507,6.6,7.7,0.853,0.5,3.8,4.3,5.3,1.1,0.6,1.7,2.0,24.0,122.0,118.0,19.7,0.584,0.166,0.452,1.6,11.3,6.4,21.8,1.5,1.5,7.7,25.8,0.08860759493670886,0.027848101265822787,0.11645569620253164,0.147,2.1,-0.3,1.8,2.8,-1.2,0.8,1.0,0.45569620253164556,1.1012658227848102,0.12658227848101267,3.5063291139240507,0.189873417721519,13.215189873417721,0.8987341772151899,0.9493670886075949,13.2,0.834,0.182,0.172,0.25,0.23,0.166,0.684,0.494,0.49,0.402,0.282,0.853,0.019,0.22784810126582278,0.316,0.394,4.05,1.63,2.42,1.73,0.06,0.19,0.42,0.33,0.29,0.62,0.531,0.469,0.0,0.63,0.63,0.62,0.14,0.0,1.0,1.0,0.224,39.8,55.4,5.3,0.3,1.1,10.4,13.5,6.6,0.132,0.166,1.9,6.4,8.0,0.538,2.1,1.2,3.7,0.153,1.102,3.4,8.6,0.368,1.064,8.1,0.0,0.0,0.0,0.0,0.0,0.0,0.0,0.0,0.6,0.019,1.515,0.4,12.18,0.474,0.001,0.22,97.94,0.606,0.119,0.357
Moussa Diabaté,C,22.0,LAC,11.0,0.0,5.8,0.9,1.7,0.526,0.0,0.0,0.0,0.9,1.7,0.526,0.526,0.8,1.3,0.643,1.4,0.8,2.2,0.4,0.5,0.1,0.2,0.4,2.6,136.0,111.0,24.7,0.576,0.0,0.737,27.4,15.4,21.2,8.6,3.9,1.4,7.4,18.6,0.018181818181818184,0.009090909090909092,0.02727272727272727,0.25,4.0,-0.5,3.5,0.1,3.4,-0.2,0.09090909090909091,0.0,0.18181818181818182,0.0,0.45454545454545453,0.09090909090909091,1.0,0.0,0.2727272727272727,3.2,1.0,0.579,0.368,0.053,0.0,0.0,0.727,0.286,0.0,0.0,0.5,0.0,0.316,0.36363636363636365,0.0,0.0,,,,,,,,,,,,,,,,,,,,,,,,,,,,,,,,,,,,,,,,,,,,,,,,,,,,,,,,,,,,,,,,,
Mamadi Diakite,PF,27.0,TOT,6.0,0.0,4.0,0.7,1.0,0.667,0.0,0.2,0.0,0.7,0.8,0.8,0.667,0.7,1.0,0.667,0.2,0.5,0.7,0.3,0.2,0.2,0.2,0.3,2.0,133.0,114.0,18.6,0.694,0.167,1.0,4.5,13.8,9.1,13.5,2.1,3.5,10.4,17.0,0.016666666666666666,0.0,0.016666666666666666,0.168,0.8,2.7,3.5,0.0,6.8,9.5,0.0,0.0,0.16666666666666666,0.0,0.5,0.0,0.8333333333333334,0.0,0.0,7.8,0.833,0.5,0.333,0.0,0.0,0.167,0.667,1.0,0.0,0.0,1.0,0.0,0.167,0.16666666666666666,0.0,0.0,0.83,0.33,0.5,0.67,0.0,0.67,1.5,0.0,0.0,0.0,0.0,0.0,0.0,0.33,0.33,0.33,0.17,0.0,1.0,1.0,0.5,4.8,4.0,0.3,0.0,0.0,0.3,0.8,0.3,0.069,0.069,0.7,2.0,2.7,0.5,0.2,0.2,0.0,0.0,0.0,0.0,0.0,0.0,0.0,0.0,0.0,0.0,0.0,0.0,0.0,0.0,0.0,0.0,0.0,0.0,0.0,0.0,2.0,0.5,0.107,0.167,101.17,0.667,0.0,0.667
Hamidou Diallo,SG,25.0,WAS,2.0,0.0,2.5,0.5,1.0,0.5,0.0,0.0,0.0,0.5,1.0,0.5,0.5,0.0,0.0,0.0,1.0,0.0,1.0,0.5,1.0,0.0,0.5,0.5,1.0,106.0,86.0,33.2,0.5,0.0,0.0,41.8,0.0,21.4,28.9,18.7,0.0,33.3,25.3,0.0,0.0,0.0,0.204,2.7,16.0,18.7,0.0,34.4,43.8,0.5,0.0,0.5,0.0,0.0,0.0,1.0,0.0,0.0,0.1,1.0,1.0,0.0,0.0,0.0,0.0,0.5,0.0,0.0,0.0,0.0,0.0,0.0,0.0,0.0,0.0,0.0,0.0,0.0,1.0,0.0,0.0,0.0,0.0,0.0,0.0,0.0,0.0,0.0,0.0,0.0,0.0,0.0,0.0,0.0,0.0,0.0,3.0,2.5,0.5,0.0,0.0,0.5,1.0,0.5,0.167,0.167,2.0,0.0,2.0,1.0,0.0,0.0,0.0,0.0,0.0,0.0,0.0,0.0,0.0,0.0,0.0,0.0,0.0,0.0,0.0,0.0,0.0,0.0,0.0,0.0,0.0,0.0,1.0,1.0,0.416,0.333,106.11,1.0,0.0,1.0
Gradey Dick,SG,20.0,TOR,60.0,17.0,21.1,3.2,7.4,0.425,1.5,4.0,0.365,1.7,3.4,0.495,0.524,0.7,0.9,0.863,0.5,1.8,2.2,1.1,0.6,0.0,0.8,1.5,8.5,105.0,122.0,8.9,0.546,0.542,0.115,2.3,9.3,5.7,7.4,1.3,0.1,9.7,17.4,-0.0016666666666666668,0.006666666666666667,0.005,0.01,-3.2,-2.2,-5.4,-1.1,-14.4,-11.7,0.43333333333333335,0.26666666666666666,0.8333333333333334,0.05,0.31666666666666665,0.13333333333333333,2.816666666666667,0.06666666666666667,0.43333333333333335,17.2,0.458,0.18,0.13,0.072,0.076,0.542,0.638,0.431,0.344,0.412,0.842,0.977,0.034,0.21666666666666667,0.378,0.462,2.0,0.93,1.07,0.98,0.08,0.1,0.2,0.2,0.22,0.42,0.48,0.52,0.02,0.32,0.33,0.33,0.15,0.05,0.95,1.0,0.45,12.3,16.2,1.1,0.1,0.1,2.0,2.8,1.3,0.091,0.103,1.4,3.5,4.8,0.585,0.0,0.0,0.0,0.0,0.0,0.0,0.2,0.05,0.462,0.4,0.0,0.0,0.0,0.0,3.4,0.37,1.068,3.2,0.8,0.071,1.324,0.6,8.33,0.522,0.056,0.078,102.01,0.396,0.518,0.302
Ousmane Dieng,PF,20.0,OKC,33.0,0.0,11.1,1.5,3.5,0.422,0.6,2.1,0.3,0.8,1.4,0.609,0.513,0.4,0.5,0.875,0.3,1.2,1.5,1.1,0.2,0.2,0.6,0.7,4.0,107.0,115.0,10.1,0.54,0.603,0.138,3.2,12.0,7.8,12.9,1.1,1.3,13.4,16.9,0.0,0.012121212121212121,0.012121212121212121,0.055,-2.3,-0.7,-3.0,-0.1,1.2,-7.4,0.2727272727272727,0.2727272727272727,0.3939393939393939,0.030303030303030304,0.24242424242424243,0.030303030303030304,2.8181818181818183,0.06060606060606061,0.09090909090909091,17.5,0.397,0.19,0.129,0.043,0.034,0.603,0.818,0.333,0.4,0.75,0.857,1.0,0.112,0.3939393939393939,0.314,0.5,2.36,1.39,0.97,0.24,0.0,0.48,1.09,0.06,0.15,0.21,0.286,0.714,0.0,0.18,0.18,0.18,0.09,0.0,1.0,1.0,0.5,10.2,10.4,1.1,0.1,0.2,1.7,2.9,1.4,0.11,0.137,0.8,2.8,3.6,0.548,0.0,0.0,0.0,0.0,0.0,0.0,0.3,0.121,0.529,0.5,0.0,0.0,0.0,0.0,1.3,0.426,0.717,1.8,0.8,0.106,1.667,0.5,4.71,0.432,-0.017,0.144,100.42,0.421,0.474,0.361
Spencer Dinwiddie,PG,30.0,TOT,76.0,52.0,28.3,3.3,8.4,0.392,1.6,4.8,0.337,1.7,3.6,0.467,0.489,2.2,2.8,0.805,0.4,2.3,2.7,4.7,0.7,0.3,1.2,1.8,10.5,117.0,119.0,11.7,0.543,0.575,0.328,1.5,9.0,5.2,22.7,1.2,0.9,11.1,16.6,0.03026315789473684,0.017105263157894738,0.04736842105263158,0.081,-1.3,-0.6,-1.9,0.1,1.1,4.0,0.75,0.19736842105263158,0.8026315789473685,0.15789473684210525,1.3157894736842106,0.14473684210526316,11.605263157894736,0.3026315789473684,0.23684210526315788,17.4,0.425,0.127,0.213,0.063,0.023,0.575,0.642,0.426,0.325,0.267,0.157,0.782,0.017,0.10526315789473684,0.25,0.511,3.92,2.22,1.7,1.12,0.0,0.29,0.67,0.14,0.14,0.29,0.5,0.5,0.01,0.3,0.32,0.32,0.13,0.042,0.958,1.0,0.417,35.5,39.9,4.7,0.3,0.5,8.0,12.1,5.5,0.133,0.155,1.1,4.2,5.3,0.571,0.0,0.0,1.6105263157894738,0.1376842105263158,1.0,1.6105263157894738,2.8526315789473684,0.3041578947368421,0.8393157894736841,3.405263157894737,0.0,0.0,0.0,0.0,2.9,0.321,1.311,2.2,0.0,0.0,0.0,0.0,10.15,0.472,0.005,0.217,100.46,0.319,0.468,0.294
Donte DiVincenzo,SG,27.0,NYK,81.0,63.0,29.1,5.5,12.4,0.443,3.5,8.7,0.401,2.0,3.7,0.542,0.584,1.1,1.4,0.754,0.8,2.9,3.7,2.7,1.3,0.4,1.4,2.0,15.5,120.0,113.0,16.0,0.597,0.702,0.114,3.0,11.2,7.1,13.7,2.3,1.4,9.7,21.3,0.044444444444444446,0.037037037037037035,0.08148148148148147,0.135,2.5,0.9,3.4,3.2,3.1,-4.1,0.7530864197530864,0.30864197530864196,0.9382716049382716,0.14814814814814814,0.49382716049382713,0.2222222222222222,6.222222222222222,0.09876543209876543,0.3950617283950617,19.2,0.298,0.178,0.081,0.027,0.012,0.702,0.603,0.407,0.556,0.5,0.636,0.919,0.025,0.24691358024691357,0.251,0.446,3.26,1.4,1.86,2.98,0.01,0.22,0.53,0.3,0.4,0.69,0.429,0.571,0.01,0.21,0.22,0.22,0.12,0.056,0.944,1.0,0.556,32.6,34.3,2.7,0.2,0.4,4.1,6.6,3.3,0.082,0.101,2.0,5.2,7.0,0.528,0.0,0.0,0.3,0.025,0.793,0.4,1.6,0.115,0.947,1.7,0.0,0.0,0.0,0.0,6.5,0.366,1.226,5.3,0.9,0.048,1.286,0.7,10.51,0.495,0.029,0.133,97.11,0.257,0.674,0.238
Luka Dončić,PG,24.0,DAL,70.0,70.0,37.5,11.5,23.6,0.487,4.1,10.6,0.382,7.4,13.0,0.573,0.573,6.8,8.7,0.786,0.8,8.4,9.2,9.8,1.4,0.5,4.0,2.1,33.9,122.0,113.0,28.1,0.617,0.45,0.368,2.5,24.4,13.5,44.3,1.8,1.3,12.8,36.0,0.12142857142857143,0.05,0.17142857142857143,0.22,8.3,1.7,9.9,8.0,5.3,9.4,2.857142857142857,0.8714285714285714,1.1,0.1,4.042857142857143,0.17142857142857143,23.37142857142857,1.1142857142857143,0.7142857142857143,16.9,0.55,0.123,0.192,0.152,0.082,0.45,0.838,0.569,0.442,0.422,0.177,0.299,0.001,0.02857142857142857,0.032,0.25,,,,,,,,,,,,,,,,,,,,,,,,,,,,,,,,,,,,,,,,,,,,,,,,,,,,,,,,,,,,,,,,,
Luguentz Dort,SF,24.0,OKC,79.0,79.0,28.4,3.6,8.3,0.438,2.0,5.0,0.394,1.7,3.3,0.506,0.557,1.6,2.0,0.826,0.9,2.7,3.6,1.4,0.9,0.6,0.9,2.9,10.9,117.0,114.0,11.1,0.593,0.603,0.236,3.8,10.0,7.0,6.3,1.5,1.9,9.3,15.4,0.02531645569620253,0.03164556962025317,0.05822784810126582,0.097,-1.4,-0.2,-1.6,0.2,8.7,1.7,0.3670886075949367,0.27848101265822783,1.3291139240506329,0.189873417721519,0.9240506329113924,0.7088607594936709,3.481012658227848,0.17721518987341772,0.3924050632911392,17.4,0.397,0.212,0.096,0.05,0.04,0.603,0.612,0.397,0.424,0.308,0.636,0.994,0.041,0.2911392405063291,0.278,0.409,4.24,1.71,2.53,1.67,0.05,0.76,1.66,0.29,0.56,0.85,0.343,0.657,0.18,0.41,0.58,0.51,0.22,0.304,0.696,0.909,0.386,16.9,20.3,1.4,0.1,0.1,2.5,3.6,1.6,0.085,0.097,2.8,4.7,7.4,0.507,0.0,0.0,0.0,0.013,0.2,0.1,0.7,0.076,0.951,0.8,0.5,0.039,1.323,0.4,4.7,0.43,1.082,4.3,0.9,0.064,1.431,0.6,11.49,0.446,-0.024,0.061,101.99,0.307,0.544,0.27
Ayo Dosunmu,SG,24.0,CHI,76.0,37.0,29.1,4.7,9.5,0.501,1.6,3.9,0.403,3.2,5.6,0.568,0.583,1.1,1.4,0.81,0.7,2.1,2.8,3.2,0.9,0.5,1.4,2.2,12.2,118.0,119.0,13.4,0.604,0.41,0.146,2.7,8.3,5.5,15.6,1.5,1.7,11.9,17.2,0.034210526315789476,0.019736842105263157,0.053947368421052626,0.089,-0.6,-0.2,-0.8,0.7,-3.1,-3.9,0.6578947368421053,0.42105263157894735,1.0526315789473684,0.09210526315789473,0.6710526315789473,0.07894736842105263,7.5394736842105265,0.13157894736842105,0.7763157894736842,13.0,0.59,0.334,0.164,0.05,0.042,0.41,0.654,0.466,0.361,0.533,0.548,0.891,0.019,0.17105263157894737,0.485,0.385,5.05,2.86,2.2,1.33,0.0,0.13,0.28,0.33,0.47,0.8,0.41,0.59,0.01,0.24,0.25,0.25,0.08,0.053,0.947,1.0,0.316,34.4,34.1,3.2,0.2,0.5,5.7,7.7,3.8,0.092,0.111,2.0,4.3,6.2,0.505,0.0,0.0,0.1,0.012,0.9,0.1,2.2,0.211,0.913,2.4,0.0,0.0,0.0,0.0,5.0,0.406,1.08,4.6,0.0,0.0,0.0,0.0,10.43,0.476,0.006,0.157,98.13,0.522,0.386,0.465
Jeff Dowtin,PG,26.0,PHI,12.0,0.0,11.8,1.7,3.0,0.556,0.8,1.6,0.474,0.9,1.4,0.647,0.681,0.3,0.3,0.75,0.3,1.4,1.7,2.3,0.6,0.1,0.4,0.1,4.3,141.0,114.0,18.2,0.689,0.528,0.111,2.3,13.5,7.8,26.4,2.4,0.6,11.7,13.0,0.03333333333333333,0.016666666666666666,0.049999999999999996,0.193,2.0,1.3,3.3,0.2,5.9,3.0,0.16666666666666666,0.16666666666666666,0.0,0.08333333333333333,0.25,0.16666666666666666,5.416666666666667,0.16666666666666666,0.16666666666666666,15.5,0.472,0.306,0.083,0.083,0.0,0.528,0.818,0.0,0.667,0.0,0.455,0.556,0.028,0.08333333333333333,0.105,0.5,,,,,,,,,,,,,,,,,,,,,,,,,,,,,,,,,,,,,,,,,,,,,,,,,,,,,,,,,,,,,,,,,
Henri Drell,SF,23.0,CHI,4.0,0.0,7.5,1.0,2.5,0.4,0.5,1.5,0.333,0.5,1.0,0.5,0.5,0.3,0.5,0.5,0.3,0.8,1.0,1.0,0.5,0.3,0.5,1.5,2.8,102.0,112.0,10.7,0.506,0.6,0.2,3.7,11.4,7.5,18.3,3.3,3.4,15.5,18.8,0.0,0.0,0.0,0.047,-5.1,0.2,-4.9,0.0,13.2,14.8,0.5,0.0,0.75,0.0,0.0,0.0,2.25,0.0,0.25,16.5,0.4,0.1,0.3,0.0,0.0,0.6,1.0,0.333,0.0,0.0,0.0,1.0,0.0,0.0,0.333,0.5,1.5,1.0,0.5,0.75,0.0,0.25,0.5,0.0,0.0,0.0,0.0,0.0,0.0,0.25,0.25,0.25,0.25,0.0,1.0,1.0,1.0,7.5,5.8,1.0,0.0,0.0,0.8,2.3,1.0,0.133,0.133,1.0,1.7,2.3,0.571,0.0,0.0,0.0,0.0,0.0,0.0,0.0,0.0,0.0,0.0,0.0,0.0,0.0,0.0,0.0,0.0,0.0,0.0,0.0,0.0,0.0,0.0,6.0,0.167,-0.278,0.154,108.3,0.364,0.545,0.364
Andre Drummond,C,30.0,CHI,79.0,10.0,17.1,3.4,6.1,0.556,0.0,0.0,0.0,3.4,6.0,0.56,0.556,1.6,2.8,0.592,3.4,5.6,9.0,0.5,0.9,0.6,1.0,1.8,8.4,119.0,107.0,23.0,0.576,0.006,0.454,21.5,37.4,29.3,4.1,2.7,3.6,12.3,21.3,0.02911392405063291,0.03291139240506329,0.06202531645569621,0.175,0.8,-0.7,0.1,0.7,0.9,3.4,0.2911392405063291,0.20253164556962025,0.6835443037974683,0.31645569620253167,1.2911392405063291,0.05063291139240506,1.1012658227848102,0.20253164556962025,0.5316455696202531,2.8,0.994,0.713,0.26,0.021,0.0,0.006,0.614,0.416,0.5,0.0,0.558,0.0,0.16,0.8227848101265823,0.0,0.0,4.57,2.85,1.72,1.54,0.03,2.1,4.41,0.19,0.24,0.43,0.441,0.559,1.19,0.56,1.75,1.7,1.52,0.681,0.319,0.978,0.876,12.4,9.9,0.5,0.1,0.1,0.7,1.2,0.6,0.038,0.047,6.2,7.8,13.6,0.67,1.6,1.2,0.0,0.0,0.0,0.0,0.0,0.0,0.0,0.0,1.5,0.141,1.301,1.2,0.0,0.0,0.0,0.0,1.8,0.159,1.362,1.3,8.5,0.495,-0.007,0.041,97.97,0.805,0.0,0.799
Chris Duarte,SF,26.0,SAC,59.0,11.0,12.2,1.4,3.6,0.381,0.7,2.2,0.346,0.6,1.4,0.434,0.486,0.4,0.6,0.788,0.4,1.4,1.8,0.7,0.5,0.1,0.4,1.4,3.9,106.0,116.0,8.4,0.512,0.605,0.157,4.0,12.7,8.3,7.8,1.9,1.0,10.4,14.9,0.0,0.011864406779661016,0.011864406779661016,0.047,-3.5,0.1,-3.4,-0.2,-3.1,-5.3,0.1694915254237288,0.13559322033898305,0.6440677966101694,0.03389830508474576,0.22033898305084745,0.23728813559322035,1.7118644067796611,0.03389830508474576,0.1864406779661017,18.3,0.395,0.152,0.119,0.067,0.057,0.605,0.656,0.36,0.429,0.0,0.667,0.886,0.024,0.06779661016949153,0.346,0.386,2.53,1.29,1.24,0.61,0.0,0.14,0.31,0.2,0.15,0.36,0.571,0.429,0.02,0.22,0.24,0.22,0.02,0.071,0.929,1.0,0.077,11.4,10.6,0.7,0.1,0.1,1.3,1.8,0.9,0.066,0.082,1.4,2.9,4.2,0.586,0.0,0.0,0.2,0.04,1.2,0.2,0.3,0.099,0.68,0.4,0.0,0.0,0.0,0.0,1.3,0.368,0.828,1.6,0.3,0.071,1.0,0.3,6.4,0.497,0.036,0.082,99.9,0.313,0.574,0.278
David Duke Jr,SG,24.0,SAS,4.0,0.0,12.8,2.5,4.5,0.556,0.8,1.5,0.5,1.8,3.0,0.583,0.639,0.8,0.8,1.0,0.5,2.0,2.5,1.3,0.5,0.0,0.8,1.0,6.5,122.0,117.0,16.2,0.673,0.333,0.167,4.2,17.1,10.6,14.6,1.9,0.0,13.4,18.5,0.025,0.0,0.025,0.119,-0.1,1.4,1.4,0.0,5.7,12.2,0.5,0.0,0.25,0.0,0.25,0.5,3.0,0.25,0.0,12.6,0.667,0.333,0.167,0.056,0.111,0.333,0.833,0.333,0.0,0.5,0.714,1.0,0.0,0.0,0.333,0.5,,,,,,,,,,,,,,,,,,,,,,,,,,,,,,,,,,,,,,,,,,,,,,,,,,,,,,,,,,,,,,,,,
Kris Dunn,PG,29.0,UTA,66.0,32.0,18.9,2.2,4.7,0.47,0.6,1.7,0.369,1.6,3.1,0.525,0.535,0.3,0.5,0.688,0.8,2.1,2.9,3.8,1.0,0.4,1.2,2.0,5.4,116.0,118.0,12.8,0.546,0.355,0.102,4.4,12.2,8.3,27.1,2.6,2.0,19.5,13.6,0.016666666666666666,0.013636363636363637,0.030303030303030304,0.076,-1.5,1.4,-0.1,0.6,0.2,7.5,0.7424242424242424,0.25757575757575757,1.0454545454545454,0.09090909090909091,0.21212121212121213,0.06060606060606061,9.43939393939394,0.030303030303030304,0.2878787878787879,12.6,0.645,0.163,0.419,0.058,0.006,0.355,0.686,0.481,0.389,0.5,0.274,0.951,0.054,0.25757575757575757,0.351,0.41,2.86,1.5,1.36,2.2,0.0,0.21,0.52,0.23,0.35,0.58,0.395,0.605,0.02,0.06,0.08,0.08,0.06,0.2,0.8,1.0,0.8,33.0,30.0,3.9,0.3,0.4,7.1,10.2,4.6,0.118,0.138,1.8,4.3,6.1,0.514,0.0,0.0,0.3,0.054,0.955,0.3,0.8,0.197,0.688,1.2,0.0,0.0,0.0,0.0,0.0,0.0,0.0,0.0,0.0,0.0,0.0,0.0,8.16,0.426,-0.046,0.25,102.44,0.594,0.345,0.583
Kevin Durant,PF,35.0,PHO,75.0,75.0,37.2,10.0,19.1,0.523,2.2,5.4,0.413,7.8,13.7,0.567,0.581,4.8,5.6,0.856,0.5,6.1,6.6,5.0,0.9,1.2,3.3,1.8,27.1,118.0,114.0,21.2,0.626,0.283,0.295,1.7,17.5,10.0,22.2,1.2,2.9,13.1,29.0,0.06799999999999999,0.04266666666666667,0.11066666666666668,0.142,4.0,0.1,4.0,4.3,5.2,6.7,1.5733333333333333,1.2533333333333334,0.9066666666666666,0.18666666666666668,2.4,0.14666666666666667,11.933333333333334,0.6133333333333333,0.6533333333333333,15.0,0.717,0.125,0.153,0.279,0.16,0.283,0.827,0.53,0.491,0.53,0.511,0.815,0.054,1.0,0.165,0.463,5.92,3.29,2.63,1.56,0.05,0.45,1.03,0.33,0.43,0.76,0.439,0.561,0.0,0.59,0.59,0.53,0.27,0.0,1.0,0.93,0.465,44.0,54.3,5.0,0.6,1.2,9.0,13.0,6.8,0.114,0.155,1.6,8.6,9.9,0.659,2.9,1.3,4.1,0.177,0.941,4.4,3.8,0.155,1.0,3.8,0.5,0.016,1.3,0.4,5.3,0.184,1.16,4.6,1.6,0.044,1.5,1.1,12.57,0.442,-0.037,0.213,100.24,0.574,0.248,0.327
Jalen Duren,C,20.0,DET,61.0,60.0,29.1,5.7,9.2,0.619,0.0,0.1,0.0,5.7,9.2,0.623,0.619,2.3,3.0,0.79,3.1,8.5,11.6,2.4,0.5,0.8,2.1,3.1,13.8,122.0,115.0,18.7,0.653,0.007,0.321,11.8,33.0,22.2,12.7,0.9,2.3,16.7,18.5,0.04918032786885246,0.029508196721311476,0.07868852459016393,0.13,-0.2,0.1,-0.1,0.9,-8.3,1.1,0.7868852459016393,0.6065573770491803,1.6721311475409837,0.6065573770491803,1.5573770491803278,0.01639344262295082,5.475409836065574,0.47540983606557374,0.7704918032786885,3.9,0.993,0.521,0.397,0.055,0.02,0.007,0.741,0.536,0.29,0.182,0.676,0.0,0.296,2.557377049180328,0.0,0.0,7.97,5.39,2.57,1.16,0.0,4.69,10.38,0.46,0.34,0.8,0.571,0.429,0.79,1.46,2.25,2.18,1.72,0.35,0.65,0.971,0.766,44.3,27.2,2.4,0.2,0.2,4.0,5.7,2.8,0.054,0.063,7.0,12.6,18.7,0.624,0.7,0.4,0.6,0.051,0.974,0.6,0.0,0.0,0.0,0.0,3.4,0.209,1.313,2.6,0.8,0.069,0.868,0.9,0.0,0.0,0.0,0.0,14.89,0.491,-0.008,0.123,101.02,0.83,0.0,0.82
Tari Eason,PF,22.0,HOU,22.0,0.0,21.8,4.0,8.6,0.466,0.8,2.3,0.36,3.2,6.3,0.504,0.513,1.0,1.5,0.636,2.1,4.9,7.0,1.2,1.4,0.9,0.9,2.3,9.8,111.0,106.0,17.1,0.528,0.265,0.175,10.2,24.2,17.1,8.3,3.1,3.6,8.9,19.8,0.013636363636363636,0.045454545454545456,0.05909090909090909,0.125,-0.4,2.0,1.6,0.4,10.7,10.9,0.4090909090909091,0.13636363636363635,1.4090909090909092,0.09090909090909091,0.7272727272727273,0.09090909090909091,2.9545454545454546,0.22727272727272727,0.7727272727272727,9.9,0.735,0.434,0.185,0.069,0.048,0.265,0.561,0.371,0.462,0.556,0.471,1.0,0.122,0.9090909090909091,0.3,0.267,5.41,3.36,2.05,2.64,0.0,0.32,0.73,0.32,0.5,0.82,0.389,0.611,0.41,0.45,0.86,0.86,0.64,0.474,0.526,1.0,0.737,21.1,13.8,1.2,0.1,0.2,2.0,3.2,1.5,0.058,0.073,4.4,6.8,10.8,0.643,0.2,0.0,0.0,0.0,0.0,0.0,0.0,0.0,0.0,0.0,0.0,0.0,0.0,0.0,2.4,0.283,0.825,2.9,0.6,0.072,0.813,0.7,8.32,0.432,-0.037,0.087,101.43,0.651,0.251,0.586
Anthony Edwards,SG,22.0,MIN,79.0,78.0,35.1,9.1,19.7,0.461,2.4,6.7,0.357,6.7,13.0,0.515,0.522,5.4,6.4,0.836,0.7,4.8,5.4,5.1,1.3,0.5,3.1,1.8,25.9,112.0,110.0,19.7,0.575,0.341,0.325,2.2,14.8,8.8,24.6,1.8,1.3,11.9,32.3,0.03670886075949367,0.059493670886075954,0.0949367088607595,0.13,2.7,0.5,3.3,3.7,7.4,2.8,1.4177215189873418,1.1518987341772151,0.7721518987341772,0.189873417721519,3.037974683544304,0.012658227848101266,12.962025316455696,0.8734177215189873,0.7088607594936709,14.1,0.659,0.228,0.192,0.125,0.114,0.341,0.707,0.438,0.446,0.333,0.331,0.558,0.051,0.8481012658227848,0.086,0.348,3.01,1.75,1.27,2.03,0.0,0.22,0.51,0.41,0.51,0.91,0.444,0.556,0.04,0.18,0.22,0.19,0.14,0.176,0.824,0.882,0.647,42.6,53.1,5.1,0.4,0.9,8.0,13.7,6.4,0.12,0.151,1.6,7.5,9.1,0.608,1.0,0.4,4.1,0.175,0.926,4.5,6.9,0.286,0.95,7.3,0.2,0.007,1.357,0.2,3.3,0.134,0.97,3.4,0.0,0.0,0.0,0.0,10.94,0.444,-0.024,0.241,98.18,0.515,0.278,0.413
Kessler Edwards,SF,23.0,SAC,54.0,0.0,5.1,0.6,1.5,0.415,0.4,1.0,0.385,0.3,0.6,0.467,0.537,0.1,0.2,0.556,0.2,0.6,0.8,0.3,0.2,0.1,0.1,0.5,1.7,115.0,115.0,10.3,0.541,0.634,0.11,3.6,13.7,8.5,7.1,1.8,1.3,4.4,14.0,0.003703703703703704,0.005555555555555556,0.009259259259259259,0.083,-1.6,0.1,-1.5,0.0,-4.4,-6.1,0.05555555555555555,0.0,0.3148148148148148,0.0,0.09259259259259259,0.07407407407407407,0.7037037037037037,0.018518518518518517,0.1111111111111111,18.3,0.366,0.171,0.122,0.012,0.061,0.634,0.643,0.3,0.0,0.4,0.643,1.0,0.037,0.037037037037037035,0.423,0.409,1.15,0.78,0.37,0.24,0.02,0.07,0.19,0.04,0.04,0.07,0.5,0.5,0.0,0.11,0.11,0.11,0.04,0.0,1.0,1.0,0.333,5.0,4.2,0.3,0.0,0.0,0.4,0.7,0.3,0.056,0.056,1.1,2.3,3.4,0.538,0.0,0.0,0.0,0.0,0.0,0.0,0.0,0.0,0.0,0.0,0.0,0.0,0.0,0.0,0.0,0.0,0.0,0.0,0.0,0.0,0.0,0.0,3.15,0.481,0.026,0.084,102.55,0.301,0.645,0.258
Keon Ellis,SG,24.0,SAC,57.0,21.0,17.2,1.9,4.1,0.461,1.2,2.9,0.417,0.6,1.1,0.578,0.612,0.5,0.6,0.743,0.6,1.6,2.2,1.5,0.9,0.5,0.6,2.0,5.4,122.0,113.0,12.0,0.627,0.724,0.151,3.6,10.8,7.1,11.1,2.5,2.7,13.0,12.4,0.01929824561403509,0.021052631578947368,0.04035087719298245,0.114,-0.9,2.1,1.2,0.8,5.5,5.5,0.38596491228070173,0.14035087719298245,1.105263157894737,0.03508771929824561,0.21052631578947367,0.14035087719298245,3.719298245614035,0.03508771929824561,0.10526315789473684,20.5,0.276,0.103,0.095,0.034,0.043,0.724,0.667,0.591,0.625,0.3,0.649,0.943,0.03,0.12280701754385964,0.298,0.36,2.6,1.42,1.18,1.82,0.0,0.18,0.47,0.3,0.26,0.56,0.531,0.469,0.0,0.19,0.19,0.19,0.02,0.0,1.0,1.0,0.091,21.0,19.5,1.5,0.1,0.2,2.7,3.8,1.8,0.071,0.088,1.7,3.4,4.9,0.588,0.0,0.0,0.0,0.0,0.0,0.0,0.7,0.12,1.088,0.6,0.0,0.0,0.0,0.0,2.2,0.389,1.1,2.0,0.0,0.0,0.0,0.0,7.2,0.455,-0.014,0.115,99.24,0.239,0.677,0.194
Joel Embiid,C,29.0,PHI,39.0,39.0,33.6,11.5,21.8,0.529,1.4,3.6,0.388,10.2,18.3,0.556,0.561,10.2,11.6,0.883,2.4,8.6,11.0,5.6,1.2,1.7,3.8,2.9,34.7,124.0,109.0,34.1,0.644,0.163,0.531,7.9,28.8,18.1,32.4,1.7,4.6,12.5,39.6,0.13333333333333333,0.05897435897435897,0.19230769230769232,0.275,8.5,3.1,11.6,4.5,9.6,10.0,1.4871794871794872,1.4615384615384615,1.6923076923076923,0.6923076923076923,5.076923076923077,0.05128205128205128,14.076923076923077,0.8974358974358975,1.3333333333333333,12.3,0.837,0.224,0.189,0.243,0.18,0.163,0.749,0.472,0.473,0.516,0.533,0.833,0.026,0.48717948717948717,0.05,0.571,12.1,9.67,2.44,1.46,0.03,3.46,8.31,0.54,0.54,1.08,0.5,0.5,0.46,1.44,1.9,1.82,1.18,0.243,0.757,0.986,0.639,42.5,56.3,5.6,0.3,0.6,9.5,14.7,6.5,0.132,0.153,4.8,13.6,18.3,0.604,4.8,3.3,6.2,0.194,1.039,6.0,0.6,0.012,1.6,0.4,5.5,0.161,1.108,5.0,3.5,0.097,1.171,3.0,0.0,0.0,0.0,0.0,21.36,0.441,-0.059,0.315,101.09,0.585,0.12,0.404
Drew Eubanks,C,26.0,PHO,75.0,6.0,15.6,2.0,3.4,0.601,0.0,0.0,1.0,2.0,3.3,0.596,0.607,1.0,1.2,0.774,1.4,2.9,4.3,0.8,0.4,0.8,0.8,1.5,5.1,123.0,113.0,14.4,0.645,0.012,0.368,10.5,20.1,15.6,7.2,1.1,4.6,17.2,13.2,0.021333333333333336,0.021333333333333336,0.04133333333333333,0.129,-2.0,0.8,-1.2,0.2,-4.8,-11.3,0.29333333333333333,0.16,0.7733333333333333,0.28,0.5333333333333333,0.06666666666666667,2.08,0.10666666666666667,0.30666666666666664,4.3,0.988,0.506,0.403,0.055,0.024,0.012,0.742,0.49,0.286,0.0,0.805,1.0,0.336,0.88,1.0,1.0,3.79,2.87,0.92,1.09,0.05,2.05,4.57,0.12,0.11,0.23,0.529,0.471,0.39,0.79,1.17,1.05,0.6,0.33,0.67,0.952,0.542,16.4,11.3,0.9,0.1,0.2,1.4,2.2,1.1,0.052,0.067,3.8,5.1,8.6,0.548,0.1,0.0,0.0,0.0,0.0,0.0,0.0,0.0,0.0,0.0,1.4,0.273,1.074,1.3,0.2,0.06,0.714,0.3,2.1,0.325,1.389,1.5,8.89,0.468,-0.018,0.079,99.66,0.786,0.024,0.781
Tosan Evbuomwan,SF,22.0,TOT,17.0,8.0,21.6,2.1,4.2,0.507,0.7,1.9,0.375,1.4,2.3,0.615,0.592,1.0,1.5,0.68,1.1,2.5,3.5,0.9,0.4,0.3,0.5,1.4,5.9,123.0,120.0,9.9,0.616,0.451,0.352,5.3,13.0,9.1,5.9,0.8,1.2,9.9,10.6,0.023529411764705882,0.011764705882352941,0.029411764705882353,0.071,-2.4,-0.7,-3.0,-0.1,-16.1,-8.0,0.29411764705882354,0.11764705882352941,1.0,0.058823529411764705,0.7647058823529411,0.11764705882352941,2.411764705882353,0.058823529411764705,0.29411764705882354,12.7,0.549,0.254,0.296,0.0,0.0,0.451,0.722,0.524,0.0,0.0,0.833,1.0,0.014,0.058823529411764705,0.719,0.435,4.59,3.0,1.59,0.88,0.12,0.35,0.76,0.29,0.18,0.47,0.625,0.375,0.12,0.71,0.82,0.71,0.24,0.143,0.857,0.857,0.286,13.9,12.0,0.9,0.2,0.1,2.4,2.9,1.2,0.068,0.089,3.0,6.1,8.5,0.504,0.1,0.0,0.0,0.0,0.0,0.0,0.0,0.0,0.0,0.0,0.0,0.0,0.0,0.0,3.6133333333333337,0.4878666666666666,1.2678666666666667,2.7933333333333334,0.0,0.0,0.0,0.0,10.24,0.54,0.061,0.063,99.06,0.475,0.356,0.475
Dante Exum,PG,28.0,DAL,55.0,17.0,19.8,2.9,5.5,0.533,1.0,2.0,0.491,2.0,3.5,0.557,0.621,1.0,1.2,0.779,0.5,2.3,2.7,2.9,0.4,0.1,0.9,1.5,7.8,128.0,118.0,13.7,0.645,0.358,0.225,2.5,12.4,7.5,19.3,1.0,0.4,12.9,15.0,0.038181818181818185,0.014545454545454545,0.05272727272727273,0.127,-0.3,-0.3,-0.6,0.4,10.8,12.0,0.4,0.36363636363636365,0.6727272727272727,0.05454545454545454,0.5636363636363636,0.36363636363636365,6.909090909090909,0.09090909090909091,0.32727272727272727,11.9,0.642,0.328,0.238,0.053,0.023,0.358,0.697,0.375,0.688,0.143,0.528,0.981,0.056,0.2545454545454545,0.426,0.457,2.13,1.33,0.8,0.87,0.05,0.65,1.55,0.22,0.22,0.44,0.5,0.5,0.0,0.13,0.13,0.13,0.04,0.0,1.0,1.0,0.286,26.5,27.1,2.8,0.2,0.5,5.1,7.0,3.5,0.106,0.131,1.4,3.7,4.9,0.636,0.1,0.0,0.5,0.071,1.074,0.5,0.7,0.15,0.719,1.0,0.2,0.037,0.857,0.3,0.0,0.0,0.0,0.0,0.6,0.047,1.722,0.3,7.02,0.515,0.048,0.181,101.9,0.505,0.371,0.486
Bruno Fernando,C,25.0,ATL,45.0,2.0,15.2,2.4,4.2,0.583,0.0,0.1,0.0,2.4,4.1,0.596,0.583,1.4,2.1,0.667,1.3,3.0,4.3,1.0,0.6,0.6,1.0,2.4,6.3,118.0,116.0,15.2,0.615,0.021,0.513,9.1,22.2,15.4,9.3,1.8,3.7,16.1,16.7,0.017777777777777778,0.015555555555555555,0.03333333333333333,0.103,-3.1,0.9,-2.3,-0.1,-5.6,-4.0,0.3333333333333333,0.17777777777777778,1.3555555555555556,0.4222222222222222,1.0888888888888888,0.044444444444444446,2.533333333333333,0.24444444444444444,0.5111111111111111,3.7,0.979,0.567,0.369,0.037,0.005,0.021,0.755,0.391,0.286,0.0,0.817,0.0,0.219,0.8444444444444444,0.0,0.0,2.93,2.22,0.71,0.76,0.0,2.38,5.47,0.2,0.16,0.36,0.563,0.438,0.31,1.0,1.31,1.24,0.78,0.237,0.763,0.949,0.593,13.7,13.6,1.0,0.1,0.1,1.7,2.7,1.2,0.074,0.087,3.8,5.8,9.2,0.513,0.5,0.4,0.0,0.0,0.0,0.0,0.0,0.0,0.0,0.0,2.3,0.305,1.25,1.9,0.4,0.065,1.111,0.4,1.7,0.255,1.071,1.6,7.43,0.529,0.04,0.1,99.37,0.773,0.0,0.773
Dorian Finney-Smith,PF,30.0,BRK,68.0,56.0,28.4,3.2,7.5,0.421,1.7,4.9,0.348,1.4,2.6,0.56,0.535,0.5,0.7,0.717,1.6,3.1,4.7,1.6,0.8,0.6,0.9,2.2,8.5,113.0,117.0,10.1,0.546,0.658,0.09,6.0,12.1,9.0,7.6,1.4,1.8,10.0,13.2,0.014705882352941176,0.023529411764705882,0.03823529411764706,0.065,-2.0,-0.1,-2.0,0.0,-1.5,2.8,0.4264705882352941,0.17647058823529413,1.0441176470588236,0.1323529411764706,0.2647058823529412,0.014705882352941176,3.8676470588235294,0.029411764705882353,0.2647058823529412,17.6,0.342,0.225,0.096,0.012,0.01,0.658,0.687,0.306,0.667,0.0,0.745,0.974,0.057,0.35294117647058826,0.348,0.35,5.21,3.4,1.81,1.63,0.0,0.91,2.1,0.24,0.31,0.54,0.432,0.568,0.16,0.66,0.82,0.79,0.32,0.196,0.804,0.982,0.4,28.2,22.1,1.6,0.2,0.2,3.1,4.2,2.0,0.056,0.07,3.3,6.2,9.2,0.512,0.1,0.1,0.0,0.0,0.0,0.0,0.2,0.02,1.083,0.2,1.0,0.115,1.029,1.0,3.9,0.474,0.95,4.1,0.5,0.041,1.417,0.4,12.01,0.461,-0.019,0.077,98.25,0.338,0.605,0.331
Adam Flagler,SG,24.0,OKC,2.0,0.0,7.0,0.5,3.5,0.143,0.5,3.0,0.167,0.0,0.5,0.0,0.214,0.0,0.0,0.0,0.0,0.0,0.0,2.0,0.0,0.0,0.0,0.0,1.5,78.0,122.0,0.6,0.214,0.857,0.0,0.0,0.0,0.0,33.6,0.0,0.0,0.0,21.7,0.0,0.0,0.0,-0.159,-6.7,-3.9,-10.6,0.0,7.6,-0.4,0.0,0.0,0.0,0.0,0.0,0.0,5.5,0.0,0.0,24.2,0.143,0.0,0.0,0.143,0.0,0.857,0.0,0.0,0.0,0.0,0.0,0.0,0.0,0.0,0.0,0.0,0.5,0.5,0.0,0.0,0.0,0.0,0.0,0.0,0.0,0.0,0.0,0.0,0.0,0.0,0.0,0.0,0.0,0.0,0.0,0.0,0.0,6.0,9.0,2.0,0.0,0.0,2.5,5.5,2.0,0.333,0.333,0.0,0.0,0.0,0.0,0.0,0.0,0.0,0.0,0.0,0.0,0.0,0.0,0.0,0.0,0.0,0.0,0.0,0.0,0.0,0.0,0.0,0.0,0.0,0.0,0.0,0.0,2.0,0.5,-0.034,0.364,106.16,0.0,1.0,0.0
Malachi Flynn,PG,25.0,TOT,69.0,0.0,12.7,2.0,4.7,0.418,0.8,2.4,0.331,1.2,2.3,0.513,0.505,0.8,1.0,0.732,0.3,1.3,1.7,1.9,0.6,0.1,0.9,1.0,5.5,105.0,119.0,11.9,0.533,0.52,0.218,2.6,12.0,7.2,21.1,2.1,0.8,15.0,20.4,-0.0014492753623188406,0.008695652173913044,0.007246376811594203,0.029,-2.0,-0.2,-2.2,0.0,-9.9,-3.5,0.5072463768115942,0.2318840579710145,0.36231884057971014,0.10144927536231885,0.391304347826087,0.043478260869565216,4.536231884057971,0.07246376811594203,0.2753623188405797,17.0,0.48,0.163,0.151,0.098,0.068,0.52,0.623,0.408,0.469,0.545,0.275,0.714,0.0,0.0,0.148,0.44,1.61,0.86,0.75,0.87,0.0,0.09,0.2,0.25,0.29,0.54,0.459,0.541,0.0,0.1,0.1,0.1,0.04,0.0,1.0,1.0,0.429,21.9,24.0,1.9,0.2,0.3,3.9,5.0,2.4,0.087,0.111,1.0,3.3,4.2,0.553,0.0,0.0,0.6,0.058,1.167,0.5,2.2159420289855074,0.40952173913043477,0.7595797101449276,2.5565217391304347,0.0,0.0,0.0,0.0,1.3818181818181818,0.2357090909090909,0.8994,1.5690909090909089,0.0,0.0,0.0,0.0,5.95,0.52,0.069,0.231,99.65,0.421,0.442,0.305
Simone Fontecchio,SF,28.0,TOT,66.0,43.0,24.9,3.8,8.3,0.46,2.0,5.1,0.401,1.8,3.2,0.551,0.582,0.8,1.0,0.818,1.0,2.8,3.7,1.5,0.7,0.3,1.0,1.7,10.5,117.0,121.0,12.1,0.6,0.609,0.12,4.3,12.2,8.3,8.7,1.3,1.2,10.5,16.5,0.022727272727272728,0.00909090909090909,0.03181818181818182,0.061,0.0,-1.0,-1.0,0.4,-0.8,6.9,0.5,0.2878787878787879,0.7575757575757576,0.12121212121212122,0.5,0.09090909090909091,3.5303030303030303,0.13636363636363635,0.5303030303030303,17.0,0.391,0.17,0.177,0.033,0.011,0.609,0.656,0.474,0.389,0.667,0.729,0.978,0.049,0.3181818181818182,0.434,0.428,3.89,2.64,1.26,1.11,0.02,0.32,0.68,0.27,0.27,0.55,0.5,0.5,0.08,0.45,0.53,0.52,0.23,0.143,0.857,0.971,0.429,20.6,18.7,1.5,0.1,0.3,2.6,3.7,1.9,0.074,0.092,2.3,4.5,6.7,0.578,0.0,0.0,0.0,0.0,0.0,0.0,0.19696969696969696,0.03272727272727273,0.527878787878788,0.34545454545454546,0.6,0.045,1.474,0.4,4.3,0.41742424242424236,1.0316969696969698,4.130303030303031,0.6,0.049,1.429,0.4,8.8,0.461,-0.014,0.084,102.49,0.341,0.581,0.315
Jordan Ford,PG,25.0,SAC,6.0,0.0,3.7,0.7,1.2,0.571,0.3,0.5,0.667,0.3,0.7,0.5,0.714,0.3,0.3,1.0,0.0,0.3,0.3,0.3,0.0,0.0,0.2,0.0,2.0,138.0,121.0,16.8,0.761,0.429,0.286,0.0,10.4,5.1,12.8,0.0,0.0,11.3,17.3,0.016666666666666666,0.0,0.016666666666666666,0.157,3.3,-1.1,2.2,0.0,28.1,26.9,0.16666666666666666,0.0,0.0,0.0,0.0,0.0,1.0,0.0,0.0,18.2,0.571,0.143,0.0,0.286,0.143,0.429,1.0,0.0,0.5,0.0,0.0,0.5,0.0,0.0,0.333,1.0,0.0,0.0,0.0,0.17,0.0,0.0,0.0,0.0,0.0,0.0,0.0,0.0,0.0,0.0,0.0,0.0,0.0,0.0,0.0,0.0,0.0,5.7,6.5,0.3,0.0,0.0,0.7,1.0,0.3,0.059,0.059,0.0,1.5,1.5,0.667,0.0,0.0,0.0,0.0,0.0,0.0,0.0,0.0,0.0,0.0,0.0,0.0,0.0,0.0,0.0,0.0,0.0,0.0,0.0,0.0,0.0,0.0,1.25,0.6,0.176,0.118,97.91,0.333,0.5,0.167
Trent Forrest,SG,25.0,ATL,38.0,0.0,10.9,0.9,2.4,0.378,0.1,0.3,0.2,0.8,2.1,0.4,0.389,0.3,0.4,0.765,0.3,1.1,1.3,2.4,0.3,0.1,0.5,0.7,2.2,109.0,122.0,8.9,0.426,0.111,0.189,2.8,10.9,6.7,27.6,1.3,0.7,17.0,11.8,0.002631578947368421,0.002631578947368421,0.005263157894736842,0.027,-3.8,-0.7,-4.4,-0.3,-10.7,-9.4,0.2894736842105263,0.15789473684210525,0.4473684210526316,0.02631578947368421,0.15789473684210525,0.05263157894736842,5.868421052631579,0.02631578947368421,0.13157894736842105,8.4,0.889,0.244,0.467,0.178,0.0,0.111,0.591,0.238,0.563,0.0,0.281,1.0,0.011,0.02631578947368421,0.4,0.0,1.08,0.47,0.61,0.74,0.05,0.21,0.47,0.08,0.13,0.21,0.375,0.625,0.0,0.13,0.13,0.13,0.08,0.0,1.0,1.0,0.6,18.6,17.9,2.4,0.2,0.1,3.8,6.2,2.7,0.13,0.147,1.0,2.4,3.3,0.586,0.0,0.0,0.0,0.0,0.0,0.0,0.9,0.475,0.579,1.5,0.0,0.0,0.0,0.0,0.0,0.0,0.0,0.0,0.0,0.0,0.0,0.0,4.68,0.468,0.013,0.311,98.72,0.771,0.072,0.723
Evan Fournier,SG,31.0,TOT,32.0,0.0,18.1,2.5,6.9,0.357,1.0,4.1,0.254,1.4,2.8,0.505,0.432,0.9,1.1,0.806,0.2,1.7,1.8,1.5,0.9,0.2,0.7,1.5,6.9,98.0,118.0,8.5,0.464,0.588,0.163,0.9,10.4,5.6,11.6,2.4,1.0,8.1,19.0,-0.015625,0.0125,-0.003125,-0.005,-4.7,0.3,-4.3,-0.3,-12.3,-4.9,0.34375,0.25,0.90625,0.0,0.40625,0.0625,3.40625,0.0625,0.1875,18.9,0.412,0.072,0.158,0.104,0.077,0.588,0.563,0.486,0.652,0.294,0.609,0.848,0.0,0.0,0.3,0.231,1.47,0.53,0.94,2.13,0.03,0.09,0.22,0.16,0.25,0.41,0.385,0.615,0.0,0.34,0.34,0.34,0.13,0.0,1.0,1.0,0.364,18.5,19.0,1.5,0.1,0.1,2.6,3.7,1.7,0.082,0.093,0.7,3.5,4.1,0.509,0.0,0.0,0.0,0.0,0.0,0.0,1.7,0.235,0.891,1.9,0.0,0.0,0.0,0.0,2.028125,0.3659375,0.72384375,2.8875,0.0,0.0,0.0,0.0,6.56,0.481,0.022,0.131,100.82,0.418,0.45,0.291
De'Aaron Fox,PG,26.0,SAC,74.0,74.0,35.9,9.7,20.9,0.465,2.9,7.8,0.369,6.8,13.1,0.522,0.534,4.2,5.7,0.738,0.9,3.7,4.6,5.6,2.0,0.4,2.6,2.6,26.6,113.0,114.0,20.1,0.567,0.374,0.273,2.8,11.8,7.2,25.2,2.7,1.1,10.1,31.0,0.04459459459459459,0.043243243243243246,0.08783783783783784,0.117,2.6,0.1,2.7,3.2,3.1,5.5,1.4324324324324325,0.9594594594594594,1.1891891891891893,0.13513513513513514,2.5135135135135136,0.28378378378378377,13.932432432432432,0.5945945945945946,0.918918918918919,15.0,0.626,0.134,0.248,0.172,0.072,0.374,0.72,0.534,0.423,0.351,0.198,0.626,0.017,0.32432432432432434,0.134,0.436,4.14,1.47,2.66,3.64,0.04,0.38,0.96,0.43,0.51,0.95,0.457,0.543,0.0,0.2,0.2,0.2,0.11,0.0,1.0,1.0,0.533,52.9,67.9,5.6,0.4,0.7,10.8,14.6,6.8,0.107,0.128,2.3,6.0,8.1,0.57,0.2,0.2,3.0,0.113,1.009,2.9,7.9,0.317,0.966,8.2,0.0,0.0,0.0,0.0,3.9,0.153,0.976,4.0,0.0,0.0,0.0,0.0,13.26,0.495,0.028,0.244,101.71,0.515,0.327,0.431
Javon Freeman-Liberty,PG,24.0,TOR,22.0,6.0,18.3,2.5,5.6,0.444,0.5,1.9,0.238,2.0,3.7,0.549,0.484,1.5,1.6,0.917,0.7,2.5,3.2,1.8,0.5,0.2,1.1,1.3,7.0,107.0,120.0,10.7,0.547,0.339,0.29,4.3,15.1,9.6,13.4,1.2,0.9,15.2,17.5,0.004545454545454546,0.009090909090909092,0.009090909090909092,0.029,-3.1,-2.0,-5.2,-0.3,-18.3,-13.2,0.5909090909090909,0.2727272727272727,0.5454545454545454,0.18181818181818182,0.6818181818181818,0.09090909090909091,4.363636363636363,0.045454545454545456,0.6818181818181818,12.2,0.661,0.306,0.234,0.089,0.032,0.339,0.579,0.448,0.727,0.5,0.467,1.0,0.032,0.13636363636363635,0.262,0.364,2.27,1.14,1.14,0.68,0.0,0.32,0.77,0.18,0.27,0.45,0.4,0.6,0.0,0.32,0.32,0.32,0.05,0.0,1.0,1.0,0.143,29.7,28.5,1.8,0.1,0.3,3.8,4.7,2.2,0.061,0.075,2.3,4.3,6.4,0.569,0.0,0.0,0.0,0.0,0.0,0.0,1.5,0.198,1.0,1.5,0.0,0.0,0.0,0.0,1.5,0.216,0.889,1.6,0.8,0.084,1.286,0.6,7.68,0.521,0.049,0.143,102.12,0.588,0.196,0.562
Alex Fudge,SF,20.0,TOT,6.0,0.0,6.7,1.0,2.5,0.4,0.2,0.8,0.2,0.8,1.7,0.5,0.433,0.3,0.3,1.0,0.7,0.2,0.8,0.0,0.5,0.0,0.3,0.3,2.5,95.0,115.0,9.8,0.472,0.333,0.133,11.3,2.7,6.9,0.0,3.6,0.0,11.2,19.2,0.0,0.0,0.0,-0.007,-3.7,-1.5,-5.2,0.0,-42.4,-44.2,0.0,0.16666666666666666,0.16666666666666666,0.0,0.16666666666666666,0.0,0.0,0.0,0.3333333333333333,12.0,0.667,0.333,0.2,0.067,0.067,0.333,0.6,0.333,1.0,0.0,0.4,1.0,0.2,0.3333333333333333,0.6,0.333,1.17,0.17,1.0,0.5,0.0,0.0,0.0,0.17,0.5,0.67,0.25,0.75,0.0,0.0,0.0,0.0,0.0,0.0,0.0,0.0,0.0,3.5,3.7,0.0,0.0,0.0,0.2,0.0,0.0,0.0,0.0,2.3,0.5,2.8,0.455,0.0,0.0,0.0,0.0,0.0,0.0,0.0,0.0,0.0,0.0,0.0,0.0,0.0,0.0,0.0,0.0,0.0,0.0,0.0,0.0,0.0,0.0,3.75,0.6,0.136,0.0,103.84,0.667,0.2,0.667
Markelle Fultz,PG,25.0,ORL,43.0,18.0,21.2,3.6,7.6,0.472,0.1,0.4,0.222,3.5,7.2,0.487,0.479,0.5,0.8,0.697,1.3,1.9,3.2,2.8,1.0,0.3,1.2,1.5,7.8,106.0,112.0,12.6,0.492,0.055,0.101,7.2,10.7,8.9,19.7,2.3,1.5,12.8,18.8,0.0,0.030232558139534883,0.030232558139534883,0.069,-2.6,1.2,-1.4,0.1,0.6,-1.5,0.6744186046511628,0.32558139534883723,0.7674418604651163,0.11627906976744186,0.4186046511627907,0.046511627906976744,6.767441860465116,0.16279069767441862,0.627906976744186,7.4,0.945,0.353,0.353,0.187,0.052,0.055,0.626,0.435,0.361,0.353,0.42,1.0,0.043,0.2558139534883721,0.722,0.231,2.51,1.3,1.21,1.58,0.0,0.4,0.91,0.26,0.28,0.53,0.478,0.522,0.0,0.14,0.14,0.14,0.05,0.0,1.0,1.0,0.333,29.1,29.2,2.8,0.3,0.3,5.1,7.3,3.4,0.096,0.118,2.9,3.3,6.0,0.545,0.6,0.4,0.3,0.036,0.857,0.3,1.8,0.251,0.796,2.3,0.3,0.036,1.071,0.3,1.3,0.171,0.866,1.6,0.8,0.097,0.868,0.9,7.44,0.503,0.045,0.194,98.7,0.896,0.036,0.776
Andrew Funk,SG,24.0,CHI,5.0,0.0,2.6,0.0,0.8,0.0,0.0,0.6,0.0,0.0,0.2,0.0,0.0,0.0,0.0,0.0,0.0,0.0,0.0,0.0,0.2,0.2,0.0,0.0,0.0,0.0,112.0,-5.0,0.0,0.75,0.0,0.0,0.0,0.0,0.0,3.8,7.9,0.0,13.5,-0.02,0.0,-0.02,-0.252,-12.4,-2.0,-14.4,0.0,19.4,20.8,0.0,0.0,0.0,0.0,0.0,0.0,0.0,0.0,0.2,19.0,0.25,0.0,0.25,0.0,0.0,0.75,0.0,0.0,0.0,0.0,0.0,0.0,0.0,0.0,0.667,0.0,0.2,0.2,0.0,0.2,0.0,0.0,0.0,0.0,0.0,0.0,0.0,0.0,0.0,0.2,0.2,0.2,0.0,0.0,1.0,1.0,0.0,1.8,1.8,0.0,0.0,0.0,0.0,0.0,0.0,0.0,0.0,0.0,0.0,0.0,0.0,0.0,0.0,0.0,0.0,0.0,0.0,0.0,0.0,0.0,0.0,0.0,0.0,0.0,0.0,0.0,0.0,0.0,0.0,0.0,0.0,0.0,0.0,2.0,0.75,0.272,0.0,105.67,0.0,0.0,0.0
Wenyen Gabriel,PF,26.0,MEM,5.0,0.0,16.2,1.6,4.4,0.364,0.2,1.2,0.167,1.4,3.2,0.438,0.386,0.0,1.0,0.0,1.4,3.6,5.0,0.6,0.4,0.4,1.6,2.0,3.4,68.0,113.0,2.3,0.351,0.273,0.227,9.1,25.3,16.9,5.3,1.2,2.3,24.8,17.0,-0.06,0.02,-0.04,-0.123,-10.6,-1.9,-12.5,-0.2,-10.3,-3.1,0.4,0.4,0.4,0.8,0.6,0.0,1.4,0.2,0.4,8.6,0.727,0.545,0.091,0.091,0.0,0.273,0.5,0.5,0.0,0.0,0.714,1.0,0.136,0.4,0.5,0.333,3.6,2.4,1.2,1.2,0.0,0.8,1.8,0.8,0.2,1.0,0.8,0.2,0.4,0.8,1.2,1.2,0.8,0.333,0.667,1.0,0.667,14.4,10.6,0.6,0.0,0.0,0.8,1.4,0.6,0.042,0.042,3.4,5.4,8.6,0.581,0.2,0.0,0.0,0.0,0.0,0.0,0.0,0.0,0.0,0.0,0.0,0.0,0.0,0.0,0.0,0.0,0.0,0.0,0.0,0.0,0.0,0.0,5.4,0.407,-0.058,0.071,98.35,0.824,0.176,0.824
Daniel Gafford,C-PF,25.0,TOT,74.0,66.0,24.5,4.7,6.5,0.725,0.0,0.0,0.0,4.7,6.5,0.725,0.725,1.6,2.4,0.674,2.6,5.0,7.6,1.6,0.9,2.1,1.0,3.1,11.0,140.0,112.0,21.7,0.731,0.0,0.365,11.4,22.1,16.7,9.1,1.7,7.1,11.7,14.7,0.07027027027027027,0.033783783783783786,0.1054054054054054,0.205,0.7,1.9,2.6,2.1,-2.8,3.3,0.33783783783783783,0.28378378378378377,2.1486486486486487,0.2972972972972973,1.1891891891891893,0.21621621621621623,3.4324324324324325,0.2702702702702703,0.4594594594594595,2.8,1.0,0.667,0.302,0.027,0.004,0.0,0.813,0.566,0.385,0.5,0.761,0.0,0.392,2.391891891891892,0.0,0.0,8.82,7.2,1.62,1.55,0.07,3.74,8.28,0.28,0.32,0.61,0.467,0.533,0.65,1.61,2.26,2.15,1.14,0.287,0.713,0.964,0.509,28.4,18.0,1.6,0.1,0.2,2.1,3.7,1.9,0.055,0.066,6.4,9.3,15.3,0.498,0.4,0.4,0.0,0.0,0.0,0.0,0.0,0.0,0.0,0.0,3.074324324324324,0.257054054054054,1.4037837837837837,2.235135135135135,0.2,0.028,0.727,0.2,3.425675675675676,0.2697432432432432,1.468527027027027,2.325675675675676,15.42,0.488,-0.015,0.083,103.3,0.855,0.0,0.84
Danilo Gallinari,PF-SF,35.0,TOT,49.0,0.0,12.9,1.7,3.9,0.437,0.6,1.9,0.323,1.1,2.0,0.546,0.516,1.7,2.0,0.857,0.4,1.8,2.2,1.1,0.3,0.1,0.5,1.0,5.7,122.0,120.0,13.4,0.601,0.489,0.516,3.4,15.3,9.3,11.6,1.1,0.8,9.0,17.2,0.02040816326530612,0.006122448979591836,0.02653061224489796,0.098,-0.8,-1.0,-1.9,0.0,-9.3,-3.3,0.14285714285714285,0.2857142857142857,0.6122448979591837,0.02040816326530612,0.7346938775510204,0.04081632653061224,2.7346938775510203,0.14285714285714285,0.16326530612244897,17.8,0.511,0.142,0.116,0.153,0.1,0.489,0.852,0.409,0.517,0.316,0.528,0.867,0.053,0.16326530612244897,0.097,0.556,2.2,1.67,0.53,0.61,0.02,1.24,2.98,0.12,0.14,0.27,0.462,0.538,0.06,0.61,0.67,0.63,0.35,0.091,0.909,0.969,0.531,15.7,14.2,1.1,0.1,0.1,1.7,3.0,1.3,0.072,0.085,1.2,3.3,4.4,0.571,0.8,0.4,0.3,0.085,0.5,0.5,0.0,0.0,0.0,0.0,1.0,0.164,0.963,1.0,1.0465116279069768,0.2655581395348837,0.6738139534883721,1.404651162790698,0.6,0.073,1.333,0.5,5.7,0.519,0.035,0.127,101.41,0.379,0.321,0.257
Darius Garland,PG,24.0,CLE,57.0,57.0,33.4,6.6,14.8,0.446,2.3,6.2,0.371,4.3,8.5,0.501,0.524,2.6,3.1,0.834,0.5,2.1,2.7,6.5,1.3,0.1,3.1,1.7,18.0,108.0,115.0,14.5,0.56,0.423,0.208,1.8,7.1,4.5,29.4,1.9,0.3,16.1,25.3,0.012280701754385965,0.03508771929824561,0.04736842105263158,0.067,0.2,-1.2,-1.0,0.5,1.8,-1.6,1.8245614035087718,0.7017543859649122,0.631578947368421,0.15789473684210525,1.263157894736842,0.2807017543859649,15.403508771929825,0.2631578947368421,0.8421052631578947,15.7,0.577,0.17,0.214,0.115,0.077,0.423,0.643,0.406,0.505,0.446,0.346,0.652,0.0,0.0,0.14,0.44,2.67,1.25,1.42,2.0,0.05,0.25,0.63,0.37,0.42,0.79,0.467,0.533,0.0,0.26,0.26,0.25,0.0,0.0,1.0,0.933,0.0,53.6,65.5,6.5,0.7,1.2,12.0,16.4,8.4,0.122,0.157,1.6,3.9,5.5,0.528,0.0,0.0,1.8,0.104,0.92,2.0,0.0,0.0,0.0,0.0,0.0,0.0,0.0,0.0,2.9,0.135,1.129,2.6,0.3,0.013,1.143,0.2,10.61,0.506,0.046,0.295,98.02,0.473,0.385,0.374
Usman Garuba,PF,21.0,GSW,6.0,0.0,3.0,0.2,1.0,0.167,0.0,0.2,0.0,0.2,0.8,0.2,0.167,0.2,0.3,0.5,0.5,0.7,1.2,0.2,0.2,0.5,0.3,0.3,0.5,65.0,101.0,7.0,0.218,0.167,0.333,18.2,23.7,21.0,6.6,2.7,15.1,22.5,20.8,-0.016666666666666666,0.0,0.0,-0.124,-10.8,-0.1,-10.9,0.0,-32.2,-35.1,0.16666666666666666,0.16666666666666666,0.3333333333333333,0.0,0.16666666666666666,0.0,0.3333333333333333,0.0,0.3333333333333333,7.2,0.833,0.333,0.5,0.0,0.0,0.167,0.5,0.0,0.0,0.0,0.0,0.0,0.0,0.0,0.0,0.0,1.5,1.5,0.0,0.83,0.0,0.0,0.0,0.0,0.0,0.0,0.0,0.0,0.0,0.0,0.0,0.0,0.0,0.0,0.0,0.0,0.0,6.3,3.8,0.2,0.2,0.0,1.0,0.5,0.3,0.026,0.053,1.3,1.3,2.7,0.875,0.3,0.0,0.0,0.0,0.0,0.0,0.0,0.0,0.0,0.0,0.0,0.0,0.0,0.0,0.0,0.0,0.0,0.0,0.0,0.0,0.0,0.0,1.67,0.5,0.092,0.125,109.32,0.667,0.0,0.667
Luka Garza,C,25.0,MIN,25.0,0.0,4.9,1.4,3.0,0.48,0.4,1.3,0.281,1.1,1.7,0.628,0.54,0.7,1.0,0.72,0.8,0.5,1.2,0.2,0.2,0.0,0.2,1.0,4.0,117.0,111.0,21.8,0.576,0.427,0.333,18.6,10.7,14.4,5.9,1.6,0.7,6.5,33.3,0.008,0.008,0.016,0.166,0.6,-2.7,-2.1,0.0,0.9,-5.8,0.12,0.12,0.52,0.0,0.48,0.2,0.4,0.12,0.2,13.6,0.573,0.187,0.347,0.04,0.0,0.427,0.714,0.538,1.0,0.0,0.556,1.0,0.027,0.08,0.031,0.0,1.32,1.2,0.12,0.28,0.2,0.52,1.16,0.08,0.0,0.08,1.0,0.0,0.08,0.28,0.36,0.36,0.12,0.222,0.778,1.0,0.333,4.9,5.0,0.2,0.0,0.0,0.4,0.4,0.2,0.033,0.033,2.4,1.7,3.8,0.477,0.2,0.1,0.0,0.0,0.0,0.0,0.0,0.0,0.0,0.0,0.0,0.0,0.0,0.0,0.0,0.0,0.0,0.0,0.0,0.0,0.0,0.0,3.21,0.508,0.027,0.05,108.34,0.545,0.273,0.525
Kaiser Gates,SF,27.0,NOP,1.0,0.0,7.0,0.0,4.0,0.0,0.0,2.0,0.0,0.0,2.0,0.0,0.0,0.0,0.0,0.0,0.0,1.0,1.0,0.0,0.0,0.0,0.0,0.0,0.0,0.0,118.0,-19.9,0.0,0.5,0.0,0.0,15.7,8.0,0.0,0.0,0.0,0.0,24.9,-0.1,0.0,-0.1,-0.558,-18.6,-10.1,-28.8,-0.1,-12.5,-17.2,0.0,0.0,0.0,0.0,0.0,0.0,0.0,0.0,1.0,13.7,0.5,0.5,0.0,0.0,0.0,0.5,0.0,0.0,0.0,0.0,0.0,0.0,0.0,0.0,0.0,0.0,0.0,0.0,0.0,0.0,0.0,0.0,0.0,0.0,0.0,0.0,0.0,0.0,0.0,0.0,0.0,0.0,0.0,0.0,0.0,0.0,0.0,10.0,8.0,0.0,0.0,0.0,0.0,0.0,0.0,0.0,0.0,2.0,1.0,2.0,0.5,0.0,0.0,0.0,0.0,0.0,0.0,0.0,0.0,0.0,0.0,0.0,0.0,0.0,0.0,0.0,0.0,0.0,0.0,0.0,0.0,0.0,0.0,5.0,0.2,-0.243,0.0,106.55,0.0,0.0,0.0
Keyonte George,PG,20.0,UTA,75.0,44.0,27.0,4.3,10.9,0.391,2.0,5.9,0.334,2.3,5.0,0.459,0.482,2.5,3.0,0.848,0.2,2.6,2.8,4.4,0.5,0.1,2.5,1.2,13.0,104.0,124.0,10.4,0.533,0.54,0.274,0.8,10.6,5.7,23.1,0.9,0.3,17.1,22.8,-0.005333333333333334,0.0013333333333333335,-0.004,-0.008,-1.5,-2.9,-4.4,-1.2,-8.9,-8.1,1.5333333333333334,0.6266666666666667,0.41333333333333333,0.12,1.3733333333333333,0.32,10.586666666666666,0.32,0.68,17.9,0.46,0.075,0.228,0.104,0.053,0.54,0.689,0.425,0.447,0.302,0.366,0.701,0.015,0.16,0.127,0.357,2.61,0.73,1.88,0.75,0.08,0.2,0.44,0.13,0.27,0.4,0.333,0.667,0.0,0.12,0.12,0.12,0.0,0.0,1.0,1.0,0.0,46.4,53.2,4.4,0.4,0.5,7.7,11.4,5.3,0.095,0.114,0.9,4.2,5.0,0.609,0.0,0.0,0.7,0.051,0.893,0.7,4.6,0.394,0.805,5.7,0.0,0.0,0.0,0.0,0.0,0.0,0.0,0.0,0.4,0.022,1.125,0.3,10.37,0.495,0.031,0.244,100.98,0.353,0.453,0.283
Paul George,PF,33.0,LAC,74.0,74.0,33.8,7.9,16.7,0.471,3.3,7.9,0.413,4.6,8.8,0.523,0.569,3.6,3.9,0.907,0.5,4.7,5.2,3.5,1.5,0.5,2.1,2.7,22.6,119.0,114.0,19.3,0.613,0.476,0.235,1.7,15.3,8.8,16.1,2.2,1.3,10.1,26.6,0.05945945945945946,0.03783783783783783,0.09864864864864864,0.14,2.9,0.2,3.2,3.3,8.9,14.3,1.1081081081081081,0.4864864864864865,1.1891891891891893,0.32432432432432434,1.5810810810810811,0.25675675675675674,8.364864864864865,0.3783783783783784,0.7432432432432432,17.7,0.524,0.128,0.125,0.122,0.15,0.476,0.703,0.448,0.523,0.432,0.448,0.733,0.032,0.3918918918918919,0.138,0.457,5.92,3.19,2.73,2.95,0.07,0.51,1.15,0.34,0.38,0.72,0.472,0.528,0.03,0.58,0.61,0.58,0.36,0.044,0.956,0.956,0.6,34.8,41.2,3.5,0.4,0.4,5.7,8.6,4.2,0.099,0.119,1.6,7.8,9.1,0.578,1.0,0.7,3.6,0.17,1.031,3.5,4.1,0.186,1.09,3.8,0.0,0.0,0.0,0.0,5.5,0.21,1.288,4.3,1.0,0.031,1.617,0.6,14.19,0.446,-0.026,0.157,97.47,0.406,0.436,0.25
Taj Gibson,PF,38.0,TOT,20.0,1.0,10.2,0.8,1.9,0.405,0.1,0.5,0.2,0.7,1.4,0.481,0.432,0.1,0.1,1.0,0.6,1.3,1.9,0.6,0.2,0.4,0.3,1.6,1.7,105.0,116.0,5.9,0.449,0.27,0.054,6.6,13.8,10.2,6.9,0.7,3.2,11.7,9.0,0.0,0.01,0.01,0.044,-5.3,0.1,-5.3,-0.2,-6.9,-9.5,0.0,0.1,0.9,0.15,0.05,0.0,1.3,0.0,0.15,10.6,0.73,0.351,0.216,0.081,0.081,0.27,0.462,0.25,1.0,0.667,0.615,1.0,0.054,0.05,0.8,0.125,2.2,1.45,0.75,0.5,0.0,1.75,3.95,0.05,0.0,0.05,1.0,0.0,0.3,0.65,0.95,0.9,0.45,0.316,0.684,0.947,0.474,7.8,4.9,0.6,0.0,0.1,0.4,1.4,0.6,0.071,0.077,1.8,2.9,4.6,0.563,0.2,0.1,0.0,0.0,0.0,0.0,0.0,0.0,0.0,0.0,0.0,0.0,0.0,0.0,0.0,0.0,0.0,0.0,0.0,0.0,0.0,0.0,5.18,0.443,-0.05,0.071,101.16,0.765,0.176,0.529
Josh Giddey,SG,21.0,OKC,80.0,80.0,25.1,5.0,10.6,0.475,1.0,3.0,0.337,4.0,7.6,0.53,0.523,1.3,1.6,0.806,1.4,5.0,6.4,4.8,0.6,0.6,2.1,1.4,12.3,111.0,112.0,16.6,0.547,0.287,0.146,6.4,21.5,14.2,26.6,1.2,2.0,15.7,23.1,0.017499999999999998,0.03625,0.05375,0.102,1.0,0.4,1.5,1.8,8.2,0.5,1.15,0.625,0.7875,0.15,0.7875,0.0375,11.4375,0.2625,0.875,10.9,0.713,0.283,0.336,0.064,0.03,0.287,0.671,0.425,0.519,0.4,0.522,0.963,0.006,0.05,0.37,0.367,3.96,1.95,2.01,1.11,0.0,0.33,0.68,0.4,0.3,0.7,0.571,0.429,0.04,0.23,0.26,0.25,0.09,0.143,0.857,1.0,0.35,42.1,35.6,4.8,0.4,0.5,7.5,12.3,5.8,0.115,0.137,2.9,7.5,10.4,0.619,0.3,0.1,0.5,0.045,0.771,0.6,2.2,0.185,0.873,2.5,0.3,0.023,0.96,0.3,3.3,0.265,0.94,3.5,0.0,0.0,0.0,0.0,10.24,0.47,0.007,0.252,102.32,0.649,0.249,0.584
Harry Giles,C,25.0,TOT,23.0,0.0,4.3,1.0,2.2,0.46,0.1,0.6,0.214,0.9,1.6,0.556,0.49,0.3,0.6,0.538,0.5,0.8,1.3,0.3,0.1,0.1,0.3,0.7,2.4,103.0,115.0,14.8,0.503,0.28,0.26,12.8,20.0,16.4,10.5,1.0,2.7,9.7,26.7,0.0,0.004347826086956522,0.004347826086956522,0.027,-2.7,-2.0,-4.8,-0.1,-21.0,-18.8,0.08695652173913043,0.08695652173913043,0.5217391304347826,0.08695652173913043,0.34782608695652173,0.0,0.6086956521739131,0.13043478260869565,0.08695652173913043,10.5,0.72,0.36,0.26,0.06,0.04,0.28,0.667,0.462,0.333,0.5,0.7,1.0,0.12,0.21739130434782608,0.357,0.2,,,,,,,,,,,,,,,,,,,,,,,,,,,,,,,,,,,,,,,,,,,,,,,,,,,,,,,,,,,,,,,,,
Shai Gilgeous-Alexander,PG,25.0,OKC,75.0,75.0,34.0,10.6,19.8,0.535,1.3,3.6,0.353,9.3,16.2,0.576,0.567,7.6,8.7,0.874,0.9,4.7,5.5,6.2,2.0,0.9,2.2,2.5,30.1,129.0,110.0,29.3,0.636,0.181,0.436,3.0,14.7,9.1,29.8,2.8,2.4,8.4,32.8,0.14,0.056,0.19466666666666665,0.275,6.7,2.3,9.0,7.1,11.9,11.4,0.8933333333333333,0.76,1.32,0.18666666666666668,3.6266666666666665,0.14666666666666667,15.666666666666666,0.9866666666666667,1.0266666666666666,11.3,0.819,0.252,0.224,0.26,0.083,0.181,0.731,0.492,0.53,0.472,0.223,0.368,0.027,0.49333333333333335,0.059,0.5,6.01,2.75,3.27,3.51,0.0,0.53,1.2,0.36,0.57,0.93,0.386,0.614,0.03,0.31,0.33,0.33,0.15,0.08,0.92,1.0,0.44,42.3,58.7,6.2,0.4,0.8,11.9,16.5,7.4,0.146,0.176,2.2,7.1,9.1,0.606,1.2,0.5,6.8,0.24,1.111,6.1,8.8,0.303,1.138,7.7,0.0,0.0,0.0,0.0,2.7,0.095,1.126,2.4,0.8,0.021,1.525,0.5,13.91,0.451,-0.014,0.287,102.45,0.622,0.126,0.475
Anthony Gill,PF,31.0,WAS,50.0,3.0,9.3,1.5,3.2,0.469,0.2,0.8,0.244,1.3,2.4,0.546,0.5,0.6,0.7,0.806,0.7,1.1,1.9,0.7,0.3,0.2,0.5,1.0,3.8,109.0,120.0,12.1,0.537,0.256,0.225,8.3,13.4,10.8,10.0,1.3,1.9,11.6,18.0,0.002,0.004,0.008,0.038,-2.6,-1.5,-4.1,-0.3,-0.1,10.4,0.28,0.1,0.5,0.06,0.26,0.04,1.72,0.04,0.32,9.5,0.744,0.356,0.338,0.044,0.006,0.256,0.667,0.426,0.429,1.0,0.692,1.0,0.038,0.1,0.293,0.083,2.16,1.3,0.86,0.32,0.04,1.18,2.8,0.12,0.14,0.26,0.462,0.538,0.14,0.64,0.78,0.6,0.14,0.179,0.821,0.811,0.189,7.7,7.5,0.7,0.1,0.1,1.2,1.8,0.9,0.088,0.111,2.2,3.4,5.4,0.511,0.1,0.0,0.0,0.0,0.0,0.0,0.0,0.0,0.0,0.0,0.0,0.0,0.0,0.0,0.0,0.0,0.0,0.0,0.0,0.0,0.0,0.0,5.38,0.512,0.034,0.098,104.03,0.688,0.159,0.677
Collin Gillespie,PG,24.0,DEN,24.0,0.0,9.4,1.3,2.9,0.464,0.6,1.6,0.395,0.7,1.3,0.548,0.572,0.3,0.5,0.667,0.0,0.8,0.9,1.1,0.5,0.0,0.6,1.0,3.6,109.0,113.0,11.0,0.586,0.551,0.174,0.5,9.6,5.2,15.5,2.9,0.0,15.9,17.1,0.004166666666666667,0.012499999999999999,0.016666666666666666,0.076,-3.7,0.9,-2.7,0.0,4.5,-1.1,0.2916666666666667,0.041666666666666664,0.4166666666666667,0.08333333333333333,0.25,0.08333333333333333,2.6666666666666665,0.08333333333333333,0.125,17.9,0.449,0.188,0.13,0.029,0.101,0.551,0.538,0.556,1.0,0.429,0.353,0.933,0.014,0.041666666666666664,0.105,0.5,1.75,0.75,1.0,1.08,0.0,0.29,0.71,0.0,0.04,0.04,0.0,1.0,0.0,0.17,0.17,0.17,0.0,0.0,1.0,1.0,0.0,15.8,16.6,1.1,0.2,0.1,2.5,3.0,1.4,0.071,0.09,0.7,3.4,3.9,0.412,0.0,0.0,0.0,0.0,0.0,0.0,0.0,0.0,0.0,0.0,0.0,0.0,0.0,0.0,0.0,0.0,0.0,0.0,0.0,0.0,0.0,0.0,5.67,0.422,-0.018,0.164,99.78,0.391,0.517,0.276
Jacob Gilyard,PG,25.0,TOT,41.0,14.0,17.0,1.5,3.7,0.4,1.2,3.1,0.405,0.2,0.6,0.375,0.57,0.0,0.0,1.0,0.2,0.9,1.1,3.3,0.8,0.1,0.7,1.0,4.2,122.0,117.0,11.1,0.573,0.84,0.013,1.4,6.0,3.6,27.7,2.3,0.7,16.6,11.1,0.01951219512195122,0.014634146341463414,0.03414634146341463,0.095,-2.0,0.6,-1.4,0.1,-12.3,-6.2,0.6097560975609756,0.07317073170731707,0.43902439024390244,0.0,0.024390243902439025,0.04878048780487805,8.390243902439025,0.024390243902439025,0.12195121951219512,23.8,0.16,0.027,0.04,0.013,0.08,0.84,0.25,0.5,0.0,0.417,0.111,0.824,0.0,0.0,0.238,0.5,1.24,0.49,0.76,1.95,0.0,0.22,0.61,0.12,0.24,0.37,0.333,0.667,0.0,0.15,0.15,0.15,0.02,0.0,1.0,1.0,0.167,31.0,30.8,3.4,0.3,0.2,6.3,9.0,3.9,0.109,0.125,0.8,2.6,3.3,0.605,0.0,0.0,0.0,0.0,0.0,0.0,1.0,0.254,0.818,1.2,0.0,0.0,0.0,0.0,2.7,0.468,1.247,2.2,0.0,0.0,0.0,0.0,5.92,0.524,0.066,0.29,97.53,0.104,0.884,0.046
Rudy Gobert,C,31.0,MIN,76.0,76.0,34.1,5.3,8.1,0.661,0.0,0.0,0.0,5.3,8.0,0.664,0.661,3.3,5.1,0.638,3.8,9.2,12.9,1.3,0.7,2.1,1.6,3.1,14.0,131.0,104.0,19.3,0.675,0.005,0.635,13.1,29.2,21.5,5.6,1.0,5.5,13.1,15.4,0.07631578947368421,0.07631578947368421,0.15263157894736842,0.216,0.1,1.7,1.8,2.5,8.4,5.2,0.42105263157894735,0.39473684210526316,1.5789473684210527,0.5,2.1842105263157894,0.18421052631578946,3.486842105263158,0.5526315789473685,0.7236842105263158,2.7,0.995,0.757,0.195,0.029,0.013,0.005,0.755,0.4,0.222,0.375,0.685,0.0,0.441,3.263157894736842,0.0,0.0,10.97,9.28,1.7,1.63,0.01,4.76,11.43,0.24,0.16,0.39,0.6,0.4,0.93,1.89,2.83,2.78,1.91,0.33,0.67,0.995,0.684,33.4,22.2,1.3,0.1,0.2,2.0,3.6,1.6,0.04,0.047,8.4,15.0,22.8,0.568,1.4,1.1,0.0,0.0,0.0,0.0,0.0,0.0,0.0,0.0,3.1,0.208,1.239,2.5,0.2,0.031,0.607,0.4,3.8,0.259,1.226,3.1,18.95,0.435,-0.06,0.057,97.22,0.765,0.0,0.76
Jordan Goodwin,PG,25.0,TOT,57.0,12.0,18.5,2.5,6.7,0.369,0.7,2.5,0.298,1.7,4.2,0.411,0.424,0.8,1.0,0.746,1.5,2.9,4.4,2.7,0.8,0.3,1.0,1.3,6.5,105.0,113.0,12.6,0.451,0.369,0.154,9.3,17.3,13.3,20.9,2.2,1.6,12.1,19.0,-0.0035087719298245615,0.02456140350877193,0.021052631578947368,0.054,-1.5,0.5,-1.0,0.3,-4.1,-2.7,0.631578947368421,0.2631578947368421,0.8421052631578947,0.03508771929824561,0.40350877192982454,0.03508771929824561,6.43859649122807,0.08771929824561403,0.49122807017543857,14.0,0.631,0.215,0.204,0.136,0.076,0.369,0.561,0.308,0.365,0.345,0.293,0.857,0.008,0.017543859649122806,0.248,0.343,2.16,1.16,1.0,1.84,0.0,0.28,0.63,0.32,0.46,0.77,0.409,0.591,0.11,0.3,0.4,0.37,0.19,0.261,0.739,0.913,0.478,30.1,27.6,2.7,0.3,0.2,4.8,6.9,3.3,0.09,0.109,4.2,6.3,10.3,0.544,0.0,0.0,0.8,0.048,1.182,0.6,1.2428571428571427,0.21287499999999998,0.8049821428571429,1.95,0.2,0.044,0.9,0.3,2.1035714285714286,0.3464107142857143,0.8079107142857144,2.6339285714285716,0.0,0.0,0.0,0.0,7.69,0.466,0.002,0.219,98.75,0.538,0.342,0.435
Aaron Gordon,PF,28.0,DEN,73.0,73.0,31.5,5.5,9.8,0.556,0.5,1.9,0.29,4.9,7.9,0.619,0.584,2.4,3.7,0.658,2.4,4.1,6.5,3.5,0.8,0.6,1.4,1.9,13.9,125.0,114.0,16.8,0.607,0.193,0.376,8.6,13.9,11.4,15.2,1.2,1.7,11.2,17.8,0.06164383561643835,0.03561643835616438,0.09726027397260273,0.148,1.2,0.1,1.3,1.9,9.1,8.5,0.6027397260273972,0.3972602739726027,1.1917808219178083,0.273972602739726,1.917808219178082,0.0958904109589041,8.63013698630137,0.5616438356164384,0.7808219178082192,7.4,0.807,0.554,0.183,0.053,0.017,0.193,0.738,0.382,0.263,0.417,0.642,0.85,0.256,2.3424657534246576,0.391,0.352,4.74,3.25,1.49,1.38,0.03,1.26,3.08,0.32,0.27,0.59,0.535,0.465,0.25,0.37,0.62,0.6,0.44,0.4,0.6,0.978,0.711,28.3,28.4,3.5,0.3,0.3,5.7,9.2,4.1,0.125,0.145,4.5,6.1,10.2,0.638,1.5,1.0,0.7,0.085,0.638,1.1,0.4,0.049,0.609,0.6,1.0,0.06,1.339,0.8,1.4,0.105,1.071,1.3,3.5,0.179,1.53,2.3,12.03,0.433,-0.053,0.147,98.01,0.707,0.118,0.685
Eric Gordon,SG,35.0,PHO,68.0,24.0,27.8,4.0,9.1,0.443,2.2,5.8,0.378,1.8,3.3,0.561,0.565,0.8,0.9,0.797,0.2,1.6,1.8,2.0,1.0,0.4,1.1,1.2,11.0,112.0,117.0,10.8,0.58,0.642,0.104,1.0,6.0,3.6,10.0,1.7,1.4,10.2,16.5,0.014705882352941176,0.022058823529411766,0.03676470588235294,0.063,-1.3,-0.5,-1.7,0.1,3.6,0.7,0.5882352941176471,0.23529411764705882,0.6764705882352942,0.08823529411764706,0.45588235294117646,0.04411764705882353,4.852941176470588,0.1323529411764706,0.5882352941176471,18.4,0.358,0.175,0.149,0.026,0.008,0.642,0.731,0.391,0.5,0.2,0.653,0.933,0.002,0.014705882352941176,0.202,0.413,1.94,0.96,0.99,1.46,0.0,0.22,0.49,0.19,0.32,0.51,0.371,0.629,0.0,0.22,0.22,0.22,0.07,0.0,1.0,1.0,0.333,24.1,27.5,2.0,0.2,0.4,3.3,5.2,2.7,0.085,0.11,0.8,3.6,4.3,0.49,0.0,0.0,0.3,0.039,0.607,0.4,1.0,0.114,0.79,1.2,0.3,0.016,1.636,0.2,6.2,0.502,1.174,5.3,0.4,0.027,1.526,0.3,7.63,0.451,-0.016,0.1,100.41,0.331,0.601,0.323
Devonte' Graham,PG,28.0,SAS,23.0,0.0,13.6,1.7,4.7,0.352,1.1,3.6,0.301,0.6,1.1,0.52,0.468,0.6,0.7,0.813,0.2,1.3,1.6,2.1,0.4,0.1,0.7,0.6,5.0,104.0,119.0,9.4,0.495,0.769,0.148,1.7,10.8,6.2,21.0,1.4,0.5,12.9,17.8,-0.004347826086956522,0.008695652173913044,0.004347826086956522,0.018,-3.0,-0.9,-3.9,-0.1,4.4,11.7,0.5652173913043478,0.043478260869565216,0.30434782608695654,0.0,0.34782608695652173,0.043478260869565216,5.043478260869565,0.17391304347826086,0.17391304347826086,21.9,0.231,0.083,0.037,0.074,0.037,0.769,0.667,0.5,0.375,0.5,0.385,0.72,0.0,0.0,0.145,0.25,0.52,0.26,0.26,0.52,0.0,0.04,0.09,0.09,0.3,0.39,0.222,0.778,0.0,0.04,0.04,0.04,0.0,0.0,1.0,1.0,0.0,20.4,20.6,2.2,0.3,0.4,4.3,6.0,2.9,0.109,0.143,0.8,2.4,3.1,0.654,0.0,0.0,0.0,0.0,0.0,0.0,1.4,0.275,0.889,1.6,0.0,0.0,0.0,0.0,0.0,0.0,0.0,0.0,0.0,0.0,0.0,0.0,4.57,0.438,-0.019,0.219,101.62,0.228,0.658,0.175
Jerami Grant,PF,29.0,POR,54.0,54.0,33.9,7.1,15.7,0.451,2.1,5.1,0.402,5.0,10.6,0.474,0.516,4.7,5.8,0.817,0.7,2.9,3.5,2.8,0.8,0.6,2.1,2.2,21.0,113.0,120.0,15.4,0.573,0.325,0.367,2.1,10.0,5.8,13.8,1.2,1.7,10.5,25.7,0.03148148148148148,0.018518518518518517,0.05,0.071,1.0,-1.1,-0.1,0.9,-9.6,-0.5,0.8703703703703703,0.8703703703703703,1.2222222222222223,0.25925925925925924,2.5185185185185186,0.25925925925925924,7.037037037037037,0.5,1.1851851851851851,13.2,0.675,0.214,0.255,0.096,0.109,0.325,0.599,0.406,0.415,0.441,0.445,0.973,0.028,0.3333333333333333,0.333,0.467,3.83,2.11,1.72,1.72,0.07,0.28,0.63,0.24,0.31,0.56,0.433,0.567,0.0,0.72,0.72,0.67,0.09,0.0,1.0,0.947,0.132,30.8,38.1,2.8,0.1,0.3,5.4,7.3,3.2,0.091,0.103,2.3,5.4,7.5,0.5,1.9,0.8,1.9,0.133,0.717,2.7,2.3,0.138,0.821,2.8,0.3,0.021,0.783,0.4,6.8,0.28,1.196,5.7,0.4,0.016,1.176,0.3,10.81,0.512,0.029,0.138,98.26,0.481,0.294,0.362
RaiQuan Gray,PF,24.0,SAS,3.0,0.0,13.0,3.3,5.7,0.588,1.0,2.3,0.429,2.3,3.3,0.7,0.676,0.0,0.0,0.0,0.7,1.7,2.3,2.0,0.3,0.3,0.3,0.0,7.7,136.0,117.0,22.7,0.676,0.412,0.0,5.5,14.0,9.7,25.2,1.2,2.1,5.6,19.5,0.03333333333333333,0.0,0.06666666666666667,0.187,5.6,1.8,7.4,0.1,14.6,21.1,0.3333333333333333,0.0,0.0,0.0,0.0,0.0,4.666666666666667,0.0,0.3333333333333333,12.8,0.588,0.235,0.353,0.0,0.0,0.412,0.75,0.667,0.0,0.0,0.571,1.0,0.059,0.3333333333333333,0.143,0.0,3.33,1.33,2.0,1.33,0.0,0.33,1.0,0.0,0.0,0.0,0.0,0.0,0.0,0.33,0.33,0.33,0.0,0.0,1.0,1.0,0.0,14.0,15.0,2.0,0.3,0.0,3.3,5.7,2.3,0.143,0.167,1.0,4.0,5.0,0.7,0.7,0.7,0.0,0.0,0.0,0.0,0.0,0.0,0.0,0.0,0.0,0.0,0.0,0.0,0.0,0.0,0.0,0.0,0.0,0.0,0.0,0.0,7.0,0.476,0.026,0.207,100.22,0.609,0.391,0.609
AJ Green,SG,24.0,MIL,56.0,0.0,11.0,1.5,3.5,0.423,1.2,3.0,0.408,0.3,0.5,0.519,0.599,0.3,0.3,0.895,0.2,1.0,1.1,0.5,0.2,0.1,0.2,0.9,4.5,122.0,120.0,10.5,0.617,0.862,0.097,1.6,9.6,5.7,6.4,0.7,0.6,5.5,15.2,0.012499999999999999,0.005357142857142857,0.019642857142857146,0.084,-0.4,-1.7,-2.1,0.0,4.8,2.3,0.125,0.05357142857142857,0.42857142857142855,0.0,0.07142857142857142,0.14285714285714285,1.2857142857142858,0.03571428571428571,0.05357142857142857,24.1,0.138,0.026,0.02,0.031,0.061,0.862,1.0,0.25,0.333,0.5,0.857,0.942,0.0,0.0,0.225,0.447,1.27,0.73,0.54,0.48,0.07,0.13,0.29,0.02,0.18,0.2,0.091,0.909,0.04,0.16,0.2,0.2,0.04,0.182,0.818,1.0,0.182,8.2,8.6,0.5,0.0,0.1,1.0,1.3,0.6,0.065,0.074,0.6,2.9,3.4,0.571,0.0,0.0,0.0,0.0,0.0,0.0,0.2,0.067,0.643,0.3,0.3,0.067,1.214,0.3,2.0,0.429,1.233,1.6,0.0,0.0,0.0,0.0,4.79,0.47,0.011,0.068,98.96,0.111,0.821,0.048
Danny Green,SG,36.0,PHI,2.0,0.0,9.0,0.0,1.0,0.0,0.0,0.5,0.0,0.0,0.5,0.0,0.0,0.0,0.0,0.0,0.0,1.0,1.0,0.5,0.5,0.0,0.0,0.5,0.0,33.0,114.0,0.7,0.0,0.5,0.0,0.0,12.5,6.1,6.5,2.7,0.0,0.0,4.8,0.0,0.0,0.0,-0.035,-7.4,0.8,-6.6,0.0,-3.0,-6.0,0.0,0.0,0.5,0.0,0.0,0.0,1.0,0.0,0.0,22.5,0.5,0.0,0.0,0.0,0.5,0.5,0.0,0.0,0.0,0.0,0.0,0.0,0.0,0.0,1.0,0.0,2.5,1.5,1.0,2.0,0.0,0.0,0.0,0.0,0.0,0.0,0.0,0.0,0.0,0.0,0.0,0.0,0.0,0.0,0.0,0.0,0.0,7.0,2.5,0.5,0.0,0.0,0.0,0.0,0.0,0.071,0.0,1.0,2.0,3.0,0.667,0.0,0.0,0.0,0.0,0.0,0.0,0.0,0.0,0.0,0.0,0.0,0.0,0.0,0.0,0.0,0.0,0.0,0.0,0.0,0.0,0.0,0.0,5.5,0.727,0.25,0.056,104.07,0.0,0.0,0.0
Draymond Green,PF,33.0,GSW,55.0,52.0,27.1,3.4,6.8,0.497,0.9,2.3,0.395,2.4,4.4,0.551,0.566,1.0,1.3,0.73,1.4,5.9,7.2,6.0,1.0,0.9,2.5,3.0,8.6,116.0,112.0,14.5,0.587,0.347,0.199,5.6,23.0,14.4,28.6,1.8,2.9,25.0,15.3,0.025454545454545452,0.04,0.06545454545454546,0.116,-0.6,3.0,2.4,1.6,5.6,4.6,1.8363636363636364,0.2,1.509090909090909,0.38181818181818183,0.6,0.5272727272727272,14.345454545454546,0.12727272727272726,0.32727272727272727,11.6,0.653,0.293,0.296,0.056,0.008,0.347,0.67,0.5,0.143,1.0,0.769,0.941,0.022,0.12727272727272726,0.31,0.425,8.42,5.29,3.13,2.09,0.38,2.53,6.45,0.4,0.25,0.65,0.611,0.389,0.24,1.56,1.8,1.73,0.85,0.131,0.869,0.969,0.48,49.6,37.5,6.1,0.6,0.6,10.8,15.2,7.1,0.122,0.144,3.0,8.9,11.4,0.639,1.1,0.1,0.0,0.0,0.0,0.0,0.4,0.043,0.87,0.4,1.0,0.102,0.982,1.0,2.9,0.261,1.121,2.6,1.8,0.172,1.065,1.7,14.35,0.43,-0.065,0.276,103.22,0.564,0.322,0.543
Jalen Green,SG,21.0,HOU,82.0,82.0,31.7,6.9,16.2,0.423,2.5,7.4,0.332,4.4,8.9,0.498,0.498,3.5,4.3,0.804,0.5,4.7,5.2,3.5,0.8,0.3,2.3,1.4,19.6,107.0,115.0,14.7,0.541,0.454,0.264,1.7,15.9,8.7,17.3,1.2,1.0,11.4,27.4,0.0024390243902439024,0.03536585365853658,0.03780487804878049,0.056,0.4,-0.9,-0.5,1.0,-0.5,-4.7,0.9878048780487805,1.0,0.7073170731707317,0.1951219512195122,1.975609756097561,0.07317073170731707,8.390243902439025,0.5487804878048781,1.3170731707317074,15.8,0.546,0.217,0.166,0.064,0.099,0.454,0.692,0.344,0.353,0.424,0.34,0.552,0.042,0.5853658536585366,0.089,0.37,4.04,2.22,1.82,1.51,0.04,0.12,0.26,0.23,0.22,0.45,0.514,0.486,0.02,0.21,0.23,0.22,0.06,0.105,0.895,0.947,0.263,37.5,43.0,3.5,0.5,0.8,6.2,9.2,4.8,0.095,0.127,1.9,7.3,8.9,0.59,0.0,0.0,1.9,0.111,0.843,2.3,7.2,0.393,0.902,8.0,0.0,0.0,0.0,0.0,2.8,0.153,0.902,3.1,0.6,0.022,1.389,0.4,10.1,0.481,0.013,0.17,100.26,0.45,0.375,0.359
Javonte Green,SF,30.0,CHI,9.0,5.0,25.6,5.0,8.3,0.6,1.1,3.0,0.37,3.9,5.3,0.729,0.667,1.1,1.4,0.769,2.2,5.2,7.4,0.6,1.1,0.9,0.8,2.1,12.2,132.0,112.0,20.2,0.681,0.36,0.173,9.5,23.3,16.3,3.3,2.2,3.6,8.0,16.7,0.05555555555555555,0.03333333333333333,0.1,0.18,1.9,0.1,2.0,0.2,6.6,8.5,0.2222222222222222,0.3333333333333333,1.3333333333333333,0.0,0.7777777777777778,0.0,1.3333333333333333,0.3333333333333333,0.4444444444444444,10.2,0.64,0.493,0.133,0.013,0.0,0.36,0.73,0.7,1.0,0.0,0.686,1.0,0.173,1.2222222222222223,0.63,0.353,3.11,1.67,1.44,2.78,0.0,0.56,1.22,0.22,0.44,0.67,0.333,0.667,0.44,1.11,1.56,1.56,0.89,0.286,0.714,1.0,0.571,28.2,16.6,0.6,0.1,0.0,1.2,1.6,0.7,0.02,0.024,4.6,7.8,11.6,0.644,0.0,0.0,0.0,0.0,0.0,0.0,0.0,0.0,0.0,0.0,0.0,0.0,0.0,0.0,3.7,0.414,1.028,3.6,0.0,0.0,0.0,0.0,7.56,0.5,0.013,0.027,98.13,0.636,0.273,0.636
Jeff Green,PF,37.0,HOU,78.0,6.0,16.8,2.1,4.7,0.456,0.7,2.1,0.331,1.5,2.6,0.553,0.529,1.6,1.9,0.819,0.6,1.7,2.3,0.9,0.2,0.4,0.6,1.3,6.5,119.0,117.0,11.3,0.59,0.437,0.407,3.7,10.9,7.3,7.3,0.6,2.2,9.6,15.5,0.017948717948717947,0.015384615384615384,0.03333333333333333,0.095,-1.6,-0.4,-2.1,0.0,-1.9,-4.6,0.1282051282051282,0.10256410256410256,0.8076923076923077,0.2564102564102564,0.9487179487179487,0.05128205128205128,2.1923076923076925,0.20512820512820512,0.20512820512820512,14.5,0.563,0.199,0.26,0.077,0.027,0.437,0.767,0.453,0.5,0.1,0.737,0.943,0.068,0.2564102564102564,0.45,0.347,4.32,2.68,1.64,0.55,0.03,1.24,2.97,0.12,0.09,0.21,0.563,0.438,0.0,0.58,0.58,0.54,0.1,0.0,1.0,0.955,0.182,12.4,13.1,0.9,0.0,0.1,1.7,2.3,1.0,0.073,0.084,1.3,3.3,4.6,0.586,0.5,0.3,0.2,0.029,0.857,0.2,0.2,0.023,1.455,0.1,1.3,0.182,1.126,1.1,2.1,0.318,1.086,1.9,0.7,0.09,1.326,0.6,7.29,0.43,-0.043,0.079,100.77,0.448,0.312,0.397
Josh Green,SG,23.0,DAL,57.0,33.0,26.4,3.1,6.6,0.479,1.3,3.3,0.385,1.9,3.3,0.572,0.575,0.7,1.0,0.684,0.7,2.5,3.2,2.3,0.8,0.2,1.1,1.9,8.2,115.0,117.0,9.9,0.588,0.5,0.152,2.9,10.4,6.7,11.1,1.5,0.5,13.1,13.1,0.017543859649122806,0.021052631578947368,0.03859649122807018,0.071,-2.4,-0.3,-2.7,-0.3,-2.1,-6.9,0.5614035087719298,0.2631578947368421,0.7894736842105263,0.21052631578947367,0.38596491228070173,0.5087719298245614,5.614035087719298,0.10526315789473684,0.5263157894736842,14.5,0.5,0.265,0.158,0.045,0.032,0.5,0.768,0.339,0.294,0.5,0.748,0.958,0.091,0.543859649122807,0.626,0.385,2.75,1.58,1.18,1.6,0.05,0.7,1.63,0.54,0.32,0.86,0.633,0.367,0.0,0.33,0.33,0.32,0.12,0.0,1.0,1.0,0.389,24.2,22.7,2.3,0.3,0.2,4.1,6.0,2.7,0.095,0.113,1.9,4.3,6.2,0.572,0.0,0.0,0.2,0.033,0.933,0.3,0.3,0.054,0.72,0.4,0.3,0.039,1.056,0.3,3.4,0.441,0.956,3.6,0.3,0.026,1.583,0.2,9.68,0.496,0.035,0.111,101.44,0.456,0.461,0.418
AJ Griffin,SF,20.0,ATL,20.0,0.0,8.6,0.9,3.1,0.29,0.5,2.0,0.256,0.4,1.2,0.348,0.371,0.1,0.1,1.0,0.1,0.8,0.9,0.3,0.1,0.1,0.4,0.3,2.4,77.0,124.0,1.2,0.382,0.629,0.032,1.2,10.6,5.7,3.7,0.3,1.1,11.3,17.3,-0.02,0.0,-0.02,-0.12,-6.0,-3.5,-9.6,-0.3,-13.7,-12.0,0.2,0.15,0.15,0.0,0.05,0.0,0.65,0.0,0.15,19.5,0.371,0.048,0.194,0.065,0.065,0.629,0.667,0.25,0.5,0.25,0.75,0.8,0.016,0.05,0.205,0.25,0.95,0.6,0.35,0.2,0.0,0.1,0.25,0.1,0.15,0.25,0.4,0.6,0.0,0.1,0.1,0.1,0.0,0.0,1.0,1.0,0.0,4.8,6.0,0.3,0.1,0.2,0.5,0.8,0.5,0.052,0.094,1.3,2.2,3.3,0.6,0.0,0.0,0.0,0.0,0.0,0.0,0.0,0.0,0.0,0.0,0.0,0.0,0.0,0.0,0.0,0.0,0.0,0.0,0.0,0.0,0.0,0.0,3.53,0.478,0.016,0.041,106.84,0.333,0.625,0.25
Quentin Grimes,SG,23.0,TOT,51.0,18.0,20.1,2.4,6.4,0.372,1.6,4.7,0.338,0.8,1.7,0.466,0.495,0.7,0.9,0.756,0.3,1.7,2.0,1.3,0.7,0.1,0.5,1.5,7.0,109.0,116.0,8.9,0.516,0.732,0.137,1.6,9.3,5.5,8.7,1.7,0.6,7.5,15.8,0.0058823529411764705,0.0196078431372549,0.025490196078431372,0.06,-2.6,0.4,-2.2,-0.1,-0.8,-4.9,0.27450980392156865,0.17647058823529413,0.8431372549019608,0.0,0.43137254901960786,0.058823529411764705,3.215686274509804,0.09803921568627451,0.29411764705882354,19.5,0.268,0.168,0.049,0.018,0.034,0.732,0.582,0.375,0.167,0.182,0.732,0.963,0.021,0.0784313725490196,0.317,0.355,2.76,1.47,1.29,1.18,0.0,0.16,0.31,0.14,0.22,0.35,0.389,0.611,0.02,0.1,0.12,0.08,0.02,0.167,0.833,0.8,0.2,16.5,17.1,1.3,0.1,0.1,2.1,3.4,1.5,0.079,0.093,1.0,3.8,4.8,0.469,0.0,0.0,0.0,0.0,0.0,0.0,0.47600000000000003,0.09756000000000001,0.7928799999999999,0.792,0.0,0.0,0.0,0.0,3.2680000000000002,0.45496,0.9569999999999999,3.3760000000000003,0.3,0.041,0.923,0.3,6.76,0.487,0.03,0.094,97.78,0.228,0.677,0.217
Mouhamadou Gueye,PF,25.0,TOR,11.0,0.0,10.9,1.0,3.5,0.289,0.0,0.3,0.0,1.0,3.2,0.314,0.289,0.4,0.8,0.444,1.1,1.0,2.1,0.5,0.3,1.6,1.1,1.4,2.4,67.0,113.0,4.6,0.31,0.079,0.237,10.8,10.3,10.5,5.3,1.2,13.2,22.2,19.2,-0.045454545454545456,0.018181818181818184,-0.03636363636363637,-0.147,-11.0,-0.9,-11.9,-0.3,-31.7,-26.1,0.6363636363636364,0.18181818181818182,1.1818181818181819,0.09090909090909091,0.18181818181818182,0.09090909090909091,1.2727272727272727,0.09090909090909091,0.5454545454545454,6.0,0.921,0.395,0.474,0.026,0.026,0.079,0.467,0.222,0.0,0.0,0.727,0.0,0.211,0.5454545454545454,0.0,0.0,4.82,3.55,1.27,0.45,0.0,1.18,2.73,0.18,0.09,0.27,0.667,0.333,0.18,0.27,0.45,0.36,0.09,0.4,0.6,0.8,0.2,11.5,11.6,0.5,0.0,0.0,0.7,1.3,0.5,0.04,0.04,2.3,2.9,5.2,0.489,0.0,0.0,0.0,0.0,0.0,0.0,0.0,0.0,0.0,0.0,0.0,0.0,0.0,0.0,0.1,0.208,0.091,1.0,0.8,0.189,0.9,0.9,8.64,0.453,-0.033,0.081,102.25,0.846,0.0,0.846
Mouhamed Gueye,PF,21.0,ATL,6.0,0.0,12.2,1.3,3.8,0.348,0.5,1.5,0.333,0.8,2.3,0.357,0.413,0.8,1.0,0.833,1.7,2.0,3.7,0.7,0.8,0.7,0.2,2.2,4.0,120.0,112.0,15.0,0.468,0.391,0.261,14.4,18.6,16.4,7.0,3.3,4.9,3.8,15.2,0.016666666666666666,0.016666666666666666,0.03333333333333333,0.127,-2.1,0.6,-1.5,0.0,-28.8,-27.1,0.16666666666666666,0.0,1.0,0.0,0.3333333333333333,0.0,1.6666666666666667,0.0,0.5,11.6,0.609,0.348,0.217,0.043,0.0,0.391,0.5,0.2,0.0,0.0,1.0,1.0,0.174,0.5,0.444,0.0,2.83,1.67,1.17,0.67,0.0,0.83,1.67,0.33,0.33,0.67,0.5,0.5,0.17,0.17,0.33,0.33,0.17,0.5,0.5,1.0,0.5,15.8,9.3,0.7,0.0,0.0,0.5,1.7,0.7,0.042,0.042,3.8,4.0,7.8,0.71,0.0,0.0,0.0,0.0,0.0,0.0,0.0,0.0,0.0,0.0,0.0,0.0,0.0,0.0,0.0,0.0,0.0,0.0,0.0,0.0,0.0,0.0,8.25,0.455,-0.022,0.091,104.51,0.417,0.375,0.417
Rui Hachimura,PF,25.0,LAL,68.0,39.0,26.9,5.3,9.9,0.537,1.4,3.4,0.422,3.9,6.5,0.597,0.609,1.5,2.0,0.739,0.9,3.5,4.3,1.2,0.6,0.4,0.7,1.5,13.6,121.0,117.0,15.0,0.628,0.343,0.198,3.7,13.7,8.9,6.3,1.1,1.2,5.9,18.5,0.03970588235294118,0.022058823529411766,0.06029411764705882,0.108,0.0,-0.9,-0.9,0.5,3.3,5.3,0.19117647058823528,0.27941176470588236,0.7794117647058824,0.1323529411764706,0.9558823529411765,0.07352941176470588,3.073529411764706,0.19117647058823528,0.6176470588235294,12.6,0.657,0.296,0.197,0.09,0.072,0.343,0.81,0.398,0.525,0.367,0.796,0.99,0.127,1.1323529411764706,0.457,0.443,4.49,2.72,1.76,1.28,0.03,0.38,0.9,0.24,0.26,0.5,0.471,0.529,0.16,0.84,1.0,1.0,0.62,0.162,0.838,1.0,0.618,20.1,20.0,1.2,0.0,0.3,2.0,3.2,1.5,0.059,0.076,2.4,6.2,8.3,0.555,1.3,0.7,0.7,0.07,0.833,0.8,0.1,0.018,0.5,0.2,0.8,0.063,1.061,0.7,4.9,0.356,1.192,4.1,1.9,0.11,1.459,1.3,10.43,0.481,-0.008,0.061,102.01,0.574,0.319,0.496
Ashton Hagans,PG,24.0,POR,19.0,1.0,16.6,1.5,3.7,0.408,0.4,1.3,0.32,1.1,2.4,0.457,0.465,0.7,0.9,0.824,0.7,1.6,2.4,2.8,0.6,0.5,1.6,2.1,4.2,99.0,117.0,8.5,0.51,0.352,0.239,4.7,11.7,8.0,23.7,1.7,2.6,27.7,14.6,-0.010526315789473684,0.015789473684210527,0.0,0.006,-4.4,0.9,-3.5,-0.1,-3.1,6.8,1.0,0.3157894736842105,1.2105263157894737,0.10526315789473684,0.3684210526315789,0.05263157894736842,6.631578947368421,0.05263157894736842,0.47368421052631576,11.8,0.648,0.254,0.338,0.056,0.0,0.352,0.778,0.25,0.25,0.0,0.429,1.0,0.0,0.0,0.12,0.667,1.42,1.0,0.42,1.47,0.0,0.21,0.42,0.32,0.37,0.68,0.462,0.538,0.11,0.37,0.47,0.47,0.21,0.222,0.778,1.0,0.444,31.5,31.5,2.8,0.3,0.2,6.7,7.3,3.4,0.09,0.107,1.9,3.0,4.8,0.592,0.0,0.0,0.0,0.0,0.0,0.0,0.8,0.22,0.625,1.3,0.0,0.0,0.0,0.0,0.0,0.0,0.0,0.0,0.0,0.0,0.0,0.0,5.17,0.398,-0.053,0.244,96.51,0.525,0.3,0.525
Tyrese Haliburton,PG,23.0,IND,69.0,68.0,32.2,7.2,15.2,0.477,2.8,7.8,0.364,4.4,7.4,0.595,0.57,2.8,3.3,0.855,0.5,3.4,3.9,10.9,1.2,0.7,2.3,1.1,20.1,129.0,119.0,23.3,0.605,0.51,0.217,1.8,12.0,6.9,44.9,1.8,1.7,12.2,24.6,0.11014492753623188,0.021739130434782608,0.13043478260869565,0.195,7.3,-0.4,6.9,5.0,5.5,5.7,1.7536231884057971,0.2753623188405797,0.7101449275362319,0.07246376811594203,1.4057971014492754,0.10144927536231885,25.82608695652174,0.6086956521739131,0.8260869565217391,17.6,0.49,0.155,0.171,0.087,0.077,0.51,0.66,0.592,0.56,0.506,0.315,0.472,0.026,0.391304347826087,0.08,0.326,3.33,1.57,1.77,2.23,0.0,0.23,0.51,0.29,0.46,0.75,0.385,0.615,0.0,0.19,0.19,0.19,0.13,0.0,1.0,1.0,0.692,70.3,71.6,10.9,1.4,1.1,17.8,28.4,13.3,0.155,0.189,1.7,5.2,6.7,0.596,0.0,0.0,2.0,0.103,1.031,1.9,8.5,0.434,1.055,8.1,0.0,0.0,0.0,0.0,2.9,0.141,1.101,2.6,0.0,0.0,0.0,0.0,10.58,0.529,0.064,0.444,103.42,0.439,0.421,0.323
RJ Hampton,PG,22.0,MIA,8.0,2.0,9.5,0.5,1.8,0.286,0.1,1.0,0.125,0.4,0.8,0.5,0.321,0.1,0.3,0.5,0.3,0.5,0.8,1.0,0.0,0.0,0.4,1.0,1.3,84.0,119.0,0.9,0.336,0.571,0.143,3.0,6.0,4.5,13.6,0.0,0.0,16.8,10.5,-0.0125,0.0,-0.0125,-0.038,-8.1,-1.4,-9.5,-0.1,9.2,7.4,0.375,0.0,0.75,0.0,0.125,0.0,2.5,0.0,0.125,17.0,0.429,0.143,0.143,0.143,0.0,0.571,0.5,0.5,0.5,0.0,0.333,1.0,0.0,0.0,0.375,0.0,,,,,,,,,,,,,,,,,,,,,,,,,,,,,,,,,,,,,,,,,,,,,,,,,,,,,,,,,,,,,,,,,
Tim Hardaway Jr,SF,31.0,DAL,79.0,12.0,26.8,5.0,12.4,0.402,2.7,7.6,0.353,2.3,4.8,0.478,0.51,1.8,2.1,0.852,0.3,2.9,3.2,1.8,0.5,0.1,0.9,1.3,14.4,109.0,119.0,12.1,0.542,0.612,0.173,1.1,11.9,6.5,9.2,1.0,0.2,6.2,22.6,0.010126582278481013,0.01772151898734177,0.027848101265822787,0.05,-0.8,-2.1,-2.9,-0.5,-0.3,-5.4,0.4177215189873418,0.3037974683544304,0.5822784810126582,0.0759493670886076,0.8734177215189873,0.4430379746835443,4.253164556962025,0.26582278481012656,0.4177215189873418,19.7,0.388,0.093,0.087,0.102,0.106,0.612,0.725,0.365,0.45,0.379,0.685,0.858,0.016,0.189873417721519,0.253,0.391,,,,,,,,,,,,,,,,,,,,,,,,,,,,,,,,,,,,,,,,,,,,,,,,,,,,,,,,,,,,,,,,,
James Harden,PG,34.0,LAC,72.0,72.0,34.3,4.9,11.4,0.428,2.6,6.8,0.381,2.3,4.6,0.497,0.541,4.2,4.8,0.878,0.5,4.7,5.1,8.5,1.1,0.8,2.6,1.8,16.6,125.0,116.0,18.6,0.612,0.594,0.418,1.6,14.8,8.4,33.6,1.5,2.1,16.0,20.6,0.08194444444444444,0.034722222222222224,0.11666666666666667,0.163,3.8,0.3,4.1,3.8,5.9,6.0,1.6666666666666667,0.5833333333333334,0.8611111111111112,0.20833333333333334,1.9444444444444444,0.09722222222222222,19.84722222222222,0.4583333333333333,0.5833333333333334,18.5,0.406,0.144,0.137,0.099,0.027,0.594,0.703,0.345,0.457,0.318,0.157,0.462,0.002,0.027777777777777776,0.076,0.378,4.44,1.97,2.47,1.9,0.0,0.21,0.46,0.29,0.43,0.72,0.404,0.596,0.0,0.61,0.61,0.6,0.35,0.0,1.0,0.977,0.568,56.6,61.6,8.5,1.0,0.9,13.5,21.5,10.3,0.15,0.182,1.8,6.8,8.2,0.627,0.1,0.0,4.4,0.246,1.129,3.9,5.0,0.335,0.953,5.3,0.0,0.0,0.0,0.0,2.8,0.149,1.178,2.3,0.0,0.0,0.0,0.0,13.46,0.482,0.01,0.338,96.87,0.279,0.468,0.237
Jaden Hardy,SG,21.0,DAL,73.0,7.0,13.5,2.7,6.6,0.407,1.1,3.1,0.362,1.6,3.5,0.447,0.492,0.8,1.0,0.776,0.3,1.5,1.8,1.5,0.3,0.1,0.8,1.1,7.3,103.0,118.0,11.2,0.517,0.468,0.159,2.2,12.2,7.2,15.7,1.1,0.4,10.8,24.9,-0.005479452054794521,0.00958904109589041,0.00410958904109589,0.014,-2.0,-2.1,-4.1,-0.5,-6.7,-11.8,0.4383561643835616,0.2602739726027397,0.6027397260273972,0.1095890410958904,0.4794520547945205,0.1643835616438356,3.5753424657534247,0.0958904109589041,0.3835616438356164,16.4,0.532,0.184,0.134,0.129,0.086,0.468,0.568,0.344,0.435,0.366,0.404,0.84,0.023,0.1232876712328767,0.254,0.351,1.3,0.6,0.7,0.62,0.08,0.15,0.34,0.12,0.07,0.19,0.643,0.357,0.01,0.16,0.18,0.18,0.07,0.077,0.923,1.0,0.385,15.1,19.1,1.5,0.2,0.2,2.6,3.8,1.8,0.099,0.122,1.1,3.3,4.3,0.578,0.0,0.0,0.6,0.106,0.721,0.8,1.7,0.264,0.816,2.1,0.0,0.0,0.0,0.0,2.5,0.269,1.161,2.1,0.0,0.0,0.0,0.0,4.98,0.529,0.067,0.17,103.38,0.43,0.458,0.343
Ron Harper Jr,PF,23.0,TOR,1.0,0.0,4.0,0.0,0.0,0.0,0.0,0.0,0.0,0.0,0.0,0.0,0.0,0.0,0.0,0.0,0.0,0.0,0.0,1.0,0.0,0.0,0.0,2.0,0.0,227.0,127.0,0.0,0.0,0.0,0.0,0.0,0.0,0.0,28.6,0.0,0.0,0.0,0.0,0.0,0.0,0.0,0.087,-11.7,2.8,-8.8,0.0,-112.5,-106.2,0.0,0.0,1.0,0.0,0.0,0.0,2.0,0.0,0.0,0.0,0.0,0.0,0.0,0.0,0.0,0.0,0.0,0.0,0.0,0.0,0.0,0.0,0.0,0.0,0.0,0.0,,,,,,,,,,,,,,,,,,,,,,,,,,,,,,,,,,,,,,,,,,,,,,,,,,,,,,,,,,,,,,,,,
Gary Harris,SG,29.0,ORL,54.0,27.0,24.0,2.4,5.5,0.441,1.4,3.8,0.371,1.0,1.7,0.598,0.569,0.6,0.8,0.756,0.4,1.2,1.7,1.6,0.9,0.3,0.6,1.7,6.9,120.0,114.0,9.4,0.587,0.69,0.152,2.2,6.1,4.1,9.1,1.9,1.0,8.9,11.7,0.020370370370370372,0.027777777777777776,0.05,0.099,-2.3,1.1,-1.2,0.3,2.7,1.4,0.3333333333333333,0.07407407407407407,0.8148148148148148,0.037037037037037035,0.2222222222222222,0.14814814814814814,3.759259259259259,0.05555555555555555,0.14814814814814814,19.4,0.31,0.118,0.121,0.037,0.034,0.69,0.686,0.556,0.636,0.4,0.727,0.974,0.02,0.07407407407407407,0.429,0.409,1.48,0.65,0.83,1.65,0.0,0.3,0.67,0.13,0.28,0.41,0.318,0.682,0.0,0.19,0.19,0.19,0.04,0.0,1.0,1.0,0.2,13.6,15.9,1.6,0.1,0.1,2.4,4.0,1.8,0.119,0.134,1.3,2.8,4.0,0.538,0.0,0.0,0.0,0.0,0.0,0.0,0.3,0.035,1.5,0.2,0.3,0.049,1.0,0.3,2.8,0.406,1.093,2.6,0.5,0.061,1.286,0.4,7.17,0.478,0.019,0.09,98.53,0.296,0.613,0.258
Joe Harris,SG,32.0,DET,16.0,0.0,10.6,0.9,2.4,0.359,0.6,1.9,0.333,0.3,0.6,0.444,0.487,0.1,0.1,0.5,0.2,0.6,0.8,0.6,0.2,0.1,0.3,1.2,2.4,102.0,122.0,4.6,0.489,0.769,0.051,1.9,6.7,4.3,7.7,0.8,1.0,9.1,11.0,0.0,0.0,0.0,0.001,-4.7,-1.1,-5.9,-0.2,-13.8,-5.1,0.1875,0.0,0.5625,0.0625,0.0625,0.125,1.5,0.0,0.25,20.3,0.231,0.103,0.128,0.0,0.0,0.769,0.5,0.4,0.0,0.0,1.0,1.0,0.0,0.0,0.467,0.5,1.88,1.31,0.56,0.38,0.06,0.06,0.19,0.06,0.25,0.31,0.2,0.8,0.13,0.5,0.63,0.63,0.25,0.2,0.8,1.0,0.4,7.0,6.3,0.6,0.0,0.0,1.3,1.4,0.6,0.089,0.08,0.7,3.3,3.9,0.371,0.0,0.0,0.0,0.0,0.0,0.0,0.0,0.0,0.0,0.0,0.0,0.0,0.0,0.0,1.1,0.545,0.708,1.5,0.0,0.0,0.0,0.0,3.93,0.509,0.042,0.079,104.06,0.205,0.769,0.205
Kevon Harris,SG,26.0,ORL,2.0,0.0,3.0,1.0,1.5,0.667,0.0,0.0,0.0,1.0,1.5,0.667,0.667,0.0,0.0,0.0,0.0,1.0,1.0,0.5,0.0,0.0,0.5,1.5,2.0,101.0,110.0,11.1,0.667,0.0,0.0,0.0,39.5,19.6,33.0,0.0,0.0,25.0,29.1,0.0,0.0,0.0,0.038,-15.5,-0.3,-15.8,0.0,11.0,9.2,0.5,0.0,1.0,0.0,0.0,0.0,1.5,0.0,0.0,11.5,1.0,0.333,0.0,0.333,0.333,0.0,1.0,0.0,0.0,1.0,0.5,0.0,0.0,0.0,0.0,0.0,1.0,0.5,0.5,0.0,0.0,0.0,0.0,0.0,0.5,0.5,0.0,1.0,0.0,0.0,0.0,0.0,0.0,0.0,0.0,0.0,0.0,2.0,2.5,0.5,0.0,0.0,0.5,1.5,0.5,0.25,0.25,0.0,1.0,1.0,1.0,0.0,0.0,0.0,0.0,0.0,0.0,0.0,0.0,0.0,0.0,0.0,0.0,0.0,0.0,0.0,0.0,0.0,0.0,0.0,0.0,0.0,0.0,1.5,0.333,-0.112,0.2,115.04,1.0,0.0,0.5
Tobias Harris,PF,31.0,PHI,70.0,70.0,33.8,6.6,13.6,0.487,1.3,3.7,0.353,5.3,9.9,0.537,0.535,2.7,3.0,0.878,1.1,5.3,6.5,3.1,1.0,0.7,1.3,1.6,17.2,118.0,114.0,16.5,0.576,0.271,0.224,3.7,17.7,10.6,13.8,1.5,1.8,8.2,20.7,0.045714285714285714,0.038571428571428576,0.0842857142857143,0.121,1.0,-0.1,0.9,1.7,4.3,3.2,0.5142857142857142,0.4,0.9857142857142858,0.2,1.5285714285714285,0.08571428571428572,7.628571428571429,0.38571428571428573,1.0857142857142856,11.9,0.729,0.268,0.251,0.14,0.069,0.271,0.686,0.431,0.511,0.394,0.444,0.956,0.043,0.5571428571428572,0.26,0.403,4.54,2.3,2.24,1.57,0.0,0.51,1.17,0.37,0.41,0.79,0.473,0.527,0.26,1.2,1.46,1.37,0.63,0.176,0.824,0.98,0.449,36.2,35.9,3.1,0.2,0.4,5.2,8.2,3.8,0.086,0.104,3.2,8.7,11.6,0.556,2.1,1.4,1.8,0.119,0.941,1.9,1.3,0.112,0.724,1.8,0.4,0.028,0.813,0.5,3.7,0.195,1.163,3.2,1.5,0.066,1.373,1.1,12.55,0.463,-0.017,0.136,98.94,0.618,0.227,0.525
Shaquille Harrison,SG,30.0,MEM,3.0,0.0,2.0,0.3,0.7,0.5,0.0,0.0,0.0,0.3,0.7,0.5,0.5,0.0,0.0,0.0,0.0,0.7,0.7,0.0,0.0,0.3,0.0,0.0,0.7,100.0,104.0,15.9,0.5,0.0,0.0,0.0,38.0,18.2,0.0,0.0,15.6,0.0,14.3,0.0,0.0,0.0,0.09,-0.7,5.2,4.6,0.0,-91.7,-84.5,0.0,0.0,0.0,0.0,0.0,0.0,0.0,0.0,0.0,1.1,1.0,1.0,0.0,0.0,0.0,0.0,0.5,0.0,0.0,0.0,1.0,0.0,0.0,0.0,0.0,0.0,0.67,0.33,0.33,0.33,0.0,0.0,0.0,0.0,0.0,0.0,0.0,0.0,0.0,0.33,0.33,0.33,0.33,0.0,1.0,1.0,1.0,2.7,2.3,0.0,0.0,0.0,0.0,0.0,0.0,0.0,0.0,0.5,1.5,2.0,0.5,0.0,0.0,0.0,0.0,0.0,0.0,0.0,0.0,0.0,0.0,0.0,0.0,0.0,0.0,0.0,0.0,0.0,0.0,0.0,0.0,0.0,0.0,2.0,0.5,0.015,0.0,108.6,1.0,0.0,1.0
Josh Hart,SF,28.0,NYK,81.0,42.0,33.4,3.6,8.4,0.434,1.0,3.2,0.31,2.7,5.2,0.511,0.493,1.1,1.4,0.791,1.6,6.8,8.3,4.1,0.9,0.3,1.5,2.1,9.4,115.0,113.0,11.8,0.522,0.38,0.169,5.3,22.8,14.0,16.3,1.4,0.8,13.9,13.5,0.024691358024691357,0.044444444444444446,0.07037037037037037,0.1,-1.3,1.4,0.0,1.4,6.5,5.5,0.8765432098765432,0.345679012345679,1.0617283950617284,0.12345679012345678,0.654320987654321,0.1111111111111111,10.17283950617284,0.18518518518518517,0.6790123456790124,12.8,0.62,0.321,0.169,0.1,0.029,0.38,0.661,0.339,0.382,0.3,0.633,0.888,0.016,0.12345679012345678,0.24,0.339,4.48,1.83,2.65,1.85,0.07,0.83,1.98,0.49,0.49,0.99,0.5,0.5,0.06,0.21,0.27,0.26,0.17,0.227,0.773,0.955,0.636,43.3,34.1,4.1,0.2,0.5,7.0,10.7,4.8,0.094,0.112,4.2,10.2,14.0,0.594,0.1,0.1,0.2,0.031,0.615,0.3,0.7,0.088,0.797,0.9,0.2,0.025,0.857,0.3,3.4,0.384,0.848,4.0,0.9,0.063,1.34,0.7,13.48,0.456,-0.017,0.164,95.77,0.565,0.315,0.536
Isaiah Hartenstein,C,25.0,NYK,75.0,49.0,25.3,3.1,4.9,0.644,0.0,0.0,0.333,3.1,4.8,0.646,0.645,1.5,2.1,0.707,3.3,5.1,8.3,2.5,1.2,1.1,1.2,2.8,7.8,136.0,108.0,18.9,0.67,0.008,0.43,14.4,22.7,18.5,13.5,2.3,4.2,17.6,12.0,0.06133333333333333,0.04666666666666667,0.108,0.204,0.7,2.8,3.5,2.6,10.4,11.0,0.72,0.16,1.48,0.29333333333333333,1.0533333333333332,0.04,5.946666666666666,0.38666666666666666,0.38666666666666666,3.5,0.992,0.641,0.26,0.085,0.005,0.008,0.709,0.568,0.387,1.0,0.654,1.0,0.258,1.1466666666666667,0.0,0.0,7.37,6.15,1.23,1.95,0.0,3.52,8.31,0.37,0.37,0.75,0.5,0.5,0.91,1.52,2.43,2.33,1.6,0.374,0.626,0.978,0.67,33.7,21.1,2.5,0.2,0.2,3.9,6.5,2.9,0.074,0.086,6.5,8.4,14.5,0.574,0.2,0.2,0.2,0.029,1.067,0.2,0.0,0.0,0.0,0.0,1.5,0.208,1.009,1.5,0.3,0.027,1.357,0.2,2.7,0.272,1.397,1.9,13.0,0.466,-0.033,0.127,97.89,0.804,0.005,0.784
Sam Hauser,SF,26.0,BOS,79.0,13.0,22.0,3.2,7.1,0.446,2.5,5.9,0.424,0.7,1.2,0.559,0.623,0.2,0.2,0.895,0.6,2.9,3.5,1.0,0.5,0.3,0.4,1.3,9.0,126.0,114.0,13.0,0.629,0.833,0.034,2.9,13.7,8.6,6.2,1.1,1.3,5.3,15.0,0.03417721518987342,0.026582278481012658,0.06202531645569621,0.134,1.2,0.0,1.2,1.4,13.4,3.9,0.21518987341772153,0.10126582278481013,0.7088607594936709,0.0379746835443038,0.05063291139240506,0.06329113924050633,2.670886075949367,0.0,0.13924050632911392,22.7,0.167,0.072,0.048,0.027,0.02,0.833,0.675,0.407,0.467,0.636,0.731,0.975,0.016,0.11392405063291139,0.241,0.518,3.52,2.44,1.08,0.91,0.01,0.37,0.91,0.15,0.14,0.29,0.522,0.478,0.0,0.43,0.43,0.39,0.11,0.0,1.0,0.912,0.265,18.3,15.4,1.1,0.1,0.1,1.5,2.8,1.3,0.057,0.069,1.5,5.2,6.5,0.577,0.0,0.0,0.0,0.0,0.0,0.0,0.1,0.025,0.733,0.2,0.5,0.049,1.379,0.4,4.2,0.463,1.212,3.5,0.2,0.02,1.333,0.2,8.56,0.478,0.014,0.062,98.48,0.146,0.83,0.118
Jordan Hawkins,SG,21.0,NOP,67.0,10.0,17.3,2.6,6.8,0.382,1.6,4.4,0.366,1.0,2.4,0.411,0.501,1.0,1.2,0.838,0.4,1.8,2.2,1.0,0.3,0.1,0.6,1.1,7.8,109.0,117.0,10.2,0.533,0.654,0.175,2.8,11.3,7.1,8.2,0.8,0.6,7.5,19.9,0.004477611940298508,0.014925373134328358,0.019402985074626865,0.053,-1.3,-1.7,-3.1,-0.3,-0.7,-7.6,0.208955223880597,0.2537313432835821,0.6119402985074627,0.04477611940298507,0.3880597014925373,0.08955223880597014,2.4925373134328357,0.014925373134328358,0.2537313432835821,20.3,0.346,0.083,0.081,0.075,0.107,0.654,0.526,0.351,0.353,0.408,0.738,0.991,0.024,0.1044776119402985,0.245,0.466,2.94,1.13,1.81,0.34,0.01,0.19,0.4,0.22,0.12,0.34,0.652,0.348,0.0,0.18,0.18,0.18,0.04,0.0,1.0,1.0,0.25,14.6,16.6,1.1,0.1,0.2,1.5,2.7,1.4,0.073,0.096,1.6,4.5,5.9,0.543,0.0,0.0,0.0,0.0,0.0,0.0,0.3,0.068,0.639,0.5,0.2,0.03,0.938,0.2,3.3,0.401,1.047,3.1,0.0,0.0,0.0,0.0,7.26,0.447,-0.012,0.084,100.73,0.248,0.624,0.149
Jaxson Hayes,C,23.0,LAL,70.0,5.0,12.5,1.8,2.5,0.72,0.0,0.1,0.0,1.8,2.4,0.754,0.72,0.7,1.2,0.622,1.0,2.0,3.0,0.5,0.5,0.4,0.6,1.8,4.3,128.0,113.0,14.0,0.718,0.046,0.469,9.2,17.1,13.4,5.0,1.8,2.9,16.9,12.5,0.02,0.015714285714285715,0.03571428571428571,0.135,-2.8,0.9,-1.9,0.0,-4.5,-6.3,0.15714285714285714,0.07142857142857142,1.1142857142857143,0.32857142857142857,0.5428571428571428,0.02857142857142857,1.1285714285714286,0.18571428571428572,0.22857142857142856,4.0,0.954,0.68,0.263,0.0,0.011,0.046,0.857,0.5,0.0,0.5,0.849,0.0,0.469,1.0714285714285714,0.125,0.0,4.46,2.96,1.5,0.86,0.0,1.26,2.87,0.1,0.16,0.26,0.389,0.611,0.21,0.57,0.79,0.79,0.41,0.273,0.727,1.0,0.527,12.4,7.6,0.5,0.0,0.1,0.8,1.2,0.6,0.039,0.048,2.4,4.0,6.2,0.572,0.0,0.0,0.0,0.0,0.0,0.0,0.0,0.0,0.0,0.0,1.3,0.251,1.444,0.9,0.0,0.0,0.0,0.0,1.4,0.255,1.484,0.9,7.51,0.459,-0.023,0.051,103.15,0.832,0.0,0.825
Killian Hayes,PG,22.0,DET,42.0,31.0,24.0,2.8,6.7,0.413,0.5,1.8,0.297,2.3,5.0,0.455,0.452,0.8,1.2,0.66,0.3,2.6,2.8,4.9,0.9,0.5,1.2,1.8,6.9,106.0,119.0,10.5,0.474,0.261,0.177,1.2,12.2,6.6,27.8,1.7,1.7,14.3,15.1,0.0,0.016666666666666666,0.016666666666666666,0.032,-2.9,0.2,-2.7,-0.2,-10.7,-2.5,0.6904761904761905,0.23809523809523808,0.7857142857142857,0.11904761904761904,0.40476190476190477,0.19047619047619047,11.666666666666666,0.16666666666666666,0.2857142857142857,14.7,0.739,0.06,0.226,0.343,0.11,0.261,0.706,0.469,0.423,0.387,0.484,0.864,0.018,0.11904761904761904,0.284,0.381,3.5,2.1,1.4,1.74,0.02,0.1,0.21,0.29,0.24,0.52,0.545,0.455,0.0,0.38,0.38,0.38,0.21,0.0,1.0,1.0,0.563,38.4,36.5,4.9,0.5,0.5,8.1,12.4,5.8,0.127,0.151,0.8,4.4,5.1,0.58,0.0,0.0,0.4,0.048,0.882,0.4,2.0,0.361,0.654,3.0,0.0,0.0,0.0,0.0,1.9,0.267,0.83,2.2,0.4,0.034,1.333,0.3,9.6,0.533,0.068,0.268,102.49,0.657,0.228,0.415
Gordon Hayward,SF,33.0,TOT,51.0,28.0,24.4,3.7,7.9,0.464,0.7,1.8,0.411,2.9,6.1,0.479,0.51,1.7,2.4,0.742,0.7,2.8,3.5,3.1,0.8,0.3,1.3,1.3,9.8,111.0,118.0,12.8,0.548,0.223,0.298,3.4,13.0,8.1,18.3,1.6,1.0,12.6,18.4,0.011764705882352941,0.01764705882352941,0.029411764705882353,0.058,-1.6,-0.5,-2.1,0.0,-5.3,-1.3,0.5490196078431373,0.49019607843137253,0.6078431372549019,0.11764705882352941,1.2352941176470589,0.0196078431372549,7.352941176470588,0.3137254901960784,0.35294117647058826,12.2,0.777,0.236,0.238,0.176,0.127,0.223,0.674,0.406,0.451,0.294,0.607,0.946,0.052,0.37254901960784315,0.311,0.429,3.69,2.45,1.24,1.35,0.0,0.39,0.88,0.25,0.33,0.59,0.433,0.567,0.0,0.16,0.16,0.14,0.04,0.0,1.0,0.875,0.25,25.6,25.2,3.1,0.3,0.4,4.9,7.9,3.8,0.121,0.147,1.6,4.7,6.0,0.64,0.3,0.2,0.5,0.045,0.706,0.7,2.0745098039215684,0.22823529411764706,0.8003725490196079,2.519607843137255,0.0,0.0,0.0,0.0,2.4941176470588236,0.2516078431372549,1.1555294117647057,2.2862745098039214,1.0,0.045,1.471,0.7,7.65,0.454,-0.015,0.17,100.51,0.6,0.222,0.44
Scoot Henderson,PG,19.0,POR,62.0,32.0,28.5,5.0,12.9,0.385,1.4,4.3,0.325,3.5,8.5,0.416,0.44,2.7,3.3,0.819,0.9,2.3,3.1,5.4,0.8,0.2,3.4,3.1,14.0,97.0,120.0,9.5,0.489,0.336,0.256,3.2,9.5,6.2,29.9,1.3,0.7,19.3,26.5,-0.04032258064516129,0.014516129032258065,-0.027419354838709678,-0.045,-3.5,-2.3,-5.8,-1.7,-13.9,-8.2,1.9838709677419355,0.7903225806451613,1.3709677419354838,0.3548387096774194,1.5,0.3387096774193548,13.274193548387096,0.25806451612903225,0.8064516129032258,14.0,0.664,0.237,0.177,0.167,0.083,0.336,0.503,0.312,0.451,0.318,0.277,0.598,0.024,0.22580645161290322,0.123,0.333,2.84,0.9,1.94,1.71,0.05,0.16,0.35,0.32,0.44,0.76,0.426,0.574,0.02,0.23,0.24,0.21,0.0,0.067,0.933,0.867,0.0,47.6,55.9,5.4,0.7,0.5,11.0,14.5,6.6,0.114,0.138,2.7,5.1,7.7,0.425,0.0,0.0,1.0,0.079,0.736,1.4,6.0,0.398,0.858,7.0,0.0,0.0,0.0,0.0,0.0,0.0,0.0,0.0,0.2,0.014,1.0,0.2,12.29,0.534,0.063,0.3,99.15,0.507,0.301,0.394
Taylor Hendricks,PF,20.0,UTA,40.0,23.0,21.4,2.7,6.0,0.45,1.3,3.5,0.379,1.4,2.5,0.55,0.56,0.6,0.7,0.793,1.2,3.5,4.6,0.8,0.7,0.8,0.7,1.9,7.3,117.0,119.0,11.8,0.578,0.583,0.121,6.0,17.7,11.9,5.0,1.6,3.1,9.7,13.7,0.017499999999999998,0.015,0.03,0.07,-1.3,-0.4,-1.6,0.1,-7.7,-3.6,0.2,0.175,1.3,0.075,0.35,0.025,1.85,0.1,0.3,16.5,0.417,0.158,0.196,0.038,0.025,0.583,0.737,0.447,0.667,0.0,0.545,1.0,0.092,0.5,0.514,0.458,4.4,2.8,1.6,1.2,0.0,0.25,0.58,0.23,0.15,0.38,0.6,0.4,0.0,0.35,0.35,0.35,0.13,0.0,1.0,1.0,0.357,14.3,11.1,0.8,0.0,0.1,1.3,1.9,0.9,0.056,0.065,2.2,5.6,7.5,0.649,0.1,0.1,0.0,0.0,0.0,0.0,0.0,0.0,0.0,0.0,0.0,0.0,0.0,0.0,3.5,0.44,1.157,3.0,0.4,0.051,1.214,0.4,9.93,0.519,0.045,0.051,101.11,0.377,0.545,0.356
Tyler Herro,SG,24.0,MIA,42.0,40.0,33.5,7.7,17.5,0.441,3.1,7.9,0.396,4.6,9.6,0.478,0.531,2.3,2.6,0.856,0.5,4.8,5.3,4.5,0.7,0.1,2.2,1.5,20.8,108.0,114.0,15.7,0.558,0.453,0.151,1.5,16.5,8.9,22.4,1.1,0.2,10.6,27.8,0.009523809523809525,0.0380952380952381,0.047619047619047616,0.068,1.5,-0.7,0.8,1.0,0.6,-2.2,1.2857142857142858,0.6904761904761905,0.7380952380952381,0.09523809523809523,1.1428571428571428,0.023809523809523808,10.738095238095237,0.2619047619047619,1.0238095238095237,17.0,0.547,0.086,0.197,0.166,0.098,0.453,0.587,0.49,0.467,0.375,0.417,0.811,0.008,0.09523809523809523,0.12,0.475,3.74,1.64,2.1,1.21,0.0,0.29,0.6,0.26,0.43,0.69,0.379,0.621,0.0,0.19,0.19,0.19,0.07,0.0,1.0,1.0,0.375,42.8,49.7,4.5,0.3,0.9,8.1,10.9,5.5,0.105,0.13,1.9,7.7,9.3,0.572,0.0,0.0,0.9,0.038,1.152,0.8,6.0,0.31,0.956,6.3,0.0,0.0,0.0,0.0,4.2,0.187,1.098,3.8,0.4,0.023,0.85,0.5,14.26,0.441,-0.019,0.218,98.48,0.439,0.453,0.322
Buddy Hield,SF-SG,31.0,TOT,84.0,42.0,25.7,4.4,10.1,0.436,2.6,6.8,0.386,1.8,3.4,0.539,0.565,0.6,0.7,0.881,0.7,2.5,3.2,2.8,0.8,0.5,1.2,2.0,12.1,114.0,118.0,13.3,0.578,0.668,0.069,3.1,10.9,7.0,14.5,1.6,1.6,10.5,19.2,0.02261904761904762,0.01904761904761905,0.041666666666666664,0.077,1.0,-0.6,0.4,1.3,0.7,-3.0,0.75,0.34523809523809523,1.130952380952381,0.047619047619047616,0.19047619047619047,0.011904761904761904,6.583333333333333,0.03571428571428571,0.39285714285714285,19.2,0.332,0.161,0.098,0.031,0.042,0.668,0.657,0.446,0.346,0.444,0.671,0.918,0.008,0.07142857142857142,0.178,0.436,4.62,3.06,1.56,1.63,0.0,0.5,1.07,0.3,0.33,0.63,0.472,0.528,0.01,0.2,0.21,0.21,0.08,0.056,0.944,1.0,0.389,37.3,33.4,2.8,0.2,0.2,4.2,6.9,3.2,0.075,0.086,1.7,4.4,6.0,0.549,0.0,0.0,0.3313253012048193,0.03287951807228916,0.7389277108433735,0.3927710843373494,0.4,0.0643855421686747,0.5008915662650603,0.7385542168674698,1.1,0.076,1.227,0.9,4.47710843373494,0.3735903614457831,1.0340481927710843,4.3,0.4,0.028,1.375,0.3,11.42,0.512,0.045,0.143,101.65,0.3,0.649,0.257
Haywood Highsmith,PF,27.0,MIA,66.0,26.0,20.7,2.3,5.0,0.465,1.2,2.9,0.396,1.2,2.1,0.562,0.581,0.3,0.5,0.639,1.0,2.2,3.2,1.1,0.8,0.5,0.5,1.8,6.1,118.0,112.0,11.1,0.587,0.584,0.109,5.3,12.1,8.7,7.2,1.9,2.1,9.0,12.4,0.016666666666666666,0.028787878787878786,0.046969696969696974,0.108,-1.8,1.1,-0.7,0.5,1.4,-1.0,0.30303030303030304,0.06060606060606061,1.0303030303030303,0.07575757575757576,0.19696969696969696,0.07575757575757576,2.6515151515151514,0.06060606060606061,0.21212121212121213,16.6,0.416,0.191,0.179,0.027,0.018,0.584,0.667,0.475,0.667,0.167,0.636,0.987,0.055,0.24242424242424243,0.417,0.438,4.88,3.08,1.8,1.68,0.0,0.3,0.73,0.2,0.29,0.48,0.406,0.594,0.09,0.29,0.38,0.35,0.15,0.24,0.76,0.92,0.4,17.8,13.6,1.1,0.2,0.2,2.3,2.8,1.3,0.06,0.075,2.1,4.1,6.1,0.592,0.1,0.0,0.0,0.0,0.0,0.0,0.0,0.0,0.0,0.0,0.2,0.032,1.0,0.2,3.1,0.466,1.176,2.7,0.0,0.0,0.0,0.0,9.91,0.45,-0.017,0.074,97.7,0.38,0.563,0.356
Nate Hinton,SG,24.0,HOU,15.0,0.0,5.0,0.7,1.7,0.423,0.5,0.9,0.5,0.3,0.8,0.333,0.558,0.3,0.3,0.8,0.5,1.0,1.5,0.7,0.2,0.1,0.2,0.7,2.2,128.0,110.0,17.6,0.585,0.538,0.192,9.9,21.7,15.7,18.6,1.9,2.5,9.6,17.7,0.013333333333333334,0.006666666666666667,0.02,0.187,1.9,1.7,3.6,0.1,9.3,8.3,0.2,0.0,0.3333333333333333,0.0,0.2,0.06666666666666667,1.4,0.06666666666666667,0.13333333333333333,16.0,0.462,0.269,0.115,0.0,0.077,0.538,0.429,0.333,0.0,0.0,0.25,0.714,0.0,0.0,0.143,0.0,0.4,0.2,0.2,0.47,0.07,0.0,0.0,0.07,0.07,0.13,0.5,0.5,0.0,0.0,0.0,0.0,0.0,0.0,0.0,0.0,0.0,6.4,5.2,0.7,0.1,0.0,1.2,1.7,0.8,0.104,0.125,1.0,2.8,3.8,0.647,0.0,0.0,0.0,0.0,0.0,0.0,0.0,0.0,0.0,0.0,0.0,0.0,0.0,0.0,0.0,0.0,0.0,0.0,0.0,0.0,0.0,0.0,2.56,0.522,0.068,0.159,111.71,0.242,0.636,0.242
D'Moi Hodge,SG,25.0,LAL,7.0,0.0,5.9,0.7,2.1,0.333,0.4,1.7,0.25,0.3,0.4,0.667,0.433,0.1,0.3,0.5,0.0,0.0,0.0,0.7,0.1,0.1,0.1,0.6,2.0,97.0,120.0,6.1,0.441,0.8,0.133,0.0,0.0,0.0,15.6,1.2,2.1,5.9,17.8,0.0,0.0,0.0,-0.019,-3.7,-2.6,-6.3,0.0,-41.1,-41.9,0.14285714285714285,0.0,0.2857142857142857,0.0,0.14285714285714285,0.0,1.4285714285714286,0.0,0.0,21.8,0.2,0.133,0.0,0.0,0.067,0.8,0.5,0.0,0.0,1.0,1.0,1.0,0.0,0.0,0.25,0.333,0.71,0.14,0.57,0.43,0.0,0.14,0.29,0.14,0.0,0.14,1.0,0.0,0.0,0.0,0.0,0.0,0.0,0.0,0.0,0.0,0.0,4.0,4.6,0.7,0.0,0.0,0.7,1.4,0.7,0.179,0.179,0.0,0.0,0.0,0.0,0.0,0.0,0.0,0.0,0.0,0.0,0.0,0.0,0.0,0.0,0.0,0.0,0.0,0.0,0.0,0.0,0.0,0.0,0.0,0.0,0.0,0.0,6.0,0.5,0.068,0.227,100.67,0.286,0.643,0.143
Aaron Holiday,PG,27.0,HOU,78.0,1.0,16.3,2.4,5.3,0.446,1.1,2.8,0.387,1.3,2.6,0.51,0.547,0.7,0.8,0.921,0.3,1.3,1.6,1.8,0.5,0.1,0.7,1.6,6.6,117.0,116.0,11.5,0.578,0.52,0.151,1.9,8.5,5.2,15.4,1.6,0.4,10.6,16.7,0.016666666666666666,0.015384615384615384,0.03205128205128205,0.094,-1.8,0.3,-1.5,0.2,4.2,4.4,0.358974358974359,0.1794871794871795,0.7564102564102564,0.038461538461538464,0.28205128205128205,0.1794871794871795,4.487179487179487,0.0641025641025641,0.2564102564102564,17.3,0.48,0.122,0.17,0.139,0.048,0.52,0.647,0.437,0.534,0.35,0.255,0.81,0.005,0.02564102564102564,0.212,0.478,1.94,1.06,0.87,0.97,0.01,0.21,0.46,0.15,0.15,0.31,0.5,0.5,0.01,0.38,0.4,0.35,0.08,0.032,0.968,0.871,0.194,18.9,20.4,1.8,0.2,0.1,3.4,4.8,2.1,0.095,0.109,0.9,2.9,3.7,0.559,0.0,0.0,0.4,0.067,1.03,0.4,1.9,0.296,1.027,1.9,0.0,0.0,0.0,0.0,2.3,0.324,1.131,2.1,0.0,0.0,0.0,0.0,5.71,0.477,0.017,0.157,102.24,0.397,0.49,0.307
Jrue Holiday,PG,33.0,BOS,69.0,69.0,32.8,4.8,10.0,0.48,2.0,4.7,0.429,2.8,5.3,0.526,0.581,0.9,1.0,0.833,1.2,4.2,5.4,4.8,0.9,0.8,1.8,1.6,12.5,121.0,113.0,14.4,0.597,0.467,0.104,4.2,13.2,8.9,19.3,1.3,2.1,14.7,16.3,0.047826086956521734,0.043478260869565216,0.09130434782608696,0.133,1.0,1.1,2.1,2.4,9.5,-4.1,1.0144927536231885,0.5362318840579711,0.8115942028985508,0.057971014492753624,0.42028985507246375,0.30434782608695654,11.91304347826087,0.10144927536231885,0.4057971014492754,15.7,0.533,0.163,0.219,0.099,0.052,0.467,0.688,0.49,0.397,0.417,0.461,0.754,0.01,0.07246376811594203,0.261,0.619,5.06,2.38,2.68,2.25,0.09,0.49,1.25,0.36,0.39,0.75,0.481,0.519,0.06,0.67,0.72,0.67,0.25,0.08,0.92,0.958,0.354,40.2,40.1,4.8,0.5,0.7,8.0,13.0,6.0,0.12,0.15,3.2,7.1,10.0,0.551,0.7,0.4,0.7,0.063,0.849,0.8,1.8,0.198,0.739,2.4,0.2,0.023,0.579,0.3,4.1,0.256,1.294,3.1,1.1,0.066,1.345,0.8,14.57,0.451,-0.021,0.196,98.91,0.449,0.481,0.379
Justin Holiday,SG,34.0,DEN,58.0,9.0,14.9,1.5,3.3,0.454,0.9,2.3,0.404,0.6,1.0,0.569,0.595,0.1,0.1,0.75,0.2,1.1,1.2,1.2,0.6,0.2,0.2,1.2,4.0,124.0,115.0,9.7,0.598,0.701,0.021,1.2,7.8,4.6,9.5,2.1,0.9,6.7,10.6,0.015517241379310345,0.015517241379310345,0.03103448275862069,0.101,-2.5,0.9,-1.6,0.1,3.1,-3.2,0.1724137931034483,0.05172413793103448,0.7758620689655172,0.017241379310344827,0.034482758620689655,0.034482758620689655,2.689655172413793,0.0,0.06896551724137931,19.9,0.299,0.134,0.031,0.021,0.113,0.701,0.692,0.333,0.75,0.455,0.788,0.964,0.057,0.1724137931034483,0.485,0.5,1.83,1.03,0.79,1.17,0.0,0.05,0.12,0.1,0.21,0.31,0.333,0.667,0.0,0.14,0.14,0.14,0.03,0.0,1.0,1.0,0.25,11.0,10.5,1.1,0.1,0.1,1.4,2.5,1.2,0.095,0.113,0.5,2.5,2.9,0.616,0.0,0.0,0.0,0.0,0.0,0.0,0.0,0.0,0.0,0.0,0.0,0.0,0.0,0.0,2.0,0.471,1.152,1.7,0.0,0.0,0.0,0.0,5.38,0.429,-0.033,0.098,99.78,0.282,0.705,0.179
Richaun Holmes,C-PF,30.0,TOT,40.0,10.0,13.9,2.1,3.7,0.558,0.0,0.1,0.333,2.0,3.6,0.563,0.561,0.9,1.2,0.723,1.8,2.8,4.6,0.6,0.3,0.5,0.6,1.9,5.0,123.0,116.0,14.5,0.593,0.02,0.32,13.7,21.8,17.7,6.0,0.9,2.9,12.5,14.7,0.02,0.0125,0.0325,0.114,-2.4,-0.8,-3.3,-0.2,-7.8,-3.6,0.125,0.15,0.9,0.25,0.475,0.1,1.525,0.125,0.45,3.9,0.98,0.578,0.361,0.041,0.0,0.02,0.694,0.396,0.167,0.0,0.716,1.0,0.204,0.7,0.667,0.5,2.8,2.38,0.43,0.7,0.03,1.7,4.05,0.15,0.18,0.33,0.462,0.538,0.45,0.63,1.08,1.08,0.68,0.419,0.581,1.0,0.628,13.4,9.8,0.6,0.0,0.1,1.2,1.6,0.7,0.047,0.052,4.6,5.7,9.9,0.513,0.2,0.2,0.0,0.0,0.0,0.0,0.0,0.0,0.0,0.0,1.1824999999999999,0.22415,1.068,1.0975000000000001,0.0,0.0,0.0,0.0,1.08,0.20380000000000004,0.8959999999999999,1.0675,6.71,0.545,0.05,0.062,102.35,0.814,0.015,0.804
Chet Holmgren,C,21.0,OKC,82.0,82.0,29.4,6.2,11.6,0.53,1.6,4.3,0.37,4.6,7.4,0.623,0.598,2.7,3.4,0.793,1.6,6.3,7.9,2.4,0.6,2.3,1.6,2.4,16.5,122.0,108.0,20.4,0.632,0.366,0.289,6.2,23.1,15.0,11.6,1.1,7.3,10.9,21.6,0.05609756097560975,0.05365853658536586,0.10853658536585366,0.178,1.8,1.5,3.4,3.3,8.8,2.2,0.47560975609756095,0.7195121951219512,1.5365853658536586,0.24390243902439024,1.646341463414634,0.14634146341463414,5.780487804878049,0.36585365853658536,0.7926829268292683,12.8,0.634,0.296,0.208,0.093,0.037,0.366,0.77,0.535,0.461,0.343,0.652,0.977,0.156,1.670731707317073,0.106,0.324,11.6,9.49,2.11,1.17,0.05,2.15,4.49,0.28,0.24,0.52,0.535,0.465,0.18,1.84,2.02,1.93,0.99,0.09,0.91,0.975,0.5,39.2,30.0,2.4,0.2,0.3,3.5,6.2,2.9,0.062,0.073,4.0,11.0,14.5,0.544,0.5,0.2,0.8,0.048,1.069,0.7,0.4,0.028,1.0,0.4,3.8,0.201,1.277,3.0,3.7,0.245,1.027,3.6,1.8,0.08,1.5,1.2,16.21,0.455,-0.044,0.112,102.8,0.554,0.285,0.508
Jalen Hood-Schifino,SG,20.0,LAL,21.0,0.0,5.2,0.5,2.1,0.222,0.1,0.7,0.133,0.4,1.4,0.267,0.244,0.6,1.0,0.6,0.1,0.5,0.6,0.4,0.1,0.1,0.4,0.6,1.6,66.0,117.0,-1.5,0.316,0.333,0.444,2.1,10.7,6.6,9.1,1.3,1.6,14.3,24.9,-0.02857142857142857,0.004761904761904762,-0.023809523809523808,-0.222,-12.4,-3.7,-16.1,-0.4,-23.7,-24.8,0.2857142857142857,0.14285714285714285,0.3333333333333333,0.0,0.38095238095238093,0.0,0.9047619047619048,0.0,0.23809523809523808,16.1,0.667,0.111,0.222,0.089,0.244,0.333,0.6,0.1,0.25,0.273,0.625,1.0,0.022,0.047619047619047616,0.067,0.0,0.57,0.29,0.29,0.1,0.0,0.0,0.0,0.19,0.1,0.29,0.667,0.333,0.0,0.0,0.0,0.0,0.0,0.0,0.0,0.0,0.0,6.7,8.4,0.4,0.1,0.1,1.0,1.0,0.5,0.053,0.075,0.6,2.1,2.8,0.409,0.0,0.0,0.0,0.0,0.0,0.0,0.0,0.0,0.0,0.0,0.0,0.0,0.0,0.0,0.0,0.0,0.0,0.0,0.0,0.0,0.0,0.0,2.47,0.514,0.067,0.129,103.5,0.471,0.176,0.235
Al Horford,C,37.0,BOS,65.0,33.0,26.8,3.3,6.4,0.511,1.7,4.0,0.419,1.6,2.5,0.658,0.64,0.4,0.5,0.867,1.3,5.1,6.4,2.6,0.6,1.0,0.7,1.4,8.6,135.0,111.0,15.0,0.65,0.616,0.072,5.3,19.7,12.8,12.3,1.1,3.1,10.0,12.0,0.05384615384615385,0.04153846153846154,0.09538461538461539,0.172,1.7,2.0,3.6,2.5,11.4,0.3,0.3076923076923077,0.16923076923076924,0.8307692307692308,0.2,0.13846153846153847,0.015384615384615385,6.553846153846154,0.03076923076923077,0.16923076923076924,17.2,0.384,0.184,0.155,0.024,0.021,0.616,0.818,0.523,0.6,0.333,0.726,1.0,0.045,0.27692307692307694,0.384,0.424,8.11,5.03,3.08,1.0,0.0,1.35,3.37,0.11,0.29,0.4,0.269,0.731,0.34,1.26,1.6,1.52,0.95,0.212,0.788,0.961,0.602,25.5,19.6,2.6,0.1,0.1,4.1,6.6,2.7,0.101,0.107,2.6,7.8,10.2,0.615,0.7,0.5,0.0,0.0,0.0,0.0,0.0,0.0,0.0,0.0,1.1,0.137,1.092,1.0,3.6,0.392,1.237,2.9,0.7,0.063,1.5,0.5,13.43,0.465,-0.015,0.124,98.77,0.377,0.577,0.352
Talen Horton-Tucker,PG,23.0,UTA,51.0,11.0,19.8,3.6,9.1,0.396,1.2,3.6,0.33,2.4,5.5,0.438,0.46,1.7,2.1,0.807,0.4,2.0,2.4,3.5,0.9,0.4,1.3,1.8,10.1,108.0,120.0,13.4,0.503,0.391,0.234,2.3,10.8,6.6,25.5,2.2,1.7,11.2,24.0,0.0058823529411764705,0.00980392156862745,0.01568627450980392,0.039,-0.9,-0.4,-1.2,0.2,-4.3,0.7,0.6666666666666666,0.4117647058823529,0.8627450980392157,0.13725490196078433,1.1764705882352942,0.058823529411764705,8.627450980392156,0.29411764705882354,0.5294117647058824,13.8,0.609,0.187,0.312,0.082,0.028,0.391,0.621,0.407,0.237,0.154,0.242,0.8,0.037,0.23529411764705882,0.203,0.351,2.73,1.16,1.57,1.67,0.0,0.14,0.27,0.27,0.27,0.55,0.5,0.5,0.06,0.16,0.22,0.2,0.08,0.273,0.727,0.909,0.364,32.8,36.3,3.5,0.4,0.3,7.2,9.7,4.3,0.108,0.131,1.3,4.0,5.2,0.543,0.2,0.1,0.7,0.092,0.717,1.0,2.8,0.301,0.828,3.4,0.0,0.0,0.0,0.0,2.4,0.231,0.925,2.6,0.0,0.0,0.0,0.0,7.96,0.498,0.034,0.265,100.57,0.481,0.349,0.453
Danuel House Jr,SF,30.0,PHI,34.0,4.0,15.0,1.4,3.1,0.448,0.4,1.5,0.3,0.9,1.6,0.582,0.519,1.0,1.4,0.761,0.5,1.2,1.7,0.8,0.4,0.1,0.6,1.3,4.2,114.0,117.0,8.5,0.575,0.476,0.438,3.4,9.3,6.3,7.2,1.5,0.9,13.2,12.2,0.008823529411764706,0.011764705882352941,0.020588235294117647,0.066,-3.4,-0.5,-4.0,-0.3,1.8,-1.4,0.3235294117647059,0.08823529411764706,0.8823529411764706,0.029411764705882353,0.7647058823529411,0.08823529411764706,1.911764705882353,0.23529411764705882,0.20588235294117646,14.5,0.524,0.343,0.124,0.019,0.038,0.476,0.694,0.308,1.0,0.25,0.719,0.933,0.038,0.11764705882352941,0.48,0.375,,,,,,,,,,,,,,,,,,,,,,,,,,,,,,,,,,,,,,,,,,,,,,,,,,,,,,,,,,,,,,,,,
Caleb Houstan,SF,21.0,ORL,59.0,13.0,13.8,1.4,3.5,0.388,1.2,3.3,0.373,0.1,0.2,0.615,0.563,0.4,0.4,0.808,0.5,0.9,1.4,0.5,0.3,0.1,0.3,1.0,4.3,119.0,116.0,8.3,0.582,0.937,0.126,4.0,8.1,6.1,4.8,0.9,0.5,6.9,12.5,0.011864406779661016,0.013559322033898306,0.025423728813559324,0.089,-1.4,-0.5,-1.9,0.0,-1.9,-4.7,0.13559322033898305,0.05084745762711865,0.5084745762711864,0.01694915254237288,0.13559322033898305,0.01694915254237288,1.3389830508474576,0.01694915254237288,0.01694915254237288,23.9,0.063,0.019,0.019,0.015,0.01,0.937,0.5,0.75,1.0,0.0,0.5,0.986,0.0,0.0,0.378,0.397,1.8,1.03,0.76,0.54,0.0,0.22,0.49,0.15,0.17,0.32,0.474,0.526,0.08,0.44,0.53,0.51,0.19,0.161,0.839,0.968,0.355,7.5,7.9,0.5,0.0,0.1,0.7,1.4,0.6,0.065,0.079,1.5,2.3,3.7,0.568,0.0,0.0,0.0,0.0,0.0,0.0,0.0,0.0,0.0,0.0,0.2,0.069,0.875,0.3,2.3,0.511,1.153,2.0,0.0,0.0,0.0,0.0,4.52,0.472,0.014,0.051,96.61,0.063,0.854,0.055
Jett Howard,SF,20.0,ORL,18.0,0.0,3.7,0.6,1.7,0.333,0.4,1.4,0.28,0.2,0.3,0.6,0.45,0.1,0.2,0.5,0.1,0.3,0.4,0.3,0.1,0.1,0.2,0.2,1.6,96.0,113.0,8.6,0.457,0.833,0.133,1.7,10.6,6.1,13.0,1.5,2.8,8.6,22.7,-0.005555555555555556,0.005555555555555556,0.0,0.005,-1.4,-0.3,-1.8,0.0,1.4,-0.3,0.1111111111111111,0.05555555555555555,0.05555555555555555,0.0,0.05555555555555555,0.0,0.8888888888888888,0.0,0.0,23.7,0.167,0.033,0.067,0.033,0.033,0.833,0.0,1.0,1.0,0.0,1.0,0.714,0.0,0.0,0.08,0.0,0.56,0.28,0.28,0.11,0.0,0.06,0.11,0.0,0.0,0.0,0.0,0.0,0.06,0.06,0.11,0.11,0.06,0.5,0.5,1.0,0.5,2.8,4.1,0.3,0.2,0.1,0.7,1.1,0.6,0.118,0.196,0.3,1.0,1.3,0.778,0.0,0.0,0.0,0.0,0.0,0.0,0.0,0.0,0.0,0.0,0.0,0.0,0.0,0.0,0.0,0.0,0.0,0.0,0.0,0.0,0.0,0.0,2.1,0.429,-0.032,0.162,106.44,0.207,0.724,0.207
Kevin Huerter,SG,25.0,SAC,64.0,59.0,24.4,3.9,8.8,0.443,1.9,5.3,0.361,2.0,3.4,0.571,0.553,0.6,0.7,0.766,0.6,2.9,3.5,2.6,0.7,0.4,0.8,2.1,10.2,116.0,116.0,12.4,0.564,0.609,0.084,2.7,13.6,8.0,14.4,1.4,1.3,8.4,17.3,0.0234375,0.021875,0.0453125,0.089,-0.5,-0.4,-0.8,0.5,1.5,0.3,0.46875,0.15625,1.03125,0.078125,0.328125,0.078125,6.125,0.046875,0.234375,18.2,0.391,0.146,0.152,0.075,0.018,0.609,0.732,0.553,0.381,0.2,0.808,0.951,0.02,0.140625,0.173,0.424,4.11,2.2,1.91,1.73,0.0,0.38,0.88,0.16,0.17,0.33,0.476,0.524,0.08,0.33,0.41,0.39,0.19,0.192,0.808,1.0,0.48,26.2,27.2,2.6,0.3,0.4,4.1,6.2,3.1,0.099,0.12,1.4,4.5,5.9,0.624,0.0,0.0,0.0,0.0,0.0,0.0,0.3,0.059,0.486,0.6,0.2,0.026,0.875,0.3,2.2,0.224,1.007,2.2,0.8,0.072,1.156,0.7,10.46,0.499,0.031,0.138,101.06,0.382,0.563,0.348
Jay Huff,C,25.0,DEN,20.0,0.0,2.5,0.5,0.8,0.6,0.2,0.5,0.333,0.3,0.3,1.0,0.7,0.1,0.1,1.0,0.1,0.5,0.6,0.1,0.1,0.2,0.1,0.5,1.2,140.0,108.0,18.5,0.724,0.6,0.133,4.7,19.8,12.4,5.6,2.0,5.2,5.9,15.0,0.005,0.005,0.01,0.212,-0.3,1.6,1.3,0.0,-7.7,-13.4,0.0,0.0,0.25,0.05,0.05,0.0,0.25,0.0,0.0,16.8,0.4,0.267,0.133,0.0,0.0,0.6,1.0,1.0,0.0,0.0,1.0,1.0,0.067,0.05,0.0,0.0,0.7,0.65,0.05,0.3,0.0,0.45,0.95,0.05,0.0,0.05,1.0,0.0,0.1,0.25,0.35,0.3,0.15,0.286,0.714,0.857,0.429,2.9,2.7,0.1,0.1,0.0,0.5,0.4,0.2,0.036,0.055,0.8,1.8,2.4,0.75,0.0,0.0,0.0,0.0,0.0,0.0,0.0,0.0,0.0,0.0,0.0,0.0,0.0,0.0,0.0,0.0,0.0,0.0,0.0,0.0,0.0,0.0,2.18,0.458,-0.003,0.071,110.94,0.522,0.391,0.522
De'Andre Hunter,SF,26.0,ATL,57.0,37.0,29.5,5.3,11.6,0.459,2.1,5.3,0.385,3.3,6.3,0.521,0.547,2.9,3.4,0.847,0.5,3.4,3.9,1.5,0.7,0.3,1.5,2.6,15.6,115.0,121.0,12.7,0.595,0.459,0.296,1.9,12.9,7.2,7.3,1.1,0.9,10.0,20.6,0.028070175438596492,0.010526315789473684,0.03859649122807018,0.062,-0.9,-1.5,-2.4,-0.2,-1.5,1.2,0.43859649122807015,0.5263157894736842,1.105263157894737,0.22807017543859648,1.631578947368421,0.5087719298245614,3.736842105263158,0.49122807017543857,0.5087719298245614,16.1,0.541,0.166,0.149,0.137,0.089,0.459,0.682,0.485,0.429,0.424,0.674,0.906,0.027,0.22807017543859648,0.322,0.398,4.7,2.05,2.65,1.35,0.05,0.63,1.53,0.26,0.14,0.4,0.652,0.348,0.04,0.46,0.49,0.46,0.11,0.071,0.929,0.929,0.214,28.4,26.5,1.5,0.1,0.3,2.9,4.1,1.9,0.054,0.069,1.6,5.7,7.1,0.566,0.6,0.4,0.8,0.075,0.742,1.1,1.4,0.081,1.224,1.2,1.1,0.061,1.26,0.9,5.0,0.3,1.145,4.4,1.2,0.05,1.683,0.7,11.96,0.485,0.012,0.073,101.11,0.42,0.394,0.296
Matthew Hurt,PF,23.0,MEM,8.0,0.0,14.1,1.5,4.3,0.353,0.6,2.5,0.25,0.9,1.8,0.5,0.426,0.4,0.4,1.0,1.1,0.9,2.0,0.5,0.4,0.4,0.3,1.0,4.0,104.0,117.0,8.4,0.453,0.588,0.088,8.4,7.1,7.7,5.1,1.3,2.5,5.4,14.2,0.0,0.0125,0.0125,0.031,-3.0,-0.7,-3.7,-0.1,-8.1,-0.9,0.125,0.0,0.75,0.125,0.125,0.0,1.25,0.0,0.125,19.5,0.412,0.088,0.118,0.029,0.176,0.588,0.667,0.5,0.0,0.5,0.571,1.0,0.0,0.0,0.25,0.4,,,,,,,,,,,,,,,,,,,,,,,,,,,,,,,,,,,,,,,,,,,,,,,,,,,,,,,,,,,,,,,,,
Bones Hyland,PG,23.0,LAC,37.0,5.0,14.6,2.6,6.8,0.386,1.2,3.6,0.326,1.4,3.1,0.457,0.474,0.5,0.6,0.783,0.1,1.4,1.5,2.5,0.7,0.1,1.2,1.4,6.9,100.0,116.0,10.8,0.49,0.538,0.092,1.1,10.1,5.7,24.5,2.4,0.7,14.4,24.8,-0.013513513513513514,0.013513513513513514,0.0,0.003,-2.8,-0.8,-3.6,-0.2,-7.1,-12.4,0.5675675675675675,0.35135135135135137,0.3783783783783784,0.13513513513513514,0.24324324324324326,0.0,5.783783783783784,0.02702702702702703,0.5405405405405406,17.5,0.462,0.135,0.203,0.084,0.04,0.538,0.647,0.412,0.333,0.3,0.302,0.5,0.008,0.05405405405405406,0.126,0.353,1.43,0.49,0.95,0.7,0.0,0.11,0.27,0.14,0.16,0.3,0.455,0.545,0.0,0.22,0.22,0.22,0.0,0.0,1.0,1.0,0.0,22.1,25.5,2.6,0.2,0.2,3.4,6.4,3.0,0.116,0.136,0.8,3.3,4.1,0.558,0.1,0.1,0.9,0.148,0.733,1.2,2.2,0.292,0.921,2.4,0.0,0.0,0.0,0.0,1.6,0.2,0.967,1.6,0.0,0.0,0.0,0.0,6.24,0.5,0.036,0.269,99.78,0.414,0.516,0.367
Joe Ingles,SF,36.0,ORL,68.0,0.0,17.2,1.5,3.3,0.436,1.0,2.4,0.435,0.4,1.0,0.439,0.59,0.4,0.5,0.824,0.3,1.8,2.1,3.0,0.6,0.1,1.0,1.3,4.4,119.0,113.0,10.6,0.612,0.709,0.15,1.8,12.6,7.1,23.0,1.8,0.4,21.7,11.6,0.016176470588235296,0.022058823529411766,0.03823529411764706,0.108,-1.7,1.2,-0.5,0.5,5.5,5.2,0.6323529411764706,0.20588235294117646,0.47058823529411764,0.1323529411764706,0.08823529411764706,0.058823529411764705,6.573529411764706,0.014705882352941176,0.07352941176470588,19.9,0.291,0.079,0.198,0.009,0.004,0.709,0.778,0.311,0.0,1.0,0.448,0.929,0.0,0.0,0.199,0.469,0.9,0.26,0.63,0.96,0.01,0.37,0.76,0.1,0.15,0.25,0.412,0.588,0.06,0.22,0.28,0.26,0.18,0.211,0.789,1.0,0.667,24.8,20.5,3.0,0.4,0.3,4.6,7.5,3.8,0.12,0.151,0.5,3.1,3.6,0.67,0.0,0.0,0.0,0.0,0.0,0.0,0.7,0.271,0.561,1.2,0.0,0.0,0.0,0.0,2.0,0.327,1.364,1.5,0.0,0.0,0.0,0.0,4.09,0.475,0.019,0.217,98.58,0.196,0.709,0.189
Brandon Ingram,SF,26.0,NOP,64.0,64.0,32.9,7.8,15.9,0.492,1.3,3.8,0.355,6.5,12.1,0.534,0.534,3.8,4.8,0.801,0.7,4.4,5.1,5.7,0.8,0.6,2.5,2.3,20.8,115.0,114.0,18.2,0.578,0.238,0.302,2.3,14.7,8.6,26.7,1.2,1.9,12.4,27.2,0.0421875,0.0375,0.0796875,0.117,1.4,-0.3,1.2,1.7,3.8,-1.9,1.078125,0.8125,1.140625,0.421875,2.015625,0.078125,13.65625,0.390625,0.734375,14.4,0.762,0.147,0.155,0.28,0.179,0.238,0.753,0.449,0.512,0.462,0.415,0.779,0.034,0.546875,0.128,0.355,5.27,2.59,2.67,1.56,0.02,0.45,1.11,0.31,0.3,0.61,0.513,0.487,0.02,0.27,0.28,0.28,0.13,0.056,0.944,1.0,0.444,41.9,53.1,5.7,0.6,1.1,10.5,14.7,7.3,0.135,0.175,1.8,7.2,8.8,0.58,1.0,0.5,2.4,0.124,0.962,2.5,5.4,0.28,0.958,5.6,0.1,0.009,0.417,0.2,3.7,0.169,1.078,3.4,0.0,0.0,0.0,0.0,10.78,0.481,0.008,0.259,98.78,0.622,0.194,0.369
Kyrie Irving,SG,31.0,DAL,58.0,58.0,35.0,9.7,19.5,0.497,3.0,7.3,0.411,6.7,12.2,0.548,0.573,3.3,3.6,0.905,0.8,4.2,5.0,5.2,1.3,0.5,1.8,1.9,25.6,122.0,116.0,21.9,0.608,0.372,0.186,2.4,13.2,7.8,23.8,1.7,1.2,8.0,28.1,0.08448275862068966,0.034482758620689655,0.11896551724137931,0.163,4.8,0.1,4.9,3.6,6.0,7.9,0.896551724137931,0.6551724137931034,0.9827586206896551,0.10344827586206896,1.4655172413793103,0.20689655172413793,12.39655172413793,0.4482758620689655,0.6724137931034483,15.1,0.628,0.144,0.226,0.171,0.087,0.372,0.675,0.527,0.518,0.449,0.375,0.653,0.006,0.10344827586206896,0.166,0.514,3.03,1.72,1.31,2.52,0.09,0.6,1.38,0.48,0.72,1.21,0.4,0.6,0.0,0.26,0.26,0.24,0.09,0.0,1.0,0.933,0.333,45.8,53.5,5.2,0.5,0.9,9.6,13.1,6.6,0.113,0.143,2.0,7.0,8.9,0.563,0.1,0.1,4.9,0.199,1.08,4.5,0.0,0.0,0.0,0.0,0.4,0.012,1.563,0.3,3.7,0.124,1.313,2.8,1.4,0.043,1.411,1.0,11.14,0.491,0.025,0.225,100.89,0.523,0.349,0.371
Jonathan Isaac,PF,26.0,ORL,58.0,2.0,15.8,2.5,4.9,0.51,0.7,1.9,0.375,1.8,3.0,0.598,0.584,1.0,1.4,0.72,1.3,3.2,4.5,0.5,0.7,1.2,0.5,1.1,6.8,124.0,105.0,19.2,0.61,0.392,0.287,9.3,24.2,16.7,4.8,2.3,7.1,7.7,16.7,0.02586206896551724,0.03620689655172414,0.06206896551724138,0.188,1.4,2.4,3.8,1.4,11.6,12.7,0.1206896551724138,0.1724137931034483,0.6379310344827587,0.034482758620689655,0.6724137931034483,0.08620689655172414,1.1724137931034482,0.1896551724137931,0.27586206896551724,12.6,0.608,0.395,0.091,0.056,0.066,0.392,0.717,0.385,0.375,0.368,0.654,0.976,0.203,0.896551724137931,0.491,0.455,3.81,3.16,0.66,1.38,0.0,0.52,1.16,0.19,0.22,0.41,0.458,0.542,0.29,0.69,0.98,0.93,0.64,0.298,0.702,1.0,0.685,15.3,9.4,0.5,0.0,0.0,0.8,1.2,0.6,0.034,0.037,2.9,5.4,7.9,0.595,0.1,0.1,0.0,0.0,0.0,0.0,0.0,0.0,0.0,0.0,0.6,0.091,1.156,0.6,0.0,0.0,0.0,0.0,1.2,0.14,1.429,0.8,6.1,0.421,-0.06,0.047,98.72,0.529,0.321,0.468
Jaden Ivey,SG,21.0,DET,77.0,61.0,28.8,5.4,12.6,0.429,1.6,4.8,0.336,3.8,7.8,0.485,0.492,2.9,3.9,0.749,1.1,2.3,3.4,3.8,0.7,0.5,2.5,2.6,15.4,104.0,121.0,12.4,0.536,0.379,0.311,4.3,9.1,6.6,20.2,1.2,1.6,14.7,24.9,-0.006493506493506494,0.012987012987012988,0.006493506493506494,0.01,-1.4,-1.7,-3.1,-0.6,-7.8,2.4,1.2597402597402598,0.7662337662337663,1.2337662337662338,0.19480519480519481,2.0,0.14285714285714285,9.155844155844155,0.42857142857142855,1.1428571428571428,13.8,0.621,0.222,0.249,0.118,0.032,0.379,0.657,0.413,0.339,0.387,0.423,0.895,0.015,0.18181818181818182,0.225,0.337,4.01,2.44,1.57,1.32,0.01,0.27,0.62,0.55,0.26,0.81,0.677,0.323,0.08,0.42,0.49,0.49,0.19,0.158,0.842,1.0,0.395,28.8,36.4,3.8,0.4,0.5,6.7,9.9,4.7,0.133,0.163,2.8,4.5,7.3,0.486,0.0,0.0,1.1,0.069,0.989,1.2,3.4,0.246,0.83,4.1,0.0,0.0,0.0,0.0,3.0,0.24,0.751,4.0,0.6,0.029,1.351,0.5,10.87,0.483,0.017,0.196,101.74,0.495,0.314,0.434
Andre Jackson Jr,SG,22.0,MIL,57.0,8.0,10.0,0.9,1.8,0.5,0.3,0.8,0.37,0.6,0.9,0.611,0.585,0.1,0.2,0.727,0.8,1.2,2.0,0.9,0.3,0.1,0.5,1.6,2.2,119.0,117.0,8.5,0.596,0.46,0.11,8.4,13.1,10.8,10.8,1.3,0.9,21.1,10.0,0.008771929824561403,0.008771929824561403,0.017543859649122806,0.081,-3.6,0.0,-3.6,-0.2,-6.5,-10.8,0.2982456140350877,0.08771929824561403,0.631578947368421,0.07017543859649122,0.08771929824561403,0.05263157894736842,2.210526315789474,0.0,0.05263157894736842,13.8,0.54,0.27,0.15,0.1,0.02,0.46,0.741,0.267,0.7,1.0,0.515,1.0,0.16,0.2807017543859649,0.63,0.345,,,,,,,,,,,,,,,,,,,,,,,,,,,,,,,,,,,,,,,,,,,,,,,,,,,,,,,,,,,,,,,,,
GG Jackson II,PF,19.0,MEM,48.0,18.0,25.7,5.0,11.7,0.428,2.1,6.0,0.357,2.9,5.8,0.502,0.519,2.4,3.2,0.752,1.1,3.0,4.1,1.2,0.6,0.5,1.4,1.3,14.6,107.0,117.0,13.7,0.554,0.508,0.272,4.5,13.2,8.7,8.0,1.1,1.8,9.3,24.2,0.004166666666666667,0.02291666666666667,0.024999999999999998,0.048,-0.2,-1.8,-2.0,0.0,-8.2,-1.4,0.3958333333333333,0.5208333333333334,0.7708333333333334,0.08333333333333333,1.5,0.041666666666666664,2.9166666666666665,0.22916666666666666,0.8333333333333334,15.7,0.492,0.263,0.149,0.039,0.041,0.508,0.676,0.333,0.227,0.261,0.576,0.863,0.076,0.7916666666666666,0.224,0.484,3.29,2.08,1.21,0.88,0.0,0.29,0.71,0.21,0.19,0.4,0.526,0.474,0.06,0.35,0.42,0.4,0.17,0.15,0.85,0.95,0.4,24.4,28.0,1.2,0.1,0.3,2.3,3.1,1.6,0.05,0.064,2.8,5.4,8.0,0.571,0.1,0.1,0.5,0.044,0.71,0.6,2.1,0.168,0.846,2.4,0.6,0.026,1.5,0.4,0.0,0.0,0.0,0.0,1.2,0.052,1.611,0.8,8.72,0.489,0.014,0.082,100.0,0.398,0.438,0.372
Isaiah Jackson,C,22.0,IND,59.0,3.0,13.1,2.6,3.9,0.665,0.0,0.1,0.0,2.6,3.9,0.677,0.665,1.2,1.7,0.716,1.6,2.4,4.0,0.8,0.6,1.0,0.7,2.3,6.5,135.0,112.0,21.5,0.689,0.017,0.438,13.8,21.2,17.5,8.3,2.1,6.3,12.3,17.2,0.03728813559322034,0.01864406779661017,0.05593220338983051,0.204,0.3,1.4,1.7,0.7,2.2,-1.0,0.2033898305084746,0.05084745762711865,1.2033898305084745,0.3220338983050847,0.8305084745762712,0.06779661016949153,1.88135593220339,0.22033898305084745,0.3728813559322034,3.1,0.983,0.67,0.27,0.03,0.013,0.017,0.795,0.397,0.571,0.667,0.755,0.0,0.352,1.2203389830508475,0.5,0.0,4.4,3.4,1.0,1.23,0.0,1.68,3.75,0.25,0.15,0.4,0.625,0.375,0.42,0.42,0.83,0.77,0.57,0.5,0.5,0.958,0.708,10.4,9.3,0.8,0.1,0.0,1.2,2.0,0.9,0.08,0.089,4.0,4.7,8.5,0.537,0.4,0.3,0.0,0.0,0.0,0.0,0.0,0.0,0.0,0.0,1.4,0.182,1.362,1.0,0.1,0.041,0.308,0.2,1.9,0.242,1.455,1.3,7.4,0.469,-0.017,0.085,104.64,0.809,0.0,0.783
Jaren Jackson Jr,C,24.0,MEM,66.0,66.0,32.2,7.8,17.6,0.444,1.8,5.5,0.32,6.0,12.1,0.501,0.494,5.1,6.3,0.808,1.3,4.2,5.5,2.3,1.2,1.6,2.4,3.6,22.5,107.0,113.0,17.4,0.552,0.315,0.359,4.2,15.0,9.4,13.1,1.8,4.7,10.6,30.4,0.0030303030303030303,0.04242424242424242,0.045454545454545456,0.067,0.0,0.4,0.4,1.3,-8.2,-2.0,0.5151515151515151,1.0757575757575757,1.6363636363636365,0.696969696969697,2.9696969696969697,0.4696969696969697,6.151515151515151,0.7575757575757576,1.8484848484848484,11.9,0.685,0.221,0.39,0.066,0.008,0.315,0.63,0.439,0.455,0.333,0.491,0.932,0.034,0.5151515151515151,0.15,0.309,,,,,,,,,,,,,,,,,,,,,,,,,,,,,,,,,,,,,,,,,,,,,,,,,,,,,,,,,,,,,,,,,
Justin Jackson,SF,28.0,MIN,2.0,0.0,0.5,0.0,0.0,0.0,0.0,0.0,0.0,0.0,0.0,0.0,0.0,0.0,0.0,0.0,0.0,0.0,0.0,0.0,0.0,0.0,0.0,0.0,0.0,0.0,119.0,0.0,0.0,0.0,0.0,0.0,0.0,0.0,0.0,0.0,0.0,0.0,0.0,0.0,0.0,0.0,0.031,-6.3,-1.2,-7.5,0.0,0.0,0.0,0.0,0.0,0.0,0.0,0.0,0.0,0.0,0.0,0.0,0.0,0.0,0.0,0.0,0.0,0.0,0.0,0.0,0.0,0.0,0.0,0.0,0.0,0.0,0.0,0.0,0.0,0.0,0.0,0.0,0.0,0.0,0.0,0.0,0.0,0.0,0.0,0.0,0.0,0.0,0.0,0.0,0.0,0.0,0.0,0.0,0.0,0.0,0.0,0.0,0.0,0.0,0.0,0.0,0.0,0.0,0.0,0.0,0.0,0.0,0.0,0.0,0.0,0.0,0.0,0.0,0.0,0.0,0.0,0.0,0.0,0.0,0.0,0.0,0.0,0.0,0.0,0.0,0.0,0.0,0.0,0.0,0.0,0.0,0.0,0.0,0.0,0.0,137.14,0.0,0.0,0.0
Quenton Jackson,PG,25.0,IND,3.0,0.0,3.7,0.0,0.3,0.0,0.0,0.0,0.0,0.0,0.3,0.0,0.0,0.7,0.7,1.0,0.0,1.3,1.3,0.7,0.3,0.0,0.0,0.3,0.7,152.0,107.0,16.1,0.532,0.0,2.0,0.0,41.2,20.6,18.6,4.3,0.0,0.0,7.2,0.0,0.0,0.0,0.203,-3.5,6.8,3.3,0.0,3.8,0.8,0.0,0.0,0.0,0.0,0.3333333333333333,0.0,1.6666666666666667,0.0,0.0,2.3,1.0,1.0,0.0,0.0,0.0,0.0,0.0,0.0,0.0,0.0,0.0,0.0,0.0,0.0,0.0,0.0,0.33,0.0,0.33,0.67,0.0,0.0,0.0,0.0,0.0,0.0,0.0,0.0,0.0,0.0,0.0,0.0,0.0,0.0,0.0,0.0,0.0,6.3,4.7,0.7,0.0,0.3,1.7,1.7,1.0,0.105,0.158,0.0,2.0,2.0,0.667,0.0,0.0,0.0,0.0,0.0,0.0,0.0,0.0,0.0,0.0,0.0,0.0,0.0,0.0,0.0,0.0,0.0,0.0,0.0,0.0,0.0,0.0,2.0,0.333,-0.042,0.286,109.37,0.0,0.0,0.0
Reggie Jackson,PG,33.0,DEN,82.0,23.0,22.2,4.0,9.2,0.431,1.2,3.5,0.359,2.7,5.8,0.475,0.499,1.0,1.2,0.806,0.4,1.5,1.9,3.8,0.5,0.2,1.3,1.8,10.2,109.0,117.0,11.7,0.521,0.376,0.13,2.1,7.2,4.7,23.0,1.2,0.6,11.7,21.7,0.007317073170731707,0.018292682926829267,0.025609756097560978,0.056,-1.8,-1.5,-3.2,-0.6,1.3,-7.9,0.7439024390243902,0.23170731707317074,0.8414634146341463,0.2073170731707317,0.43902439024390244,0.15853658536585366,8.78048780487805,0.0975609756097561,0.4024390243902439,14.6,0.624,0.187,0.247,0.089,0.102,0.376,0.61,0.422,0.433,0.39,0.402,0.775,0.011,0.07317073170731707,0.204,0.397,3.3,1.57,1.73,1.07,0.06,0.21,0.49,0.23,0.17,0.4,0.576,0.424,0.02,0.37,0.39,0.38,0.06,0.063,0.938,0.969,0.156,33.7,39.0,3.8,0.4,0.5,6.2,9.4,4.7,0.112,0.138,1.1,3.3,4.4,0.537,0.0,0.0,1.0,0.109,0.798,1.2,3.5,0.38,0.834,4.2,0.2,0.011,1.5,0.1,2.5,0.187,1.189,2.1,0.6,0.041,1.324,0.5,9.04,0.489,0.025,0.24,99.58,0.538,0.367,0.427
Trayce Jackson-Davis,PF,23.0,GSW,68.0,16.0,16.6,3.4,4.9,0.702,0.0,0.0,0.0,3.4,4.9,0.704,0.702,1.1,1.9,0.561,2.0,3.0,5.0,1.2,0.4,1.1,0.7,1.6,7.9,136.0,112.0,21.6,0.692,0.003,0.398,13.1,19.4,16.3,10.4,1.2,6.1,11.2,16.4,0.047058823529411764,0.023529411764705882,0.07058823529411765,0.205,1.5,1.2,2.8,1.4,2.0,-1.0,0.3382352941176471,0.14705882352941177,1.1176470588235294,0.20588235294117646,1.0735294117647058,0.014705882352941176,3.0,0.3235294117647059,0.5735294117647058,2.5,0.997,0.648,0.343,0.006,0.0,0.003,0.777,0.561,1.0,0.0,0.751,0.0,0.373,1.6470588235294117,0.0,0.0,6.24,4.75,1.49,0.74,0.0,2.69,6.15,0.13,0.15,0.28,0.474,0.526,0.28,0.96,1.24,1.16,0.68,0.226,0.774,0.952,0.554,20.4,15.5,1.2,0.1,0.1,1.9,3.3,1.4,0.06,0.07,4.4,6.1,10.4,0.551,0.5,0.2,0.0,0.0,0.0,0.0,0.0,0.0,0.0,0.0,1.9,0.215,1.33,1.4,0.0,0.0,0.0,0.0,3.2,0.349,1.405,2.3,9.25,0.477,-0.009,0.103,100.82,0.863,0.0,0.856
LeBron James,PF,39.0,LAL,71.0,71.0,35.3,9.6,17.9,0.54,2.1,5.1,0.41,7.5,12.8,0.592,0.599,4.3,5.7,0.75,0.9,6.4,7.3,8.3,1.3,0.5,3.5,1.1,25.7,120.0,114.0,23.7,0.63,0.286,0.318,2.8,19.3,11.5,37.5,1.7,1.3,14.5,29.2,0.08028169014084507,0.039436619718309855,0.11971830985915492,0.164,5.5,0.9,6.5,5.4,4.1,9.9,2.2535211267605635,0.8309859154929577,0.49295774647887325,0.19718309859154928,3.056338028169014,0.16901408450704225,19.211267605633804,1.0422535211267605,0.8309859154929577,11.6,0.714,0.345,0.217,0.078,0.073,0.286,0.772,0.482,0.313,0.366,0.435,0.685,0.071,1.1830985915492958,0.096,0.457,3.79,1.87,1.92,1.8,0.11,0.61,1.34,0.28,0.27,0.55,0.513,0.487,0.14,0.68,0.82,0.8,0.48,0.172,0.828,0.983,0.586,50.7,61.3,8.3,0.7,0.9,13.2,20.2,9.7,0.164,0.191,2.2,9.1,11.1,0.672,2.7,1.4,3.1,0.138,0.947,3.3,4.0,0.187,0.909,4.4,0.0,0.0,0.0,0.0,2.7,0.098,1.148,2.3,1.7,0.048,1.468,1.1,10.14,0.462,-0.018,0.358,101.54,0.588,0.245,0.529
Jaime Jaquez Jr,SF,22.0,MIA,75.0,20.0,28.2,4.5,9.3,0.489,0.9,2.7,0.322,3.7,6.6,0.558,0.536,1.9,2.3,0.811,1.1,2.7,3.8,2.6,1.0,0.3,1.5,2.2,11.9,112.0,113.0,12.9,0.574,0.29,0.251,4.4,11.0,7.6,13.9,1.8,0.9,12.4,18.7,0.018666666666666665,0.036000000000000004,0.05333333333333334,0.092,-2.2,0.3,-1.9,0.1,3.4,3.0,0.8133333333333334,0.38666666666666666,1.3333333333333333,0.09333333333333334,1.1466666666666667,0.09333333333333334,6.253333333333333,0.26666666666666666,0.84,10.9,0.71,0.286,0.337,0.069,0.019,0.29,0.668,0.506,0.438,0.231,0.533,0.969,0.05,0.38666666666666666,0.51,0.32,,,,,,,,,,,,,,,,,,,,,,,,,,,,,,,,,,,,,,,,,,,,,,,,,,,,,,,,,,,,,,,,,
DeJon Jarreau,SG,26.0,MEM,9.0,0.0,16.7,1.9,5.6,0.34,0.4,1.4,0.308,1.4,4.1,0.351,0.38,0.6,1.2,0.455,0.9,4.0,4.9,2.9,0.7,0.2,1.0,1.6,4.8,93.0,111.0,9.6,0.392,0.26,0.22,5.6,27.3,16.0,25.4,2.0,1.2,14.1,18.3,-0.022222222222222223,0.022222222222222223,0.0,0.002,-4.6,0.7,-4.0,-0.1,-5.7,1.7,0.7777777777777778,0.1111111111111111,0.4444444444444444,0.0,0.5555555555555556,0.1111111111111111,6.666666666666667,0.1111111111111111,0.1111111111111111,12.5,0.74,0.26,0.28,0.1,0.1,0.26,0.538,0.286,0.4,0.0,0.077,1.0,0.04,0.2222222222222222,0.154,0.0,1.78,1.0,0.78,1.11,0.0,0.0,0.0,0.0,0.0,0.0,0.0,0.0,0.0,0.11,0.11,0.11,0.11,0.0,1.0,1.0,1.0,29.4,28.1,2.9,0.3,0.1,6.1,7.3,3.3,0.098,0.113,1.7,5.2,6.7,0.733,0.0,0.0,0.0,0.0,0.0,0.0,1.4,0.328,0.619,2.3,0.0,0.0,0.0,0.0,1.0,0.266,0.529,1.9,0.0,0.0,0.0,0.0,5.56,0.46,-0.011,0.257,100.95,0.605,0.279,0.605
DaQuan Jeffries,SG,26.0,NYK,17.0,0.0,2.7,0.4,1.0,0.353,0.1,0.6,0.2,0.2,0.4,0.571,0.412,0.0,0.1,0.0,0.0,0.3,0.3,0.3,0.0,0.1,0.2,0.1,0.8,82.0,118.0,3.1,0.391,0.588,0.118,0.0,12.2,6.1,14.9,0.0,2.0,14.4,19.6,-0.0058823529411764705,0.0,-0.0058823529411764705,-0.087,-5.6,-2.5,-8.1,-0.1,-6.7,-11.5,0.11764705882352941,0.058823529411764705,0.11764705882352941,0.0,0.0,0.0,0.6470588235294118,0.0,0.058823529411764705,18.1,0.412,0.059,0.176,0.176,0.0,0.588,1.0,0.667,0.333,0.0,1.0,1.0,0.0,0.0,0.4,0.25,0.47,0.12,0.35,0.18,0.0,0.0,0.0,0.0,0.06,0.06,0.0,1.0,0.0,0.12,0.12,0.06,0.06,0.0,1.0,1.0,1.0,1.5,2.0,0.3,0.0,0.0,0.0,0.4,0.2,0.2,0.12,0.7,1.3,1.3,0.75,0.0,0.0,0.0,0.0,0.0,0.0,0.0,0.0,0.0,0.0,0.0,0.0,0.0,0.0,0.0,0.0,0.0,0.0,0.0,0.0,0.0,0.0,1.56,0.571,0.138,0.185,102.84,0.571,0.429,0.429
Trey Jemison,C,24.0,TOT,25.0,14.0,22.9,3.0,5.4,0.551,0.0,0.0,0.0,3.0,5.4,0.551,0.551,0.8,1.0,0.84,2.6,2.8,5.4,1.1,0.5,1.1,1.4,2.8,6.8,111.0,115.0,11.8,0.582,0.0,0.184,11.7,13.9,12.8,7.1,1.0,4.6,18.8,13.5,0.012,0.024,0.036000000000000004,0.073,-4.7,-0.4,-5.1,-0.5,-9.2,-2.2,0.44,0.44,1.68,0.36,0.56,0.08,2.56,0.12,0.64,4.1,1.0,0.588,0.279,0.118,0.015,0.0,0.663,0.368,0.5,0.0,0.56,0.0,0.162,0.72,0.0,0.0,7.4,5.2,2.2,1.16,0.0,2.56,5.72,0.52,0.28,0.8,0.65,0.35,0.4,0.96,1.36,1.24,0.76,0.294,0.706,0.912,0.559,20.2,17.5,1.1,0.2,0.0,2.1,3.0,1.4,0.053,0.067,6.3,5.3,11.2,0.498,1.2,0.5,0.0,0.0,0.0,0.0,0.0,0.0,0.0,0.0,1.1,0.139,1.04,1.1,0.3,0.061,0.545,0.5,2.2,0.25,1.133,2.0,13.3,0.484,-0.017,0.069,98.01,0.877,0.0,0.854
Ty Jerome,SG,26.0,CLE,2.0,0.0,7.5,1.0,2.0,0.5,0.0,0.5,0.0,1.0,1.5,0.667,0.5,0.0,0.0,0.0,0.5,0.0,0.5,1.5,0.0,0.0,0.5,1.0,2.0,111.0,121.0,7.6,0.5,0.25,0.0,7.6,0.0,3.7,27.3,0.0,0.0,20.0,14.7,0.0,0.0,0.0,0.04,-4.1,-0.8,-4.9,0.0,-38.0,-40.9,0.5,0.0,1.0,0.0,0.0,0.0,3.5,0.0,0.0,10.6,0.75,0.25,0.25,0.25,0.0,0.25,0.0,1.0,1.0,0.0,0.0,0.0,0.0,0.0,0.0,0.0,1.0,1.0,0.0,0.5,0.0,0.0,0.0,0.0,0.0,0.0,0.0,0.0,0.0,0.0,0.0,0.0,0.0,0.0,0.0,0.0,0.0,12.0,12.5,1.5,0.0,0.0,3.0,3.5,1.5,0.125,0.125,2.0,0.0,2.0,0.5,0.0,0.0,0.0,0.0,0.0,0.0,0.0,0.0,0.0,0.0,0.0,0.0,0.0,0.0,0.0,0.0,0.0,0.0,0.0,0.0,0.0,0.0,3.5,0.571,0.062,0.273,100.43,1.0,0.0,0.5
Isaiah Joe,SG,24.0,OKC,78.0,1.0,18.5,2.8,6.2,0.458,1.9,4.5,0.416,1.0,1.7,0.568,0.609,0.6,0.7,0.865,0.4,1.9,2.3,1.3,0.6,0.3,0.6,1.1,8.2,121.0,115.0,13.4,0.626,0.728,0.107,2.6,11.0,6.9,8.9,1.5,1.4,8.5,16.6,0.02435897435897436,0.020512820512820513,0.04487179487179487,0.116,1.1,-0.3,0.9,1.0,8.7,1.1,0.3333333333333333,0.14102564102564102,0.5769230769230769,0.038461538461538464,0.24358974358974358,0.4358974358974359,3.141025641025641,0.07692307692307693,0.19230769230769232,21.3,0.272,0.091,0.041,0.07,0.07,0.728,0.773,0.4,0.5,0.471,0.76,0.966,0.039,0.19230769230769232,0.212,0.413,2.67,1.24,1.42,0.87,0.24,0.4,0.83,0.17,0.22,0.38,0.433,0.567,0.01,0.31,0.32,0.31,0.06,0.04,0.96,0.96,0.2,16.8,18.1,1.3,0.1,0.2,2.1,3.3,1.5,0.075,0.09,1.1,4.0,5.0,0.48,0.0,0.0,0.0,0.0,0.0,0.0,0.1,0.036,0.45,0.3,0.7,0.098,0.981,0.7,3.4,0.368,1.325,2.6,0.5,0.062,1.235,0.4,7.05,0.486,0.022,0.093,103.43,0.236,0.693,0.142
Cameron Johnson,PF,27.0,BRK,58.0,47.0,27.6,4.8,10.7,0.446,2.4,6.1,0.391,2.4,4.6,0.519,0.557,1.5,1.9,0.789,0.9,3.4,4.3,2.4,0.8,0.3,1.0,1.8,13.4,118.0,117.0,14.5,0.582,0.57,0.176,3.7,13.8,8.6,12.9,1.5,0.8,7.9,19.6,0.034482758620689655,0.022413793103448276,0.05689655172413793,0.1,0.9,-0.5,0.4,1.0,-4.9,-3.2,0.6724137931034483,0.20689655172413793,0.896551724137931,0.06896551724137931,0.8620689655172413,0.10344827586206896,6.0,0.22413793103448276,0.5862068965517241,17.5,0.43,0.17,0.126,0.073,0.061,0.57,0.724,0.41,0.378,0.342,0.601,0.957,0.034,0.3103448275862069,0.331,0.462,3.74,1.86,1.88,1.59,0.03,0.33,0.74,0.22,0.31,0.53,0.419,0.581,0.09,0.64,0.72,0.69,0.19,0.119,0.881,0.952,0.262,24.8,26.8,2.4,0.1,0.4,4.3,6.1,2.9,0.096,0.116,2.2,6.2,8.4,0.525,0.0,0.0,0.5,0.035,1.16,0.4,1.4,0.133,0.865,1.7,0.5,0.032,1.174,0.4,5.5,0.361,1.219,4.5,0.6,0.037,1.222,0.5,9.63,0.475,0.007,0.129,98.52,0.356,0.534,0.299
Jalen Johnson,SF,22.0,ATL,56.0,52.0,33.7,6.4,12.5,0.511,1.3,3.6,0.355,5.1,9.0,0.574,0.562,1.9,2.6,0.728,1.3,7.4,8.7,3.6,1.2,0.8,1.8,2.4,16.0,117.0,116.0,16.3,0.584,0.285,0.209,4.1,24.8,14.1,15.4,1.7,2.2,11.6,19.1,0.0375,0.030357142857142857,0.06785714285714285,0.098,0.4,0.8,1.2,1.5,-1.3,1.9,1.0,0.3392857142857143,1.3392857142857142,0.19642857142857142,1.375,0.17857142857142858,8.678571428571429,0.4107142857142857,0.9107142857142857,10.6,0.715,0.342,0.272,0.083,0.019,0.285,0.696,0.471,0.431,0.462,0.705,0.972,0.15,1.75,0.285,0.298,6.5,3.96,2.54,2.07,0.05,1.38,3.27,0.27,0.27,0.54,0.5,0.5,0.07,0.5,0.57,0.55,0.34,0.125,0.875,0.969,0.594,53.3,32.8,3.6,0.3,0.4,6.3,9.1,4.3,0.068,0.08,3.5,10.7,13.9,0.628,0.4,0.3,0.4,0.025,0.955,0.4,0.8,0.063,0.782,1.0,2.2,0.122,1.179,1.9,4.6,0.301,0.992,4.7,1.6,0.073,1.413,1.1,15.38,0.476,-0.003,0.154,103.77,0.643,0.238,0.605
James Johnson,PF,36.0,IND,9.0,0.0,5.2,0.3,1.1,0.3,0.0,0.2,0.0,0.3,0.9,0.375,0.3,0.2,0.2,1.0,0.1,0.3,0.4,0.9,0.6,0.1,0.6,1.0,0.9,79.0,112.0,5.0,0.368,0.2,0.2,2.4,7.2,4.8,18.6,5.0,1.7,31.5,14.2,-0.011111111111111112,0.011111111111111112,0.0,-0.05,-8.0,2.2,-5.8,0.0,3.9,0.9,0.4444444444444444,0.0,0.4444444444444444,0.1111111111111111,0.1111111111111111,0.0,2.111111111111111,0.0,0.2222222222222222,11.1,0.8,0.2,0.4,0.2,0.0,0.2,1.0,0.25,0.0,0.0,0.333,0.0,0.2,0.2222222222222222,0.0,0.0,0.78,0.44,0.33,0.67,0.0,0.11,0.33,0.22,0.11,0.33,0.667,0.333,0.0,0.11,0.11,0.11,0.0,0.0,1.0,1.0,0.0,6.9,6.7,0.9,0.0,0.1,1.0,2.1,1.0,0.129,0.145,1.0,2.0,3.0,0.444,0.0,0.0,0.0,0.0,0.0,0.0,0.0,0.0,0.0,0.0,0.0,0.0,0.0,0.0,0.0,0.0,0.0,0.0,0.0,0.0,0.0,0.0,2.63,0.476,0.072,0.186,104.25,0.75,0.0,0.5
Keldon Johnson,SF,24.0,SAS,69.0,27.0,29.5,5.7,12.5,0.454,1.8,5.3,0.346,3.8,7.2,0.533,0.527,2.5,3.2,0.792,1.4,4.1,5.5,2.8,0.7,0.3,1.4,2.2,15.7,112.0,118.0,14.2,0.565,0.426,0.256,5.0,15.1,10.0,14.2,1.2,0.8,9.4,21.9,0.021739130434782608,0.021739130434782608,0.043478260869565216,0.071,-0.3,-1.4,-1.7,0.2,-8.2,-3.8,0.7391304347826086,0.4927536231884058,1.0434782608695652,0.13043478260869565,1.6376811594202898,0.14492753623188406,6.72463768115942,0.4057971014492754,0.8115942028985508,13.4,0.574,0.261,0.256,0.038,0.019,0.426,0.636,0.439,0.485,0.5,0.492,0.906,0.038,0.4057971014492754,0.3,0.327,3.67,1.93,1.74,1.38,0.03,0.29,0.65,0.43,0.23,0.67,0.652,0.348,0.13,0.52,0.65,0.57,0.2,0.2,0.8,0.975,0.35,33.4,30.5,2.9,0.2,0.5,5.2,7.3,3.5,0.085,0.106,3.4,7.0,10.0,0.552,0.2,0.1,0.7,0.046,0.959,0.7,2.5,0.175,0.935,2.7,0.2,0.013,0.929,0.2,4.7,0.305,1.009,4.7,1.0,0.055,1.241,0.8,10.65,0.493,0.017,0.142,103.68,0.487,0.351,0.454
Keon Johnson,SG,21.0,BRK,5.0,0.0,12.2,1.6,4.2,0.381,0.8,2.0,0.4,0.8,2.2,0.364,0.476,2.2,2.4,0.917,0.6,0.8,1.4,0.6,0.6,0.2,1.0,1.0,6.2,110.0,116.0,13.1,0.59,0.476,0.571,5.2,7.4,6.3,6.9,2.4,1.5,16.0,22.2,0.0,0.02,0.02,0.068,-1.6,-1.1,-2.7,0.0,-18.0,-15.2,0.8,0.0,0.6,0.0,0.8,0.0,1.6,0.0,0.2,17.5,0.524,0.19,0.095,0.048,0.19,0.476,0.5,0.5,0.0,0.25,0.75,1.0,0.048,0.2,0.1,1.0,0.8,0.6,0.2,1.0,0.0,0.4,0.8,0.2,0.4,0.6,0.333,0.667,0.0,0.6,0.6,0.6,0.0,0.0,1.0,1.0,0.0,13.8,17.8,0.8,0.0,0.0,1.8,2.0,0.8,0.055,0.055,1.8,1.8,3.5,0.357,0.0,0.0,0.0,0.0,0.0,0.0,0.0,0.0,0.0,0.0,0.0,0.0,0.0,0.0,0.0,0.0,0.0,0.0,0.0,0.0,0.0,0.0,4.33,0.615,0.14,0.071,100.06,0.258,0.387,0.194
Keyontae Johnson,SF,23.0,OKC,9.0,0.0,7.3,0.6,1.8,0.313,0.1,0.3,0.333,0.4,1.4,0.308,0.344,0.0,0.0,0.0,0.4,0.7,1.1,0.4,0.1,0.0,0.4,0.6,1.2,78.0,118.0,1.6,0.344,0.188,0.0,7.0,9.8,8.4,7.2,0.7,0.0,20.0,13.1,-0.011111111111111112,0.011111111111111112,-0.011111111111111112,-0.068,-7.5,-2.2,-9.8,-0.1,-8.5,-16.7,0.3333333333333333,0.0,0.4444444444444444,0.0,0.0,0.0,0.8888888888888888,0.0,0.2222222222222222,7.7,0.813,0.438,0.313,0.063,0.0,0.188,0.286,0.2,1.0,0.0,0.5,1.0,0.063,0.1111111111111111,0.333,1.0,0.89,0.44,0.44,0.11,0.0,0.0,0.0,0.11,0.0,0.11,1.0,0.0,0.0,0.0,0.0,0.0,0.0,0.0,0.0,0.0,0.0,6.4,4.8,0.4,0.1,0.1,0.7,1.1,0.7,0.069,0.103,1.6,1.8,3.2,0.625,0.0,0.0,0.0,0.0,0.0,0.0,0.0,0.0,0.0,0.0,0.0,0.0,0.0,0.0,0.0,0.0,0.0,0.0,0.0,0.0,0.0,0.0,2.43,0.412,0.003,0.085,100.42,0.727,0.273,0.545
Nikola Jokić,C,28.0,DEN,79.0,79.0,34.6,10.4,17.9,0.583,1.1,2.9,0.359,9.4,14.9,0.626,0.612,4.5,5.5,0.817,2.8,9.5,12.4,9.0,1.4,0.9,3.0,2.5,26.4,131.0,108.0,31.0,0.65,0.164,0.31,9.3,29.6,19.8,42.0,2.0,2.1,12.9,29.3,0.1518987341772152,0.06455696202531645,0.21518987341772153,0.299,9.0,4.2,13.2,10.6,11.6,20.0,1.8101265822784811,0.8354430379746836,1.2278481012658229,0.26582278481012656,2.2911392405063293,0.06329113924050633,21.037974683544302,0.7468354430379747,0.8607594936708861,9.7,0.836,0.26,0.404,0.115,0.057,0.164,0.741,0.614,0.537,0.37,0.572,0.807,0.013,0.21518987341772153,0.035,0.25,,,,,,,,,,,,,,,,,,,,,,,,,,,,,,,,,,,,,,,,,,,,,,,,,,,,,,,,,,,,,,,,,
Colby Jones,SG,21.0,SAC,30.0,0.0,6.4,0.9,2.4,0.394,0.1,0.7,0.091,0.9,1.6,0.531,0.408,0.2,0.4,0.545,0.6,0.8,1.3,0.7,0.2,0.2,0.3,1.0,2.1,97.0,115.0,8.9,0.422,0.31,0.155,9.7,13.7,11.7,13.9,1.8,2.4,11.6,19.1,-0.006666666666666667,0.006666666666666667,0.0,0.007,-5.4,0.4,-5.0,-0.1,3.0,1.7,0.2,0.06666666666666667,0.5333333333333333,0.0,0.16666666666666666,0.03333333333333333,1.5666666666666667,0.03333333333333333,0.13333333333333333,12.1,0.69,0.183,0.338,0.155,0.014,0.31,0.462,0.583,0.455,1.0,0.538,1.0,0.014,0.03333333333333333,0.364,0.125,1.0,0.73,0.27,0.6,0.03,0.07,0.2,0.23,0.07,0.3,0.778,0.222,0.0,0.13,0.13,0.1,0.03,0.0,1.0,0.75,0.25,8.3,8.4,0.7,0.1,0.1,1.4,1.8,0.9,0.081,0.105,1.3,1.9,3.1,0.606,0.0,0.0,0.0,0.0,0.0,0.0,0.0,0.0,0.0,0.0,0.0,0.0,0.0,0.0,0.0,0.0,0.0,0.0,0.0,0.0,0.0,0.0,2.9,0.466,0.016,0.159,99.51,0.813,0.094,0.75
Damian Jones,C,28.0,CLE,39.0,0.0,6.9,1.1,1.8,0.597,0.1,0.4,0.214,1.0,1.5,0.69,0.618,0.5,0.5,0.857,0.5,1.1,1.6,0.4,0.2,0.3,0.3,0.7,2.7,125.0,111.0,15.8,0.659,0.194,0.292,8.4,17.3,12.9,7.9,1.3,4.3,13.8,15.4,0.010256410256410256,0.010256410256410256,0.020512820512820513,0.15,-1.7,1.2,-0.5,0.1,-18.4,-22.6,0.10256410256410256,0.05128205128205128,0.358974358974359,0.1282051282051282,0.358974358974359,0.0,1.0256410256410255,0.1794871794871795,0.07692307692307693,8.2,0.806,0.542,0.139,0.069,0.056,0.194,0.795,0.4,0.8,0.25,0.775,1.0,0.25,0.4358974358974359,0.429,0.333,2.0,1.41,0.59,0.23,0.0,0.56,1.36,0.15,0.03,0.18,0.857,0.143,0.08,0.31,0.38,0.36,0.18,0.2,0.8,1.0,0.5,6.8,5.1,0.4,0.0,0.1,0.6,1.0,0.4,0.057,0.064,1.8,2.9,4.7,0.561,0.2,0.1,0.0,0.0,0.0,0.0,0.0,0.0,0.0,0.0,0.0,0.0,0.0,0.0,0.0,0.0,0.0,0.0,0.0,0.0,0.0,0.0,4.21,0.432,-0.036,0.097,96.63,0.748,0.084,0.692
Derrick Jones Jr,SF,26.0,DAL,76.0,66.0,23.5,3.1,6.5,0.483,1.1,3.1,0.343,2.1,3.4,0.613,0.566,1.3,1.8,0.713,1.1,2.2,3.3,1.0,0.7,0.7,0.9,1.6,8.6,116.0,116.0,11.7,0.592,0.483,0.275,5.0,10.3,7.7,5.5,1.4,2.5,10.5,14.9,0.019736842105263157,0.021052631578947368,0.04078947368421053,0.083,-1.3,-0.3,-1.5,0.2,1.8,-0.6,0.2894736842105263,0.34210526315789475,0.8947368421052632,0.09210526315789473,0.9605263157894737,0.27631578947368424,2.5,0.25,0.3157894736842105,13.2,0.517,0.327,0.168,0.018,0.004,0.483,0.691,0.494,0.444,0.0,0.764,0.988,0.158,0.8157894736842105,0.586,0.343,,,,,,,,,,,,,,,,,,,,,,,,,,,,,,,,,,,,,,,,,,,,,,,,,,,,,,,,,,,,,,,,,
Herbert Jones,SF,25.0,NOP,76.0,76.0,30.5,3.9,7.7,0.498,1.5,3.6,0.418,2.4,4.1,0.568,0.595,1.8,2.1,0.867,1.0,2.6,3.6,2.6,1.4,0.8,1.2,2.9,11.0,124.0,113.0,13.2,0.636,0.464,0.269,3.6,9.4,6.5,11.3,2.2,2.6,12.4,14.1,0.043421052631578944,0.039473684210526314,0.08289473684210526,0.131,-0.9,1.5,0.6,1.6,5.8,2.9,0.5263157894736842,0.32894736842105265,1.4736842105263157,0.21052631578947367,0.8947368421052632,0.2631578947368421,6.171052631578948,0.14473684210526316,0.5526315789473685,13.8,0.536,0.311,0.162,0.022,0.041,0.464,0.705,0.389,0.231,0.417,0.609,0.965,0.07,0.5131578947368421,0.527,0.479,6.09,2.71,3.38,2.57,0.16,0.57,1.39,0.29,0.38,0.67,0.431,0.569,0.01,0.82,0.83,0.78,0.25,0.016,0.984,0.952,0.306,32.5,27.7,2.6,0.2,0.2,3.8,6.4,3.0,0.081,0.093,2.1,5.2,7.1,0.523,0.0,0.0,0.1,0.016,0.917,0.2,0.7,0.073,1.037,0.7,0.2,0.027,0.75,0.3,4.5,0.416,1.088,4.1,0.7,0.051,1.316,0.5,11.83,0.44,-0.031,0.112,98.85,0.428,0.409,0.401
Mason Jones,SG,25.0,SAC,5.0,0.0,5.6,0.4,1.6,0.25,0.4,1.4,0.286,0.0,0.2,0.0,0.375,0.2,0.4,0.5,0.2,0.8,1.0,1.0,0.2,0.0,0.4,0.6,1.4,93.0,116.0,5.8,0.394,0.875,0.25,3.9,16.4,10.0,21.7,1.7,0.0,18.4,16.6,0.0,0.0,0.0,-0.018,-5.4,0.0,-5.5,0.0,-5.6,-7.0,0.4,0.0,0.2,0.0,0.2,0.0,2.4,0.0,0.2,24.4,0.125,0.0,0.0,0.125,0.0,0.875,0.0,0.0,0.0,0.0,0.0,1.0,0.0,0.0,0.143,0.0,0.4,0.0,0.4,0.4,0.0,0.0,0.0,0.0,0.0,0.0,0.0,0.0,0.0,0.2,0.2,0.2,0.0,0.0,1.0,1.0,0.0,11.2,11.0,1.0,0.0,0.2,2.2,2.4,1.2,0.089,0.107,1.0,2.5,3.5,0.714,0.0,0.0,0.0,0.0,0.0,0.0,0.0,0.0,0.0,0.0,0.0,0.0,0.0,0.0,0.0,0.0,0.0,0.0,0.0,0.0,0.0,0.0,3.67,0.364,-0.085,0.278,100.57,0.0,0.857,0.0
Tre Jones,PG,24.0,SAS,77.0,48.0,27.8,3.9,7.8,0.505,0.8,2.5,0.335,3.1,5.3,0.584,0.558,1.3,1.5,0.856,0.8,3.0,3.8,6.2,1.0,0.1,1.5,1.2,10.0,123.0,118.0,14.7,0.591,0.318,0.197,2.9,11.8,7.3,30.8,1.7,0.3,15.1,15.2,0.04415584415584416,0.02077922077922078,0.06363636363636364,0.111,-0.4,0.1,-0.4,0.9,-0.5,12.6,1.1168831168831168,0.2597402597402597,0.4805194805194805,0.05194805194805195,0.4935064935064935,0.45454545454545453,15.116883116883116,0.09090909090909091,0.38961038961038963,11.5,0.682,0.328,0.242,0.1,0.012,0.318,0.726,0.497,0.367,0.286,0.406,0.906,0.003,0.012987012987012988,0.403,0.377,2.55,1.58,0.96,2.21,0.1,0.38,0.97,0.3,0.48,0.78,0.383,0.617,0.0,0.12,0.12,0.12,0.04,0.0,1.0,1.0,0.333,51.3,52.4,6.1,0.6,0.8,12.0,16.1,7.6,0.12,0.147,2.0,4.7,6.6,0.592,0.0,0.0,0.4,0.048,0.865,0.5,2.8,0.295,0.96,2.9,0.3,0.018,1.571,0.2,2.2,0.203,1.064,2.0,0.7,0.048,1.459,0.5,10.09,0.49,0.031,0.298,102.72,0.62,0.249,0.586
Tyus Jones,PG,27.0,WAS,66.0,66.0,29.3,4.9,10.1,0.489,1.6,3.9,0.414,3.3,6.2,0.537,0.569,0.5,0.6,0.8,0.3,2.4,2.7,7.3,1.1,0.3,1.0,0.7,12.0,126.0,121.0,16.5,0.578,0.384,0.06,1.1,9.0,5.0,34.6,1.7,0.8,8.8,16.3,0.05909090909090909,0.010606060606060605,0.06818181818181818,0.113,1.5,-0.9,0.7,1.3,-12.4,-6.1,0.8333333333333334,0.12121212121212122,0.2878787878787879,0.030303030303030304,0.2878787878787879,0.18181818181818182,17.5,0.09090909090909091,0.3484848484848485,14.8,0.616,0.111,0.297,0.174,0.033,0.384,0.635,0.49,0.56,0.5,0.418,0.792,0.0,0.0,0.246,0.476,1.77,0.65,1.12,1.92,0.0,0.29,0.64,0.18,0.35,0.53,0.343,0.657,0.0,0.11,0.11,0.09,0.06,0.0,1.0,0.857,0.571,55.6,57.7,7.3,0.7,0.9,12.5,18.6,8.8,0.132,0.159,0.9,3.9,4.8,0.613,0.0,0.0,0.3,0.026,1.053,0.3,4.4,0.394,0.997,4.4,0.0,0.0,0.0,0.0,0.0,0.0,0.0,0.0,0.3,0.02,1.2,0.2,10.06,0.529,0.07,0.331,104.37,0.557,0.403,0.458
DeAndre Jordan,C,35.0,DEN,36.0,2.0,11.0,1.6,2.6,0.624,0.0,0.0,0.0,1.6,2.6,0.624,0.624,0.7,1.5,0.491,1.5,2.9,4.4,0.7,0.2,0.4,0.6,1.6,3.9,121.0,110.0,16.0,0.61,0.0,0.57,15.6,28.0,22.0,8.5,0.8,3.4,16.5,15.4,0.016666666666666666,0.016666666666666666,0.03333333333333333,0.147,-1.7,-0.1,-1.7,0.0,-9.1,-16.2,0.19444444444444445,0.08333333333333333,0.8888888888888888,0.3055555555555556,0.6666666666666666,0.027777777777777776,1.6111111111111112,0.19444444444444445,0.3055555555555556,2.0,1.0,0.828,0.161,0.011,0.0,0.0,0.675,0.4,0.0,0.0,0.724,0.0,0.441,1.0277777777777777,0.0,0.0,2.44,1.86,0.58,0.33,0.0,2.14,5.08,0.08,0.06,0.14,0.6,0.4,0.47,0.69,1.17,1.17,0.83,0.405,0.595,1.0,0.714,9.7,7.7,0.7,0.0,0.1,1.3,1.6,0.8,0.076,0.082,3.1,4.1,7.0,0.662,0.2,0.1,0.0,0.0,0.0,0.0,0.0,0.0,0.0,0.0,1.5,0.229,1.656,0.9,0.0,0.0,0.0,0.0,1.1,0.214,1.367,0.8,5.52,0.478,-0.02,0.098,97.52,0.817,0.0,0.817
Cory Joseph,PG,32.0,GSW,26.0,0.0,11.4,0.9,2.5,0.359,0.5,1.6,0.31,0.4,0.8,0.455,0.461,0.2,0.3,0.571,0.2,0.9,1.2,1.6,0.2,0.1,0.5,1.0,2.4,108.0,119.0,6.2,0.47,0.656,0.109,2.2,8.6,5.5,17.2,0.7,0.9,15.2,11.3,0.0,0.007692307692307693,0.007692307692307693,0.034,-4.0,-0.7,-4.7,-0.2,-0.4,-3.4,0.23076923076923078,0.07692307692307693,0.5769230769230769,0.038461538461538464,0.038461538461538464,0.11538461538461539,4.1923076923076925,0.0,0.07692307692307693,20.4,0.344,0.031,0.156,0.078,0.078,0.656,0.0,0.7,0.4,0.2,0.6,0.923,0.0,0.0,0.238,0.4,1.88,0.96,0.92,0.38,0.0,0.27,0.73,0.15,0.0,0.15,1.0,0.0,0.04,0.23,0.27,0.23,0.04,0.143,0.857,0.857,0.143,19.3,19.0,1.6,0.1,0.2,3.1,4.2,1.8,0.084,0.092,0.9,2.5,3.3,0.56,0.0,0.0,0.0,0.0,0.0,0.0,0.2,0.152,0.417,0.5,0.0,0.0,0.0,0.0,1.2,0.468,0.811,1.4,0.0,0.0,0.0,0.0,4.83,0.483,0.016,0.174,102.2,0.317,0.619,0.222
Nikola Jović,PF,20.0,MIA,46.0,38.0,19.5,2.8,6.1,0.452,1.4,3.5,0.399,1.3,2.6,0.525,0.568,0.7,1.0,0.702,0.5,3.6,4.2,2.0,0.5,0.3,0.9,1.8,7.7,113.0,111.0,12.8,0.583,0.58,0.167,3.1,21.3,12.1,14.7,1.4,1.5,12.2,17.1,0.013043478260869565,0.02826086956521739,0.041304347826086954,0.103,-0.9,1.3,0.3,0.5,8.3,8.1,0.5652173913043478,0.17391304347826086,0.8478260869565217,0.10869565217391304,0.4782608695652174,0.13043478260869565,4.8478260869565215,0.08695652173913043,0.17391304347826086,16.7,0.42,0.178,0.196,0.032,0.014,0.58,0.6,0.509,0.222,0.5,0.694,0.892,0.007,0.043478260869565216,0.288,0.468,,,,,,,,,,,,,,,,,,,,,,,,,,,,,,,,,,,,,,,,,,,,,,,,,,,,,,,,,,,,,,,,,
Johnny Juzang,SG,22.0,UTA,20.0,5.0,18.6,2.6,5.5,0.464,1.6,3.9,0.416,1.0,1.7,0.576,0.609,0.5,0.7,0.714,0.4,1.5,1.8,1.2,0.2,0.1,0.7,1.5,7.2,120.0,125.0,9.6,0.62,0.7,0.127,2.1,8.5,5.3,8.4,0.5,0.5,10.1,14.5,0.02,0.0,0.02,0.047,-1.5,-2.2,-3.7,-0.2,-2.6,2.5,0.25,0.2,0.85,0.1,0.35,0.1,2.75,0.05,0.2,19.3,0.3,0.027,0.236,0.018,0.018,0.7,1.0,0.538,0.5,0.5,0.789,1.0,0.009,0.05,0.442,0.382,3.0,1.65,1.35,0.4,0.1,0.25,0.55,0.0,0.2,0.2,0.0,1.0,0.1,0.15,0.25,0.2,0.1,0.4,0.6,0.8,0.4,11.9,14.7,1.2,0.1,0.1,2.1,3.1,1.3,0.097,0.111,0.9,3.8,4.7,0.59,0.0,0.0,0.0,0.0,0.0,0.0,0.0,0.0,0.0,0.0,0.0,0.0,0.0,0.0,0.0,0.0,0.0,0.0,0.0,0.0,0.0,0.0,7.89,0.472,0.016,0.086,96.5,0.264,0.667,0.25
Luke Kennard,SG,27.0,MEM,39.0,22.0,25.6,3.6,8.1,0.448,2.7,6.1,0.45,0.9,2.0,0.442,0.617,1.0,1.2,0.889,0.3,2.6,2.9,3.5,0.5,0.1,1.4,1.0,11.0,121.0,119.0,13.1,0.641,0.756,0.143,1.2,11.6,6.2,20.8,1.0,0.2,13.9,16.7,0.035897435897435895,0.017948717948717947,0.05384615384615385,0.099,0.6,-0.9,-0.3,0.4,-10.0,-3.6,0.9487179487179487,0.28205128205128205,0.6153846153846154,0.02564102564102564,0.23076923076923078,0.05128205128205128,8.307692307692308,0.05128205128205128,0.28205128205128205,21.8,0.244,0.06,0.054,0.079,0.051,0.756,0.684,0.235,0.44,0.375,0.765,0.944,0.0,0.0,0.118,0.393,2.03,0.9,1.13,0.87,0.0,0.38,0.92,0.33,0.46,0.79,0.419,0.581,0.03,0.51,0.54,0.49,0.13,0.048,0.952,0.905,0.238,31.6,32.5,3.5,0.2,0.3,5.2,8.5,3.9,0.11,0.123,0.8,4.6,5.4,0.549,0.0,0.0,0.0,0.0,0.0,0.0,0.6,0.109,0.571,1.1,0.2,0.039,0.533,0.4,0.0,0.0,0.0,0.0,0.0,0.0,0.0,0.0,8.82,0.517,0.049,0.212,99.53,0.159,0.748,0.103
Walker Kessler,C,22.0,UTA,64.0,22.0,23.3,3.6,5.5,0.654,0.1,0.3,0.211,3.5,5.2,0.68,0.66,0.9,1.5,0.602,2.6,4.9,7.5,0.9,0.5,2.4,1.0,2.1,8.1,128.0,114.0,18.0,0.663,0.054,0.266,12.3,23.1,17.7,5.6,1.0,9.2,14.4,12.8,0.0375,0.0265625,0.0640625,0.131,-0.4,1.3,0.9,1.1,-4.5,0.6,0.296875,0.28125,1.234375,0.359375,0.671875,0.078125,2.4375,0.171875,0.5,3.4,0.946,0.68,0.257,0.003,0.006,0.054,0.752,0.511,0.0,0.0,0.742,1.0,0.363,1.9375,1.0,0.211,10.42,8.59,1.83,0.75,0.02,2.27,5.33,0.19,0.06,0.25,0.75,0.25,0.55,1.13,1.67,1.63,1.06,0.327,0.673,0.981,0.642,24.8,14.4,0.9,0.1,0.1,1.8,2.6,1.1,0.037,0.044,5.9,8.8,14.2,0.533,0.2,0.1,0.0,0.0,0.0,0.0,0.0,0.0,0.0,0.0,1.3,0.131,1.417,0.9,0.2,0.044,0.6,0.3,3.4,0.371,1.282,2.7,14.02,0.463,-0.03,0.058,100.78,0.869,0.023,0.869
Braxton Key,SF,26.0,DEN,20.0,0.0,3.0,0.4,0.9,0.412,0.1,0.3,0.4,0.3,0.6,0.417,0.471,0.3,0.4,0.75,0.2,0.8,0.9,0.5,0.1,0.1,0.1,0.3,1.1,128.0,110.0,16.5,0.536,0.294,0.471,5.7,26.9,16.6,18.8,1.7,1.4,4.6,15.7,0.005,0.005,0.01,0.18,0.5,1.6,2.1,0.1,-8.9,-14.7,0.05,0.0,0.15,0.0,0.2,0.0,1.05,0.1,0.1,10.2,0.706,0.412,0.235,0.0,0.059,0.294,0.429,0.25,0.0,1.0,1.0,1.0,0.0,0.0,0.2,0.0,0.4,0.25,0.15,0.15,0.0,0.1,0.2,0.0,0.05,0.05,0.0,1.0,0.0,0.15,0.15,0.15,0.15,0.0,1.0,1.0,1.0,4.6,3.2,0.5,0.0,0.1,0.8,1.2,0.6,0.098,0.12,0.7,1.7,2.2,0.654,0.1,0.0,0.0,0.0,0.0,0.0,0.0,0.0,0.0,0.0,0.0,0.0,0.0,0.0,0.0,0.0,0.0,0.0,0.0,0.0,0.0,0.0,1.38,0.556,0.094,0.231,106.43,0.455,0.273,0.364
Corey Kispert,SF,24.0,WAS,80.0,22.0,25.8,4.8,9.9,0.486,2.3,6.0,0.383,2.5,3.9,0.643,0.602,1.4,2.0,0.726,0.4,2.4,2.8,2.0,0.5,0.2,1.2,1.8,13.4,114.0,123.0,12.8,0.62,0.605,0.198,1.5,10.3,5.8,10.7,0.9,0.6,10.2,19.6,0.021249999999999998,0.005,0.026250000000000002,0.048,-0.2,-2.0,-2.1,-0.1,-10.9,-3.4,0.35,0.5,1.0375,0.15,0.9375,0.075,4.6375,0.325,0.6,17.7,0.395,0.2,0.149,0.038,0.009,0.605,0.78,0.525,0.4,0.571,0.752,0.967,0.03,0.225,0.215,0.379,4.49,2.7,1.79,0.84,0.03,0.34,0.78,0.18,0.18,0.35,0.5,0.5,0.0,0.46,0.46,0.43,0.06,0.0,1.0,0.919,0.135,22.9,24.9,2.0,0.2,0.2,3.0,4.9,2.2,0.085,0.098,1.2,4.8,6.0,0.508,0.0,0.0,0.3,0.015,1.5,0.2,0.9,0.072,0.986,0.9,0.8,0.056,1.132,0.7,4.4,0.337,1.1,4.0,0.7,0.036,1.588,0.4,10.16,0.493,0.031,0.111,103.61,0.378,0.516,0.355
Maxi Kleber,C,32.0,DAL,43.0,7.0,20.3,1.5,3.4,0.432,0.7,2.1,0.348,0.7,1.3,0.574,0.541,0.8,1.1,0.702,0.7,2.6,3.3,1.6,0.4,0.7,0.7,1.8,4.4,118.0,116.0,8.8,0.573,0.63,0.322,3.8,14.1,9.0,9.5,0.9,3.0,14.4,9.6,0.013953488372093023,0.018604651162790697,0.03255813953488372,0.08,-2.3,1.0,-1.3,0.2,6.8,5.9,0.3023255813953488,0.16279069767441862,1.069767441860465,0.16279069767441862,0.37209302325581395,0.3023255813953488,3.9767441860465116,0.06976744186046512,0.09302325581395349,18.0,0.37,0.178,0.075,0.082,0.034,0.63,0.769,0.273,0.583,0.2,0.839,0.969,0.041,0.13953488372093023,0.348,0.219,6.6,4.63,1.98,0.65,0.09,1.51,3.56,0.19,0.16,0.35,0.533,0.467,0.21,0.95,1.16,1.07,0.28,0.18,0.82,0.939,0.245,19.2,15.0,1.6,0.0,0.3,2.6,4.1,1.9,0.084,0.098,1.9,4.7,6.4,0.533,0.1,0.0,0.0,0.0,0.0,0.0,0.0,0.0,0.0,0.0,0.9,0.185,1.028,0.8,2.3,0.487,1.063,2.2,0.0,0.0,0.0,0.0,11.49,0.431,-0.052,0.099,102.07,0.325,0.503,0.283
Kevin Knox,SF,24.0,DET,31.0,11.0,18.1,2.8,6.0,0.462,1.0,3.0,0.33,1.8,3.0,0.598,0.546,0.6,0.7,0.909,0.6,1.8,2.4,0.7,0.4,0.2,0.7,1.6,7.2,109.0,121.0,9.9,0.57,0.505,0.118,3.5,11.5,7.5,5.9,1.1,1.1,10.1,16.6,0.0032258064516129032,0.0064516129032258064,0.012903225806451613,0.033,-2.8,-1.8,-4.6,-0.4,-7.2,1.9,0.3548387096774194,0.12903225806451613,1.0,0.03225806451612903,0.41935483870967744,0.06451612903225806,1.7419354838709677,0.16129032258064516,0.3870967741935484,15.6,0.495,0.188,0.194,0.081,0.032,0.505,0.686,0.583,0.6,0.167,0.782,0.968,0.124,0.6451612903225806,0.372,0.343,,,,,,,,,,,,,,,,,,,,,,,,,,,,,,,,,,,,,,,,,,,,,,,,,,,,,,,,,,,,,,,,,
John Konchar,SF,27.0,MEM,55.0,23.0,21.3,1.6,3.8,0.423,0.7,2.2,0.317,0.9,1.6,0.568,0.514,0.4,0.5,0.84,1.3,3.4,4.7,2.0,0.9,0.9,0.8,1.4,4.3,114.0,112.0,11.4,0.537,0.577,0.12,6.5,18.0,12.0,13.0,2.1,4.1,17.4,9.7,0.00909090909090909,0.030909090909090907,0.04,0.091,-2.6,2.2,-0.4,0.5,-6.0,1.9,0.5272727272727272,0.21818181818181817,0.8181818181818182,0.01818181818181818,0.16363636363636364,0.12727272727272726,5.036363636363636,0.05454545454545454,0.23636363636363636,15.1,0.423,0.322,0.091,0.01,0.0,0.577,0.657,0.316,0.0,0.0,0.68,1.0,0.014,0.05454545454545454,0.492,0.271,3.76,2.09,1.67,1.82,0.09,0.44,1.05,0.22,0.42,0.64,0.343,0.657,0.05,0.24,0.29,0.29,0.07,0.188,0.813,1.0,0.25,29.3,19.8,2.0,0.1,0.2,4.1,5.3,2.3,0.068,0.08,3.1,6.4,9.2,0.57,0.0,0.0,0.0,0.0,0.0,0.0,0.0,0.08,0.095,0.4,0.0,0.0,0.0,0.0,1.5,0.367,0.856,1.8,0.6,0.083,1.5,0.4,9.26,0.497,0.032,0.13,98.73,0.426,0.485,0.426
Furkan Korkmaz,SG,26.0,PHI,35.0,0.0,8.6,0.9,2.2,0.395,0.4,1.1,0.35,0.5,1.0,0.444,0.487,0.4,0.6,0.7,0.1,0.7,0.9,0.7,0.4,0.1,0.3,0.5,2.5,108.0,115.0,9.2,0.519,0.526,0.263,1.4,9.7,5.5,11.0,2.3,0.9,10.5,13.6,0.0,0.008571428571428572,0.011428571428571429,0.057,-3.2,0.4,-2.7,-0.1,6.0,3.3,0.14285714285714285,0.08571428571428572,0.37142857142857144,0.02857142857142857,0.2857142857142857,0.05714285714285714,1.6285714285714286,0.17142857142857143,0.05714285714285714,17.4,0.474,0.184,0.171,0.053,0.066,0.526,0.643,0.462,0.0,0.2,0.75,0.714,0.026,0.05714285714285714,0.1,0.5,0.49,0.29,0.2,0.74,0.03,0.03,0.06,0.03,0.09,0.11,0.25,0.75,0.0,0.14,0.14,0.14,0.03,0.0,1.0,1.0,0.2,9.8,9.1,0.7,0.1,0.1,1.1,1.7,0.9,0.073,0.09,0.6,2.6,3.1,0.6,0.0,0.0,0.0,0.0,0.0,0.0,0.0,0.0,0.0,0.0,0.0,0.0,0.0,0.0,0.0,0.0,0.0,0.0,0.0,0.0,0.0,0.0,2.81,0.507,0.046,0.108,104.27,0.364,0.477,0.341
Luke Kornet,C,28.0,BOS,63.0,7.0,15.6,2.3,3.2,0.7,0.0,0.0,1.0,2.2,3.2,0.698,0.702,0.8,0.9,0.907,1.9,2.3,4.1,1.1,0.4,1.0,0.3,1.2,5.3,157.0,110.0,19.8,0.736,0.005,0.266,13.5,15.1,14.3,8.9,1.2,5.5,8.5,11.0,0.05555555555555555,0.025396825396825397,0.08095238095238094,0.248,1.6,1.8,3.4,1.3,11.2,-0.1,0.1746031746031746,0.07936507936507936,0.8571428571428571,0.07936507936507936,0.4126984126984127,0.031746031746031744,2.761904761904762,0.09523809523809523,0.19047619047619047,2.1,0.995,0.773,0.212,0.01,0.0,0.005,0.79,0.372,0.5,0.0,0.709,1.0,0.404,1.1428571428571428,0.0,0.0,6.62,4.89,1.73,0.54,0.0,1.94,4.78,0.08,0.19,0.27,0.294,0.706,0.51,0.9,1.41,1.37,0.84,0.36,0.64,0.989,0.609,12.5,9.9,1.1,0.1,0.1,2.1,3.0,1.3,0.086,0.102,4.5,4.8,9.2,0.493,0.1,0.0,0.0,0.0,0.0,0.0,0.0,0.0,0.0,0.0,1.2,0.201,1.551,0.8,0.0,0.0,0.0,0.0,1.8,0.332,1.358,1.3,10.13,0.445,-0.034,0.089,96.92,0.844,0.009,0.832
Vit Krejci,PG,23.0,ATL,22.0,14.0,24.6,2.3,4.7,0.49,1.3,3.1,0.412,1.0,1.6,0.639,0.625,0.2,0.3,0.833,0.5,1.9,2.4,2.3,0.6,0.3,0.9,2.2,6.1,122.0,122.0,8.4,0.633,0.654,0.058,2.1,8.6,5.2,11.6,1.2,1.0,15.8,9.8,0.022727272727272728,0.004545454545454546,0.02727272727272727,0.056,-3.3,-0.4,-3.7,-0.2,-1.7,0.6,0.5454545454545454,0.2727272727272727,1.2272727272727273,0.045454545454545456,0.13636363636363635,0.13636363636363635,5.7727272727272725,0.045454545454545456,0.3181818181818182,18.8,0.346,0.144,0.115,0.067,0.019,0.654,0.667,0.583,0.714,0.5,0.696,0.929,0.038,0.18181818181818182,0.279,0.368,3.55,2.0,1.55,1.36,0.0,0.32,0.73,0.14,0.32,0.45,0.3,0.7,0.05,0.36,0.41,0.41,0.09,0.111,0.889,1.0,0.222,22.4,19.3,2.3,0.4,0.0,4.0,6.6,2.7,0.102,0.12,1.4,4.3,5.5,0.553,0.0,0.0,0.0,0.0,0.0,0.0,0.7,0.15,0.842,0.9,0.0,0.0,0.0,0.0,3.3,0.378,1.5,2.2,0.0,0.0,0.0,0.0,9.09,0.51,0.049,0.114,97.72,0.341,0.622,0.311
Jonathan Kuminga,PF,21.0,GSW,74.0,46.0,26.3,6.2,11.6,0.529,0.7,2.2,0.321,5.4,9.4,0.578,0.56,3.0,4.0,0.746,1.2,3.6,4.8,2.2,0.7,0.5,1.6,2.3,16.1,117.0,116.0,17.0,0.598,0.191,0.347,5.2,14.4,9.8,12.5,1.4,1.7,10.9,24.1,0.03648648648648649,0.025675675675675674,0.06216216216216216,0.113,0.0,-0.4,-0.4,0.8,4.2,3.0,0.6621621621621622,0.5,0.8648648648648649,0.22972972972972974,2.1621621621621623,0.16216216216216217,5.594594594594595,0.5135135135135135,0.9864864864864865,9.4,0.809,0.296,0.364,0.109,0.039,0.191,0.749,0.519,0.394,0.353,0.615,0.906,0.182,1.864864864864865,0.279,0.435,4.89,2.96,1.93,1.24,0.01,0.61,1.55,0.34,0.38,0.72,0.472,0.528,0.14,0.49,0.62,0.58,0.24,0.217,0.783,0.956,0.4,30.6,29.8,2.2,0.1,0.6,4.2,5.7,2.8,0.072,0.092,3.0,5.6,8.4,0.574,1.9,1.1,1.1,0.073,1.012,1.1,1.2,0.089,0.929,1.3,0.6,0.035,1.205,0.5,3.4,0.224,0.992,3.4,2.8,0.141,1.299,2.1,10.45,0.459,-0.018,0.123,101.96,0.678,0.134,0.623
Kyle Kuzma,PF,28.0,WAS,70.0,70.0,32.6,8.7,18.8,0.463,2.2,6.4,0.336,6.5,12.3,0.53,0.521,2.7,3.4,0.775,0.9,5.7,6.6,4.2,0.5,0.7,2.7,2.2,22.2,103.0,120.0,15.7,0.547,0.343,0.183,2.8,19.3,10.9,20.7,0.8,1.8,11.9,29.7,-0.014285714285714285,0.015714285714285715,0.002857142857142857,0.004,0.5,-1.6,-1.1,0.5,-11.2,-4.7,1.1,0.9,1.2285714285714286,0.34285714285714286,1.7714285714285714,0.14285714285714285,10.028571428571428,0.5142857142857142,0.7428571428571429,13.7,0.657,0.206,0.272,0.117,0.062,0.343,0.789,0.451,0.357,0.341,0.538,0.788,0.046,0.8142857142857143,0.222,0.41,5.3,3.24,2.06,0.8,0.07,0.44,1.0,0.17,0.2,0.37,0.462,0.538,0.03,0.37,0.4,0.39,0.2,0.071,0.929,0.964,0.5,33.6,40.7,4.2,0.2,0.6,6.7,10.4,5.0,0.126,0.149,2.4,8.6,10.6,0.628,0.7,0.5,1.8,0.104,0.753,2.4,3.2,0.177,0.799,4.0,1.1,0.051,0.963,1.2,5.1,0.221,1.017,5.0,0.7,0.031,1.0,0.7,12.36,0.492,0.009,0.201,103.56,0.589,0.292,0.51
Jock Landale,C,28.0,HOU,56.0,3.0,13.6,1.9,3.7,0.515,0.2,0.7,0.25,1.7,3.0,0.578,0.539,0.9,1.2,0.8,1.6,1.5,3.1,1.2,0.4,0.6,0.6,1.3,4.9,126.0,114.0,15.6,0.584,0.194,0.316,12.2,11.9,12.1,11.8,1.3,4.0,11.7,14.8,0.024999999999999998,0.016071428571428573,0.04107142857142857,0.146,-0.5,0.4,-0.1,0.4,9.6,10.5,0.14285714285714285,0.125,0.6964285714285714,0.19642857142857142,0.5535714285714286,0.05357142857142857,2.7857142857142856,0.125,0.39285714285714285,9.0,0.806,0.388,0.262,0.117,0.039,0.194,0.638,0.519,0.625,0.25,0.75,1.0,0.117,0.35714285714285715,0.1,0.25,4.21,3.34,0.88,0.57,0.0,2.45,5.79,0.18,0.07,0.25,0.714,0.286,0.48,0.64,1.13,1.04,0.59,0.429,0.571,0.983,0.559,12.7,10.7,1.2,0.1,0.1,1.7,2.9,1.4,0.092,0.107,4.3,3.8,8.0,0.439,0.4,0.2,0.0,0.0,0.0,0.0,0.0,0.0,0.0,0.0,2.0,0.37,1.143,1.8,0.3,0.083,0.682,0.4,0.0,0.0,0.0,0.0,7.47,0.443,-0.037,0.113,102.23,0.701,0.109,0.642
Jake LaRavia,PF,22.0,MEM,35.0,6.0,23.0,3.4,8.7,0.389,1.5,4.5,0.34,1.9,4.2,0.442,0.477,2.6,3.1,0.826,1.5,2.2,3.7,1.7,0.8,0.3,1.3,2.0,10.8,109.0,116.0,12.6,0.54,0.515,0.36,6.7,10.9,8.7,11.1,1.8,1.4,11.4,21.1,0.008571428571428572,0.022857142857142857,0.02857142857142857,0.062,-1.4,-1.0,-2.5,-0.1,-6.9,0.5,0.6,0.4,1.1428571428571428,0.17142857142857143,1.3428571428571427,0.02857142857142857,3.8857142857142857,0.2,0.6571428571428571,15.7,0.485,0.218,0.218,0.023,0.026,0.515,0.591,0.303,0.571,0.25,0.569,0.887,0.026,0.22857142857142856,0.167,0.462,3.46,1.66,1.8,1.94,0.0,0.17,0.4,0.2,0.43,0.63,0.318,0.682,0.09,0.34,0.43,0.34,0.23,0.2,0.8,0.8,0.533,22.6,21.9,1.7,0.1,0.1,2.9,3.9,1.9,0.073,0.082,3.1,4.6,7.5,0.571,0.0,0.0,0.0,0.0,0.0,0.0,1.1,0.136,0.685,1.5,0.4,0.025,1.4,0.3,0.0,0.0,0.0,0.0,0.4,0.038,0.933,0.4,9.85,0.496,0.03,0.116,99.45,0.343,0.42,0.322
Zach LaVine,SG,28.0,CHI,25.0,23.0,34.9,6.8,15.0,0.452,2.4,6.8,0.349,4.4,8.3,0.536,0.531,3.5,4.1,0.854,0.3,4.8,5.2,3.9,0.8,0.3,2.1,2.3,19.5,113.0,118.0,15.1,0.578,0.449,0.274,1.0,15.8,8.3,16.8,1.2,0.9,11.0,23.8,0.032,0.024,0.06,0.08,0.8,-0.7,0.1,0.5,-5.2,-4.9,0.84,0.76,0.96,0.24,1.8,0.08,9.48,0.44,0.8,15.7,0.551,0.237,0.136,0.053,0.125,0.449,0.64,0.431,0.5,0.468,0.396,0.525,0.04,0.52,0.183,0.452,5.12,1.92,3.2,1.64,0.0,0.4,0.84,0.28,0.24,0.52,0.538,0.462,0.0,0.12,0.12,0.12,0.12,0.0,1.0,1.0,1.0,42.5,43.7,3.9,0.2,0.7,8.4,10.0,4.8,0.092,0.114,1.6,8.0,9.1,0.568,0.1,0.0,2.0,0.127,0.833,2.4,5.8,0.327,0.942,6.2,0.0,0.0,0.0,0.0,3.3,0.168,1.038,3.2,0.0,0.0,0.0,0.0,11.72,0.464,0.001,0.172,97.91,0.456,0.363,0.333
AJ Lawson,SG,23.0,DAL,42.0,0.0,7.4,1.3,2.9,0.446,0.3,1.2,0.26,1.0,1.7,0.577,0.5,0.4,0.5,0.652,0.3,0.9,1.2,0.5,0.2,0.1,0.3,0.5,3.2,105.0,117.0,11.2,0.519,0.413,0.19,4.9,12.6,8.8,8.9,1.5,0.8,9.6,20.0,0.0,0.007142857142857143,0.004761904761904762,0.036,-3.1,-1.5,-4.6,-0.2,2.7,0.6,0.16666666666666666,0.047619047619047616,0.38095238095238093,0.023809523809523808,0.2857142857142857,0.0,1.2142857142857142,0.047619047619047616,0.19047619047619047,11.8,0.587,0.364,0.198,0.008,0.017,0.413,0.773,0.208,0.0,1.0,0.61,1.0,0.107,0.2857142857142857,0.64,0.25,0.95,0.64,0.31,0.29,0.0,0.19,0.4,0.05,0.12,0.17,0.286,0.714,0.0,0.12,0.12,0.1,0.05,0.0,1.0,0.8,0.4,6.5,5.8,0.5,0.0,0.0,0.7,1.3,0.5,0.075,0.082,1.5,2.7,4.0,0.521,0.0,0.0,0.0,0.0,0.0,0.0,0.0,0.0,0.0,0.0,0.0,0.0,0.0,0.0,0.0,0.0,0.0,0.0,0.0,0.0,0.0,0.0,3.69,0.523,0.063,0.089,107.53,0.603,0.287,0.574
Saben Lee,PG,24.0,PHO,24.0,0.0,7.7,0.8,2.3,0.364,0.1,0.7,0.125,0.8,1.6,0.462,0.382,1.2,1.6,0.744,0.4,0.9,1.3,1.3,0.3,0.1,0.3,0.5,3.0,115.0,115.0,13.5,0.492,0.291,0.709,5.8,12.8,9.5,21.0,1.8,1.4,10.0,18.8,0.008333333333333333,0.008333333333333333,0.016666666666666666,0.099,-2.0,0.6,-1.4,0.0,5.2,2.1,0.16666666666666666,0.0,0.2916666666666667,0.041666666666666664,0.7916666666666666,0.08333333333333333,2.9166666666666665,0.041666666666666664,0.2916666666666667,9.6,0.709,0.382,0.309,0.0,0.018,0.291,0.571,0.353,0.0,0.0,0.5,1.0,0.109,0.16666666666666666,0.625,0.1,0.42,0.13,0.29,0.67,0.0,0.17,0.38,0.21,0.08,0.29,0.714,0.286,0.0,0.04,0.04,0.04,0.04,0.0,1.0,1.0,1.0,10.8,11.7,1.3,0.0,0.1,2.0,3.0,1.4,0.116,0.129,1.3,2.1,3.4,0.638,0.0,0.0,0.0,0.0,0.0,0.0,0.0,0.0,0.0,0.0,0.0,0.0,0.0,0.0,0.0,0.0,0.0,0.0,0.0,0.0,0.0,0.0,3.78,0.471,0.002,0.248,102.11,0.507,0.085,0.507
Alex Len,C,30.0,SAC,48.0,0.0,9.3,1.0,1.7,0.617,0.0,0.1,0.0,1.0,1.6,0.641,0.617,0.4,0.7,0.588,1.0,1.7,2.7,1.0,0.2,0.7,0.6,1.4,2.5,123.0,111.0,14.7,0.625,0.037,0.42,11.3,21.2,16.1,14.4,1.2,6.8,22.0,11.8,0.012499999999999999,0.014583333333333332,0.027083333333333334,0.138,-2.7,2.9,0.2,0.2,14.4,14.7,0.10416666666666667,0.125,0.7708333333333334,0.2916666666666667,0.3333333333333333,0.020833333333333332,2.625,0.08333333333333333,0.20833333333333334,4.9,0.963,0.506,0.37,0.062,0.025,0.037,0.805,0.433,0.4,1.0,0.72,0.0,0.321,0.4166666666666667,0.333,0.0,3.23,2.69,0.54,0.5,0.0,1.96,4.63,0.1,0.04,0.15,0.714,0.286,0.27,0.92,1.19,1.13,0.58,0.228,0.772,0.947,0.491,11.8,8.6,1.0,0.0,0.1,1.5,2.7,1.1,0.088,0.097,2.6,3.6,6.0,0.549,0.1,0.0,0.0,0.0,0.0,0.0,0.0,0.0,0.0,0.0,0.0,0.0,0.0,0.0,0.0,0.0,0.0,0.0,0.0,0.0,0.0,0.0,5.35,0.47,-0.006,0.142,101.73,0.833,0.0,0.8
Kawhi Leonard,SF,32.0,LAC,68.0,68.0,34.3,9.0,17.1,0.525,2.1,4.9,0.417,6.9,12.1,0.569,0.585,3.7,4.2,0.885,1.2,4.9,6.1,3.6,1.6,0.9,1.8,1.4,23.7,124.0,114.0,23.2,0.626,0.289,0.246,4.2,15.6,10.1,16.9,2.4,2.3,8.5,26.5,0.08823529411764706,0.04264705882352941,0.13088235294117648,0.184,4.8,0.6,5.5,4.4,8.5,11.9,0.7794117647058824,0.5588235294117647,0.6470588235294118,0.17647058823529413,1.7941176470588236,0.1323529411764706,8.926470588235293,0.6470588235294118,0.4411764705882353,13.9,0.711,0.168,0.2,0.246,0.097,0.289,0.79,0.539,0.5,0.425,0.451,0.657,0.072,1.1176470588235294,0.193,0.446,5.41,2.9,2.51,2.82,0.04,0.49,1.09,0.56,0.63,1.19,0.469,0.531,0.04,0.74,0.78,0.74,0.28,0.057,0.943,0.943,0.358,30.7,38.6,3.6,0.2,0.6,6.0,9.4,4.4,0.117,0.145,2.7,7.1,9.4,0.647,2.3,0.9,4.4,0.181,1.198,3.7,3.3,0.164,1.004,3.3,0.1,0.009,0.692,0.2,0.0,0.0,0.0,0.0,1.3,0.039,1.611,0.8,12.18,0.476,0.002,0.165,97.77,0.583,0.26,0.445
Caris LeVert,SG,29.0,CLE,68.0,10.0,28.8,5.1,12.1,0.421,1.6,4.9,0.325,3.5,7.2,0.486,0.487,2.3,3.0,0.766,0.6,3.5,4.1,5.1,1.1,0.5,1.7,1.8,14.0,110.0,113.0,14.6,0.524,0.405,0.245,2.3,13.7,8.0,25.7,1.9,1.6,11.4,23.1,0.014705882352941176,0.03823529411764706,0.052941176470588235,0.088,-0.6,0.8,0.2,1.1,3.0,0.7,0.9264705882352942,0.5,0.9411764705882353,0.08823529411764706,1.3529411764705883,0.19117647058823528,12.397058823529411,0.19117647058823528,0.7058823529411765,13.6,0.595,0.261,0.212,0.11,0.012,0.405,0.617,0.379,0.389,0.4,0.414,0.769,0.043,0.4852941176470588,0.175,0.328,3.85,2.01,1.84,2.15,0.0,0.24,0.59,0.25,0.31,0.56,0.447,0.553,0.0,0.35,0.35,0.32,0.15,0.0,1.0,0.917,0.417,36.7,42.4,5.1,0.5,0.5,8.5,13.6,6.1,0.139,0.167,1.7,5.7,7.3,0.575,0.0,0.0,1.3,0.106,0.798,1.6,3.6,0.277,0.863,4.2,0.0,0.0,0.0,0.0,0.0,0.0,0.0,0.0,0.6,0.037,1.132,0.6,10.44,0.445,-0.023,0.258,99.71,0.498,0.34,0.441
Kira Lewis Jr,PG,22.0,TOT,28.0,0.0,9.5,1.2,3.3,0.37,0.1,1.2,0.121,1.1,2.1,0.508,0.391,0.6,0.7,0.85,0.3,0.6,0.9,1.3,0.3,0.1,0.5,0.5,3.2,100.0,119.0,8.6,0.441,0.359,0.217,3.8,7.0,5.4,18.8,1.7,0.7,12.2,18.5,-0.0071428571428571435,0.0071428571428571435,0.0,-0.005,-4.4,-1.4,-5.8,-0.3,-13.3,-14.0,0.32142857142857145,0.03571428571428571,0.25,0.03571428571428571,0.42857142857142855,0.03571428571428571,3.25,0.14285714285714285,0.17857142857142858,13.1,0.641,0.25,0.261,0.076,0.054,0.359,0.609,0.542,0.429,0.0,0.433,0.75,0.011,0.03571428571428571,0.212,0.0,,,,,,,,,,,,,,,,,,,,,,,,,,,,,,,,,,,,,,,,,,,,,,,,,,,,,,,,,,,,,,,,,
Maxwell Lewis,SF,21.0,LAL,34.0,0.0,3.0,0.1,0.6,0.19,0.0,0.3,0.111,0.1,0.4,0.25,0.214,0.1,0.1,0.667,0.1,0.1,0.1,0.2,0.1,0.0,0.3,0.1,0.3,50.0,121.0,-3.9,0.246,0.429,0.143,2.3,2.1,2.2,6.8,0.9,0.8,30.9,13.6,-0.014705882352941176,0.0,-0.011764705882352941,-0.195,-10.3,-3.2,-13.5,-0.3,-37.5,-39.0,0.11764705882352941,0.11764705882352941,0.11764705882352941,0.0,0.029411764705882353,0.0,0.35294117647058826,0.0,0.08823529411764706,14.3,0.571,0.238,0.19,0.048,0.095,0.429,0.2,0.25,0.0,0.5,0.333,1.0,0.048,0.0,0.0,0.0,0.5,0.21,0.29,0.15,0.0,0.0,0.0,0.03,0.0,0.03,1.0,0.0,0.0,0.0,0.0,0.0,0.0,0.0,0.0,0.0,0.0,1.7,1.8,0.2,0.0,0.0,0.3,0.2,0.2,0.091,0.091,1.0,1.7,2.7,0.375,0.0,0.0,0.0,0.0,0.0,0.0,0.0,0.0,0.0,0.0,0.0,0.0,0.0,0.0,0.0,0.0,0.0,0.0,0.0,0.0,0.0,0.0,1.84,0.514,0.05,0.109,105.73,0.545,0.273,0.364
EJ Liddell,PF,23.0,NOP,8.0,0.0,2.9,0.1,0.8,0.167,0.0,0.6,0.0,0.1,0.1,1.0,0.167,0.3,0.3,1.0,0.0,0.6,0.6,0.1,0.3,0.3,0.3,0.3,0.5,56.0,101.0,4.3,0.291,0.833,0.333,0.0,23.9,12.1,5.2,4.3,8.6,22.5,16.8,-0.0125,0.0125,0.0,-0.091,-8.7,4.0,-4.7,0.0,-8.3,-13.1,0.125,0.0,0.25,0.0,0.0,0.0,0.25,0.0,0.0,22.1,0.167,0.167,0.0,0.0,0.0,0.833,1.0,0.0,0.0,0.0,1.0,0.0,0.167,0.125,0.0,0.0,,,,,,,,,,,,,,,,,,,,,,,,,,,,,,,,,,,,,,,,,,,,,,,,,,,,,,,,,,,,,,,,,
Damian Lillard,PG,33.0,MIL,73.0,73.0,35.3,7.4,17.5,0.424,3.0,8.5,0.354,4.4,9.0,0.49,0.51,6.5,7.0,0.92,0.5,3.9,4.4,7.0,1.0,0.2,2.6,1.8,24.3,120.0,118.0,19.6,0.59,0.487,0.403,1.6,11.8,6.8,28.8,1.3,0.6,11.4,28.4,0.07945205479452054,0.02602739726027397,0.10547945205479452,0.143,3.4,-1.3,2.1,2.7,7.0,12.3,1.8904109589041096,0.5342465753424658,0.7945205479452054,0.0958904109589041,2.5342465753424657,0.1917808219178082,16.753424657534246,0.4794520547945205,1.1643835616438356,17.2,0.513,0.194,0.147,0.078,0.094,0.487,0.677,0.314,0.404,0.45,0.196,0.509,0.01,0.1095890410958904,0.058,0.278,2.68,0.93,1.75,2.47,0.07,0.14,0.33,0.33,0.38,0.71,0.462,0.538,0.0,0.15,0.15,0.15,0.08,0.0,1.0,1.0,0.545,52.4,65.2,7.0,0.6,1.2,11.9,17.9,8.8,0.133,0.167,1.8,6.4,8.2,0.545,0.0,0.0,3.1,0.139,0.961,3.2,9.8,0.431,0.99,9.9,0.0,0.0,0.0,0.0,2.7,0.1,1.187,2.3,0.3,0.009,1.467,0.2,12.22,0.453,-0.009,0.284,102.06,0.362,0.372,0.279
Nassir Little,SF,23.0,PHO,45.0,2.0,10.2,1.3,2.8,0.46,0.5,1.6,0.3,0.8,1.2,0.667,0.544,0.4,0.4,0.85,0.3,1.4,1.7,0.5,0.2,0.2,0.3,0.9,3.4,114.0,116.0,9.9,0.572,0.565,0.161,3.6,14.3,9.3,6.1,1.1,1.9,9.5,13.9,0.006666666666666666,0.008888888888888889,0.015555555555555555,0.074,-2.4,-0.6,-3.0,-0.1,-6.8,-11.3,0.2,0.06666666666666667,0.5777777777777777,0.022222222222222223,0.15555555555555556,0.044444444444444446,1.2,0.06666666666666667,0.13333333333333333,16.4,0.435,0.21,0.161,0.032,0.032,0.565,0.769,0.6,0.25,0.75,0.722,1.0,0.097,0.26666666666666666,0.357,0.32,2.02,1.2,0.82,0.29,0.0,0.07,0.18,0.16,0.07,0.22,0.7,0.3,0.02,0.22,0.24,0.22,0.04,0.091,0.909,1.0,0.2,8.6,7.6,0.5,0.1,0.0,1.0,1.3,0.6,0.054,0.064,1.5,3.9,5.2,0.481,0.0,0.0,0.0,0.0,0.0,0.0,0.0,0.0,0.0,0.0,0.0,0.0,0.0,0.0,1.6,0.493,1.014,1.6,0.0,0.0,0.0,0.0,4.95,0.468,0.002,0.068,101.49,0.474,0.414,0.421
Dereck Lively II,C,19.0,DAL,55.0,42.0,23.5,4.0,5.4,0.747,0.0,0.0,0.0,4.0,5.3,0.752,0.747,0.7,1.5,0.506,2.5,4.4,6.9,1.1,0.7,1.4,0.9,2.6,8.8,139.0,112.0,18.1,0.728,0.007,0.274,11.4,20.4,16.0,6.4,1.3,5.2,13.1,12.6,0.056363636363636366,0.03272727272727273,0.0890909090909091,0.183,-0.3,0.8,0.5,0.8,5.8,5.5,0.2909090909090909,0.2,1.6727272727272726,0.2727272727272727,0.7272727272727273,0.03636363636363636,2.727272727272727,0.2,0.36363636363636365,2.4,0.993,0.75,0.23,0.01,0.003,0.007,0.833,0.515,0.0,1.0,0.81,0.0,0.527,2.5636363636363635,1.0,0.0,9.55,7.13,2.42,1.24,0.0,2.82,6.45,0.29,0.24,0.53,0.552,0.448,0.55,0.91,1.45,1.42,1.0,0.375,0.625,0.975,0.688,27.1,15.5,1.1,0.1,0.4,2.1,3.0,1.6,0.04,0.058,5.9,8.1,13.7,0.503,0.2,0.1,0.0,0.0,0.0,0.0,0.0,0.0,0.0,0.0,2.4,0.251,1.385,1.7,0.0,0.0,0.0,0.0,3.3,0.319,1.475,2.2,15.47,0.482,-0.013,0.06,100.89,0.915,0.0,0.911
Isaiah Livers,PF,25.0,DET,23.0,6.0,20.4,1.7,5.0,0.345,1.0,3.3,0.286,0.8,1.7,0.462,0.44,0.5,0.8,0.667,0.7,1.4,2.1,1.1,0.6,0.2,0.7,1.9,5.0,96.0,121.0,5.1,0.46,0.664,0.155,3.5,8.0,5.7,7.0,1.3,0.9,11.4,12.7,-0.013043478260869565,0.008695652173913044,-0.004347826086956522,-0.015,-5.0,-1.5,-6.5,-0.5,-18.5,-11.0,0.2608695652173913,0.17391304347826086,1.4782608695652173,0.043478260869565216,0.30434782608695654,0.0,2.608695652173913,0.043478260869565216,0.34782608695652173,19.2,0.336,0.155,0.086,0.017,0.078,0.664,0.667,0.3,0.0,0.333,0.778,1.0,0.034,0.17391304347826086,0.364,0.286,4.17,2.48,1.7,1.43,0.0,0.52,1.26,0.26,0.17,0.43,0.6,0.4,0.04,0.39,0.43,0.43,0.09,0.1,0.9,1.0,0.2,13.5,12.3,1.1,0.1,0.2,1.4,2.8,1.4,0.08,0.103,1.7,3.7,5.1,0.511,0.0,0.0,0.0,0.0,0.0,0.0,0.0,0.0,0.0,0.0,0.0,0.0,0.0,0.0,2.1,0.464,0.769,2.7,0.0,0.0,0.0,0.0,7.39,0.524,0.053,0.071,103.54,0.316,0.579,0.263
Chris Livingston,SF,20.0,MIL,21.0,0.0,4.3,0.5,1.0,0.5,0.0,0.2,0.2,0.5,0.8,0.588,0.523,0.1,0.2,0.75,0.1,0.9,1.0,0.2,0.1,0.0,0.2,0.7,1.2,101.0,116.0,6.9,0.547,0.227,0.182,3.7,21.5,12.8,7.2,1.1,0.0,17.4,13.8,0.0,0.004761904761904762,0.004761904761904762,0.027,-7.0,-1.0,-8.0,-0.1,-11.5,-14.6,0.047619047619047616,0.14285714285714285,0.47619047619047616,0.047619047619047616,0.09523809523809523,0.0,0.5238095238095238,0.0,0.14285714285714285,7.9,0.773,0.545,0.227,0.0,0.0,0.227,0.667,0.4,0.0,0.0,0.5,1.0,0.045,0.047619047619047616,0.6,0.333,0.38,0.14,0.24,0.19,0.0,0.1,0.29,0.0,0.05,0.05,0.0,1.0,0.0,0.0,0.0,0.0,0.0,0.0,0.0,0.0,0.0,4.0,2.9,0.2,0.0,0.0,0.4,0.5,0.2,0.059,0.059,0.6,2.3,2.8,0.636,0.0,0.0,0.0,0.0,0.0,0.0,0.0,0.0,0.0,0.0,0.0,0.0,0.0,0.0,0.0,0.0,0.0,0.0,0.0,0.0,0.0,0.0,2.58,0.484,0.03,0.075,104.18,0.769,0.115,0.769
Kenneth Lofton Jr,PF,21.0,TOT,21.0,0.0,9.5,1.7,3.7,0.462,0.3,1.1,0.292,1.4,2.6,0.537,0.506,0.8,1.2,0.654,0.6,1.2,1.8,1.6,0.3,0.2,0.7,1.1,4.6,111.0,117.0,14.7,0.537,0.308,0.333,6.6,14.6,10.5,25.7,1.5,2.3,13.5,22.1,0.004761904761904762,0.009523809523809525,0.014285714285714285,0.068,-0.6,0.3,-0.3,0.1,-1.5,4.4,0.19047619047619047,0.23809523809523808,0.5714285714285714,0.23809523809523808,0.7142857142857143,0.047619047619047616,3.857142857142857,0.2857142857142857,0.3333333333333333,13.5,0.692,0.192,0.256,0.128,0.115,0.308,0.8,0.5,0.3,0.444,0.517,1.0,0.051,0.19047619047619047,0.167,0.25,,,,,,,,,,,,,,,,,,,,,,,,,,,,,,,,,,,,,,,,,,,,,,,,,,,,,,,,,,,,,,,,,
Kevon Looney,C,27.0,GSW,74.0,36.0,16.1,1.9,3.1,0.597,0.0,0.0,0.0,1.9,3.1,0.599,0.597,0.8,1.1,0.675,1.9,3.7,5.7,1.8,0.4,0.4,0.7,2.1,4.5,134.0,113.0,15.1,0.62,0.004,0.356,13.1,24.6,18.9,14.1,1.1,2.2,15.6,11.3,0.033783783783783786,0.021621621621621623,0.05405405405405406,0.162,-0.8,1.4,0.6,0.8,2.3,-0.7,0.22972972972972974,0.20270270270270271,1.1081081081081081,0.20270270270270271,0.5540540540540541,0.013513513513513514,4.45945945945946,0.14864864864864866,0.32432432432432434,4.2,0.996,0.485,0.421,0.06,0.03,0.004,0.681,0.541,0.429,0.429,0.676,0.0,0.12,0.32432432432432434,0.0,0.0,5.74,3.92,1.82,0.53,0.0,2.73,6.86,0.24,0.15,0.39,0.621,0.379,0.46,0.88,1.34,1.24,0.77,0.343,0.657,0.948,0.588,24.2,17.5,1.8,0.2,0.3,3.2,4.9,2.3,0.074,0.094,4.1,6.0,9.8,0.585,0.2,0.0,0.1,0.031,0.7,0.1,0.0,0.0,0.0,0.0,0.8,0.154,1.163,0.7,0.0,0.0,0.0,0.0,2.0,0.379,1.223,1.6,10.2,0.464,-0.035,0.148,99.5,0.832,0.0,0.796
Brook Lopez,C,35.0,MIL,79.0,79.0,30.5,4.6,9.6,0.485,1.9,5.1,0.366,2.8,4.4,0.621,0.583,1.4,1.7,0.821,1.5,3.7,5.2,1.6,0.5,2.4,1.0,2.4,12.5,121.0,114.0,14.8,0.608,0.535,0.177,5.4,13.0,9.3,7.1,0.9,6.7,8.8,16.0,0.039240506329113925,0.03544303797468354,0.07468354430379748,0.117,0.2,0.8,1.0,1.8,5.2,6.3,0.27848101265822783,0.24050632911392406,1.4303797468354431,0.4050632911392405,0.8354430379746836,0.0379746835443038,3.8734177215189876,0.25316455696202533,0.27848101265822783,16.6,0.465,0.248,0.122,0.077,0.019,0.535,0.786,0.413,0.431,0.571,0.739,1.0,0.058,0.5316455696202531,0.141,0.404,15.62,13.99,1.63,1.35,0.0,3.08,7.14,0.22,0.29,0.51,0.425,0.575,0.42,1.56,1.97,1.92,0.96,0.212,0.788,0.974,0.487,19.6,21.3,1.6,0.1,0.2,2.3,4.1,1.9,0.082,0.098,2.5,7.8,10.2,0.51,0.8,0.6,0.2,0.019,1.0,0.2,0.0,0.0,0.0,0.0,3.0,0.222,1.179,2.5,0.0,0.0,0.0,0.0,0.0,0.0,0.0,0.0,22.16,0.477,-0.022,0.071,102.16,0.44,0.448,0.416
Robin Lopez,C,35.0,MIL,16.0,2.0,4.1,0.4,1.2,0.368,0.1,0.5,0.25,0.3,0.7,0.455,0.421,0.1,0.1,1.0,0.2,0.1,0.3,0.3,0.1,0.2,0.1,0.4,1.1,100.0,119.0,6.6,0.453,0.421,0.105,5.2,3.3,4.2,7.8,0.7,3.9,9.1,14.5,0.0,0.0,0.0,0.007,-4.7,-1.4,-6.1,-0.1,-17.6,-20.7,0.0,0.125,0.4375,0.0,0.0625,0.0,0.625,0.0,0.0625,14.2,0.579,0.0,0.579,0.0,0.0,0.421,0.0,0.455,0.0,0.0,0.8,1.0,0.0,0.0,0.625,0.4,1.94,1.56,0.38,0.19,0.0,1.13,2.75,0.06,0.0,0.06,1.0,0.0,0.06,0.5,0.56,0.56,0.06,0.111,0.889,1.0,0.111,2.8,3.8,0.3,0.0,0.0,0.4,0.6,0.3,0.091,0.091,1.8,1.3,3.0,0.333,0.3,0.3,0.0,0.0,0.0,0.0,0.0,0.0,0.0,0.0,0.0,0.0,0.0,0.0,0.0,0.0,0.0,0.0,0.0,0.0,0.0,0.0,5.88,0.511,0.014,0.087,104.19,0.556,0.333,0.556
Kevin Love,PF,35.0,MIA,55.0,5.0,16.8,2.9,6.5,0.44,1.5,4.4,0.344,1.3,2.1,0.643,0.557,1.5,2.0,0.787,1.1,5.1,6.1,2.1,0.3,0.2,0.9,1.8,8.8,121.0,109.0,18.5,0.597,0.68,0.301,7.2,34.5,20.7,19.0,1.0,1.1,10.6,21.9,0.030909090909090907,0.02909090909090909,0.06,0.17,2.7,1.0,3.6,1.3,6.9,6.4,0.6181818181818182,0.10909090909090909,1.018181818181818,0.03636363636363636,0.6909090909090909,0.2727272727272727,4.7272727272727275,0.12727272727272726,0.16363636363636364,19.4,0.32,0.139,0.142,0.011,0.028,0.68,0.78,0.569,0.75,0.3,0.622,0.988,0.003,0.0,0.135,0.273,2.22,1.56,0.65,0.75,0.18,0.78,1.75,0.18,0.11,0.29,0.625,0.375,0.4,1.13,1.53,1.44,1.02,0.262,0.738,0.94,0.667,27.9,20.5,2.1,0.2,0.2,3.1,5.1,2.5,0.075,0.088,2.5,8.4,10.5,0.619,0.8,0.4,0.0,0.0,0.0,0.0,0.0,0.0,0.0,0.0,1.1,0.127,1.052,1.1,3.1,0.357,1.049,3.0,0.8,0.055,1.72,0.5,6.98,0.466,-0.031,0.189,99.69,0.305,0.52,0.276
Kyle Lowry,PG,37.0,TOT,60.0,55.0,28.2,2.7,6.3,0.432,1.6,4.2,0.392,1.1,2.1,0.512,0.562,1.1,1.3,0.84,0.6,2.7,3.2,4.2,1.0,0.4,1.4,2.4,8.1,118.0,114.0,10.9,0.594,0.663,0.199,2.2,10.8,6.4,20.1,1.7,1.2,17.2,12.9,0.02666666666666667,0.03166666666666666,0.058333333333333334,0.1,-1.9,0.9,-1.0,0.4,-0.1,-3.1,0.95,0.23333333333333334,1.2833333333333334,0.08333333333333333,0.45,0.5,10.066666666666666,0.08333333333333333,0.2833333333333333,19.7,0.337,0.114,0.111,0.072,0.04,0.663,0.628,0.5,0.333,0.533,0.477,0.806,0.0,0.0,0.248,0.452,2.95,1.22,1.73,1.93,0.32,0.6,1.37,0.23,0.33,0.57,0.412,0.588,0.02,0.33,0.35,0.35,0.1,0.048,0.952,1.0,0.286,46.5,43.1,4.2,0.6,0.4,8.2,10.7,5.0,0.089,0.108,1.8,6.1,7.8,0.434,0.1,0.0,0.1,0.055,0.3,0.4,1.5,0.204,0.919,1.6,0.0,0.0,0.0,0.0,2.7616666666666663,0.31321666666666664,1.0711166666666665,2.5616666666666665,0.4,0.035,1.455,0.3,11.46,0.493,0.029,0.212,97.21,0.267,0.604,0.222
Seth Lundy,SF,23.0,ATL,9.0,0.0,5.8,0.4,1.9,0.235,0.3,1.4,0.231,0.1,0.4,0.25,0.324,0.3,0.4,0.75,0.1,0.7,0.8,0.0,0.0,0.0,0.1,0.7,1.6,82.0,124.0,0.0,0.373,0.765,0.235,2.0,13.1,7.3,0.0,0.0,0.0,5.1,15.8,-0.011111111111111112,0.0,-0.011111111111111112,-0.092,-7.7,-5.0,-12.7,-0.1,-8.0,-5.9,0.0,0.1111111111111111,0.3333333333333333,0.0,0.2222222222222222,0.0,0.0,0.0,0.2222222222222222,21.1,0.235,0.059,0.118,0.0,0.059,0.765,0.0,0.0,0.0,1.0,1.0,1.0,0.0,0.0,0.308,0.25,1.0,0.67,0.33,0.33,0.0,0.0,0.0,0.0,0.0,0.0,0.0,0.0,0.0,0.11,0.11,0.11,0.0,0.0,1.0,1.0,0.0,3.6,3.4,0.0,0.1,0.0,0.2,0.2,0.1,0.0,0.031,1.0,2.5,3.3,0.538,0.0,0.0,0.0,0.0,0.0,0.0,0.0,0.0,0.0,0.0,0.0,0.0,0.0,0.0,0.0,0.0,0.0,0.0,0.0,0.0,0.0,0.0,3.5,0.607,0.191,0.0,102.49,0.143,0.643,0.0
Trey Lyles,PF,28.0,SAC,58.0,0.0,20.0,2.5,5.5,0.445,1.4,3.8,0.384,1.0,1.8,0.578,0.576,0.8,1.2,0.7,1.1,3.4,4.4,1.2,0.3,0.3,0.7,1.5,7.2,120.0,116.0,11.9,0.596,0.682,0.218,5.8,19.4,12.4,8.1,0.7,1.5,9.7,14.4,0.022413793103448276,0.017241379310344827,0.041379310344827586,0.098,-0.4,-0.7,-1.1,0.3,7.0,8.0,0.3793103448275862,0.15517241379310345,0.7931034482758621,0.08620689655172414,0.5862068965517241,0.13793103448275862,3.0689655172413794,0.20689655172413793,0.25862068965517243,18.8,0.318,0.178,0.1,0.022,0.019,0.682,0.754,0.375,0.571,0.0,0.729,1.0,0.025,0.10344827586206896,0.384,0.369,3.59,2.03,1.55,0.84,0.12,0.6,1.4,0.14,0.21,0.34,0.4,0.6,0.17,0.91,1.09,1.05,0.55,0.159,0.841,0.968,0.508,22.2,15.8,1.2,0.1,0.2,2.1,3.2,1.6,0.056,0.072,2.6,5.9,8.2,0.553,0.3,0.2,0.0,0.0,0.0,0.0,0.0,0.0,0.0,0.0,0.9,0.099,1.395,0.7,3.4,0.446,1.135,3.0,0.8,0.07,1.63,0.5,8.41,0.49,0.012,0.079,100.73,0.282,0.601,0.272
Théo Maledon,PG,22.0,TOT,17.0,1.0,12.5,1.2,4.1,0.286,0.3,1.8,0.167,0.9,2.4,0.375,0.321,0.8,0.9,0.933,0.2,1.2,1.4,1.6,0.4,0.0,1.1,1.2,3.5,81.0,121.0,3.2,0.385,0.429,0.214,2.0,10.8,6.3,17.8,1.6,0.0,19.0,19.6,-0.03529411764705882,0.0058823529411764705,-0.029411764705882353,-0.122,-8.3,-2.1,-10.3,-0.5,-14.8,-5.2,0.6470588235294118,0.17647058823529413,0.7647058823529411,0.058823529411764705,0.47058823529411764,0.29411764705882354,3.8823529411764706,0.17647058823529413,0.4117647058823529,15.0,0.571,0.214,0.229,0.086,0.043,0.429,0.533,0.313,0.333,0.0,0.6,1.0,0.0,0.0,0.233,0.286,,,,,,,,,,,,,,,,,,,,,,,,,,,,,,,,,,,,,,,,,,,,,,,,,,,,,,,,,,,,,,,,,
Sandro Mamukelashvili,C,24.0,SAS,46.0,5.0,9.8,1.6,3.4,0.471,0.4,1.4,0.297,1.2,2.0,0.593,0.532,0.5,0.7,0.735,1.0,2.2,3.2,1.1,0.2,0.3,0.4,0.8,4.1,119.0,116.0,15.8,0.559,0.413,0.219,10.7,24.7,17.6,15.4,0.7,2.2,10.1,17.7,0.013043478260869565,0.008695652173913044,0.021739130434782608,0.11,-0.1,-0.4,-0.5,0.2,4.9,12.7,0.1956521739130435,0.13043478260869565,0.3695652173913043,0.043478260869565216,0.3695652173913043,0.021739130434782608,2.5217391304347827,0.043478260869565216,0.2391304347826087,13.4,0.587,0.323,0.213,0.045,0.006,0.413,0.66,0.515,0.429,1.0,0.611,1.0,0.077,0.21739130434782608,0.297,0.263,2.39,1.54,0.85,0.5,0.0,0.48,1.15,0.2,0.2,0.39,0.5,0.5,0.15,0.54,0.7,0.7,0.41,0.219,0.781,1.0,0.594,12.4,9.4,1.1,0.0,0.1,2.0,2.6,1.2,0.086,0.099,2.8,4.8,7.4,0.613,0.1,0.0,0.0,0.0,0.0,0.0,0.0,0.0,0.0,0.0,0.0,0.0,0.0,0.0,0.0,0.0,0.0,0.0,0.0,0.0,0.0,0.0,5.07,0.475,0.0,0.158,104.36,0.568,0.3,0.526
Terance Mann,SG,27.0,LAC,75.0,71.0,25.0,3.4,6.6,0.515,0.9,2.7,0.348,2.4,3.9,0.633,0.587,1.1,1.3,0.832,1.2,2.2,3.4,1.6,0.6,0.2,0.6,1.9,8.8,127.0,119.0,12.0,0.615,0.414,0.193,5.4,9.7,7.7,8.5,1.1,0.7,8.2,13.6,0.04,0.016,0.056,0.106,-0.8,-0.7,-1.5,0.2,2.5,-2.1,0.22666666666666666,0.29333333333333333,0.7066666666666667,0.12,0.6266666666666667,0.09333333333333334,3.8133333333333335,0.14666666666666667,0.38666666666666666,13.1,0.586,0.292,0.193,0.085,0.016,0.414,0.833,0.463,0.405,0.25,0.639,0.944,0.105,0.6,0.515,0.381,2.51,1.59,0.92,0.95,0.01,0.67,1.53,0.19,0.16,0.35,0.538,0.462,0.09,0.31,0.4,0.4,0.21,0.233,0.767,1.0,0.533,21.0,19.0,1.6,0.1,0.1,2.7,3.8,1.7,0.076,0.082,2.5,4.1,6.6,0.543,0.1,0.1,0.0,0.0,0.0,0.0,0.2,0.029,1.059,0.2,0.5,0.06,1.0,0.5,0.0,0.0,0.0,0.0,0.0,0.0,0.0,0.0,8.43,0.502,0.033,0.086,97.71,0.556,0.324,0.535
Tre Mann,PG,22.0,TOT,41.0,28.0,24.1,3.5,7.7,0.459,1.1,3.1,0.373,2.4,4.6,0.516,0.533,1.1,1.4,0.763,0.5,3.1,3.6,4.0,1.2,0.1,1.6,1.2,9.3,110.0,118.0,13.7,0.559,0.399,0.187,2.2,15.0,8.5,24.1,2.5,0.3,16.0,18.2,0.00975609756097561,0.01951219512195122,0.029268292682926828,0.058,-1.7,0.4,-1.3,0.2,-6.1,3.2,0.9512195121951219,0.4634146341463415,0.6097560975609756,0.07317073170731707,0.6829268292682927,0.21951219512195122,9.78048780487805,0.2682926829268293,0.4146341463414634,14.3,0.601,0.237,0.212,0.104,0.047,0.399,0.667,0.433,0.424,0.333,0.194,0.766,0.022,0.0975609756097561,0.198,0.44,2.76,1.22,1.54,2.17,0.02,0.27,0.56,0.27,0.24,0.51,0.524,0.476,0.0,0.17,0.17,0.17,0.0,0.0,1.0,1.0,0.0,32.0,33.9,4.0,0.1,0.6,6.5,10.3,4.8,0.126,0.15,1.4,6.2,7.5,0.567,0.0,0.0,0.8,0.07,0.92,0.9,3.3999999999999995,0.4166666666666667,0.8053333333333332,4.2666666666666675,0.0,0.0,0.0,0.0,1.4,0.26,1.538,0.9,0.0,0.0,0.0,0.0,10.81,0.514,0.052,0.249,97.33,0.513,0.369,0.476
Boban Marjanović,C,35.0,HOU,14.0,0.0,5.1,1.3,2.4,0.529,0.0,0.1,0.0,1.3,2.3,0.563,0.529,0.6,1.0,0.643,0.5,1.8,2.3,0.4,0.1,0.1,0.4,0.4,3.2,112.0,109.0,21.1,0.56,0.059,0.412,10.5,38.2,24.2,13.9,0.7,2.6,11.1,27.0,0.0071428571428571435,0.0071428571428571435,0.014285714285714287,0.128,0.2,-0.5,-0.3,0.0,-10.3,-11.7,0.35714285714285715,0.0,0.35714285714285715,0.0,0.5714285714285714,0.0,1.0,0.2857142857142857,0.21428571428571427,6.7,0.941,0.294,0.529,0.088,0.029,0.059,0.9,0.444,0.333,0.0,0.722,0.0,0.206,0.5,0.0,0.0,,,,,,,,,,,,,,,,,,,,,,,,,,,,,,,,,,,,,,,,,,,,,,,,,,,,,,,,,,,,,,,,,
Lauri Markkanen,PF,26.0,UTA,55.0,55.0,33.1,7.8,16.2,0.48,3.2,8.0,0.399,4.6,8.2,0.559,0.578,4.5,5.0,0.899,2.2,5.9,8.2,2.0,0.9,0.5,1.4,1.8,23.2,128.0,120.0,21.5,0.631,0.493,0.311,7.4,19.6,13.6,9.5,1.3,1.3,7.1,25.0,0.09454545454545454,0.016363636363636365,0.11272727272727273,0.163,5.1,-1.5,3.6,2.6,0.3,9.6,0.5454545454545454,0.41818181818181815,1.0909090909090908,0.2727272727272727,1.8545454545454545,0.16363636363636364,5.0,0.3090909090909091,0.8181818181818182,15.7,0.507,0.175,0.24,0.061,0.03,0.493,0.724,0.5,0.389,0.407,0.742,0.983,0.098,1.4,0.178,0.436,7.76,5.36,2.4,1.4,0.0,1.58,3.67,0.29,0.38,0.67,0.432,0.568,0.15,0.84,0.98,0.98,0.55,0.148,0.852,1.0,0.556,29.8,29.4,2.0,0.1,0.2,3.4,5.2,2.3,0.067,0.076,4.2,8.8,12.7,0.644,1.1,0.6,1.0,0.048,1.038,1.0,0.1,0.014,0.467,0.3,2.5,0.092,1.347,1.8,4.4,0.198,1.12,3.9,2.7,0.089,1.526,1.8,15.2,0.495,0.01,0.09,102.49,0.394,0.411,0.355
Naji Marshall,SF,26.0,NOP,66.0,1.0,19.0,2.6,5.6,0.463,0.9,2.3,0.387,1.7,3.3,0.516,0.542,1.0,1.3,0.791,0.8,2.8,3.6,1.9,0.7,0.2,1.0,1.4,7.1,115.0,113.0,12.7,0.576,0.409,0.234,4.8,16.4,10.6,13.6,1.9,0.9,13.8,16.3,0.015151515151515152,0.024242424242424242,0.0393939393939394,0.1,-1.3,0.5,-0.7,0.4,9.3,6.8,0.5454545454545454,0.21212121212121213,0.696969696969697,0.06060606060606061,0.6212121212121212,0.06060606060606061,4.606060606060606,0.12121212121212122,0.3181818181818182,14.3,0.591,0.218,0.253,0.082,0.038,0.409,0.65,0.43,0.467,0.429,0.563,0.966,0.027,0.13636363636363635,0.54,0.42,2.89,1.42,1.47,1.48,0.02,0.26,0.58,0.21,0.17,0.38,0.56,0.44,0.02,0.47,0.48,0.42,0.2,0.031,0.969,0.875,0.406,24.4,21.6,2.0,0.2,0.2,3.1,4.8,2.2,0.081,0.092,1.6,5.0,6.5,0.578,0.0,0.0,0.2,0.026,1.333,0.2,0.6,0.106,0.755,0.7,0.0,0.0,0.0,0.0,3.4,0.416,1.167,2.9,0.4,0.041,1.421,0.3,7.55,0.428,-0.042,0.139,100.71,0.481,0.373,0.438
Caleb Martin,SF,28.0,MIA,64.0,23.0,27.4,3.8,8.7,0.431,1.3,3.6,0.349,2.5,5.1,0.489,0.504,1.2,1.5,0.778,1.2,3.2,4.4,2.2,0.7,0.5,1.2,2.0,10.0,107.0,113.0,10.8,0.531,0.415,0.177,4.7,13.5,9.1,11.8,1.3,1.6,11.3,17.3,0.003125,0.034375,0.0375,0.066,-2.2,0.2,-2.0,0.0,2.7,1.2,0.5625,0.328125,0.90625,0.109375,0.78125,0.328125,5.609375,0.234375,0.625,14.5,0.585,0.218,0.216,0.072,0.079,0.415,0.598,0.463,0.325,0.409,0.581,0.926,0.036,0.28125,0.353,0.329,3.48,1.83,1.66,1.34,0.14,0.44,1.06,0.2,0.22,0.42,0.481,0.519,0.02,0.48,0.5,0.48,0.14,0.031,0.969,1.0,0.29,27.5,26.5,2.2,0.1,0.2,3.8,5.8,2.5,0.081,0.09,2.2,5.7,7.8,0.575,0.0,0.0,0.4,0.071,0.583,0.8,1.1,0.13,0.818,1.4,0.2,0.019,1.0,0.2,4.1,0.407,0.956,4.3,0.0,0.0,0.0,0.0,12.52,0.436,-0.028,0.118,96.41,0.5,0.38,0.422
Cody Martin,SF,28.0,CHO,28.0,22.0,26.9,2.9,7.7,0.381,1.0,3.1,0.314,2.0,4.6,0.426,0.444,0.7,1.2,0.606,0.7,3.2,3.9,3.7,1.1,0.6,1.6,1.7,7.5,96.0,118.0,9.2,0.46,0.4,0.153,2.8,13.9,8.1,19.1,2.1,2.2,16.1,16.1,-0.024999999999999998,0.017857142857142856,-0.0071428571428571435,-0.012,-4.1,0.6,-3.5,-0.3,-9.5,1.4,0.9285714285714286,0.5357142857142857,1.0714285714285714,0.0,0.6071428571428571,0.2857142857142857,8.892857142857142,0.14285714285714285,0.6785714285714286,14.8,0.6,0.223,0.158,0.098,0.121,0.4,0.667,0.382,0.381,0.077,0.436,0.704,0.033,0.17857142857142858,0.36,0.355,3.04,1.46,1.57,1.79,0.11,0.36,0.89,0.21,0.32,0.54,0.4,0.6,0.07,0.75,0.82,0.82,0.21,0.087,0.913,1.0,0.261,32.3,31.4,3.7,0.4,0.1,5.8,9.6,4.3,0.115,0.132,2.0,5.4,7.2,0.559,0.1,0.1,0.5,0.066,0.722,0.6,1.8,0.26,0.69,2.5,0.0,0.0,0.0,0.0,2.0,0.311,0.671,3.0,0.0,0.0,0.0,0.0,11.11,0.434,-0.032,0.192,98.1,0.521,0.384,0.436
KJ Martin,SF,23.0,TOT,60.0,2.0,12.4,1.6,3.0,0.536,0.1,0.5,0.286,1.5,2.6,0.582,0.558,0.4,0.7,0.537,0.7,1.5,2.2,0.9,0.4,0.2,0.5,1.7,3.7,112.0,115.0,9.9,0.563,0.155,0.227,6.0,13.6,9.7,9.4,1.5,1.5,13.9,13.4,0.005,0.013333333333333334,0.018333333333333333,0.071,-4.0,-0.1,-4.1,-0.4,-0.1,-3.7,0.11666666666666667,0.15,0.6333333333333333,0.2,0.36666666666666664,0.03333333333333333,2.15,0.11666666666666667,0.48333333333333334,5.8,0.845,0.613,0.227,0.0,0.006,0.155,0.649,0.415,0.0,0.0,0.787,1.0,0.227,0.5666666666666667,0.536,0.4,1.65,1.07,0.58,0.68,0.0,0.53,1.27,0.18,0.12,0.3,0.611,0.389,0.03,0.18,0.22,0.2,0.05,0.154,0.846,0.923,0.231,10.8,9.3,0.9,0.1,0.1,1.7,2.3,1.0,0.079,0.096,2.5,2.9,5.3,0.56,0.0,0.0,0.0,0.0,0.0,0.0,0.0,0.0,0.0,0.0,0.4,0.11,0.875,0.4,0.4,0.161,0.714,0.6,1.0,0.211,1.283,0.8,4.68,0.491,0.019,0.094,101.37,0.795,0.107,0.795
Garrison Mathews,SG,27.0,ATL,66.0,5.0,15.0,1.6,3.4,0.456,1.3,2.9,0.44,0.3,0.5,0.545,0.644,0.5,0.6,0.81,0.3,1.1,1.4,0.6,0.3,0.1,0.3,1.7,4.9,131.0,123.0,8.9,0.665,0.854,0.186,1.8,8.6,5.1,4.8,1.0,0.7,7.2,11.1,0.02121212121212121,0.0030303030303030303,0.024242424242424242,0.077,-2.1,-0.9,-3.0,-0.2,-4.2,-2.6,0.12121212121212122,0.09090909090909091,1.121212121212121,0.0,0.2878787878787879,0.5757575757575758,1.393939393939394,0.09090909090909091,0.07575757575757576,22.6,0.146,0.044,0.031,0.053,0.018,0.854,0.8,0.0,0.583,0.75,0.722,0.976,0.0,0.0,0.316,0.459,1.92,0.74,1.18,0.41,0.23,0.18,0.39,0.08,0.06,0.14,0.556,0.444,0.02,0.2,0.21,0.18,0.05,0.071,0.929,0.857,0.214,9.7,9.6,0.6,0.1,0.1,1.0,1.5,0.7,0.058,0.072,0.6,2.5,3.0,0.636,0.0,0.0,0.0,0.0,0.0,0.0,0.0,0.0,0.0,0.0,0.0,0.0,0.0,0.0,2.9,0.574,1.284,2.2,0.0,0.0,0.0,0.0,5.45,0.497,0.041,0.049,101.65,0.111,0.785,0.074
Bennedict Mathurin,SF,21.0,IND,59.0,19.0,26.1,5.0,11.2,0.446,1.4,3.6,0.374,3.7,7.6,0.481,0.507,3.1,3.8,0.821,1.0,2.9,4.0,2.0,0.6,0.2,1.6,2.0,14.5,110.0,121.0,13.0,0.562,0.323,0.338,4.4,12.8,8.6,9.8,1.1,0.7,11.3,23.4,0.013559322033898306,0.011864406779661016,0.02372881355932203,0.045,-1.2,-2.3,-3.4,-0.6,-2.3,-8.7,0.7288135593220338,0.4406779661016949,1.0847457627118644,0.23728813559322035,1.9152542372881356,0.15254237288135594,4.915254237288136,0.4576271186440678,1.2542372881355932,12.4,0.677,0.275,0.253,0.089,0.06,0.323,0.582,0.393,0.458,0.425,0.583,0.75,0.03,0.288135593220339,0.107,0.435,3.08,1.81,1.27,0.9,0.0,0.29,0.61,0.31,0.25,0.56,0.545,0.455,0.05,0.42,0.47,0.47,0.15,0.107,0.893,1.0,0.321,26.3,30.2,2.0,0.1,0.5,3.1,5.0,2.6,0.077,0.098,3.2,5.3,8.2,0.538,0.1,0.1,1.2,0.07,1.169,1.0,2.8,0.226,0.858,3.3,0.3,0.013,1.727,0.2,3.0,0.197,1.055,2.8,1.2,0.067,1.286,1.0,8.61,0.545,0.074,0.105,103.79,0.505,0.28,0.423
Wesley Matthews,SG,37.0,ATL,36.0,3.0,11.5,0.9,2.7,0.351,0.7,1.9,0.348,0.3,0.8,0.357,0.474,0.5,0.7,0.75,0.3,1.2,1.5,0.6,0.4,0.3,0.2,1.2,3.1,112.0,119.0,8.2,0.511,0.711,0.247,2.3,12.1,7.0,6.9,1.9,2.4,6.9,11.7,0.005555555555555556,0.008333333333333333,0.011111111111111112,0.049,-3.1,0.3,-2.8,-0.1,-6.4,-4.6,0.08333333333333333,0.08333333333333333,0.6388888888888888,0.05555555555555555,0.2222222222222222,0.16666666666666666,1.5555555555555556,0.027777777777777776,0.16666666666666666,19.7,0.289,0.113,0.082,0.082,0.01,0.711,0.455,0.375,0.25,0.0,0.9,0.958,0.0,0.0,0.391,0.444,1.42,0.69,0.72,1.17,0.06,0.31,0.81,0.14,0.14,0.28,0.5,0.5,0.08,0.39,0.47,0.47,0.25,0.176,0.824,1.0,0.529,11.1,7.7,0.6,0.0,0.1,1.1,1.5,0.7,0.058,0.06,1.1,3.0,4.2,0.53,0.0,0.0,0.0,0.0,0.0,0.0,0.0,0.0,0.0,0.0,0.0,0.0,0.0,0.0,1.8,0.509,1.102,1.6,0.0,0.0,0.0,0.0,4.97,0.475,0.006,0.078,101.38,0.182,0.655,0.164
Tyrese Maxey,PG,23.0,PHI,70.0,70.0,37.5,9.1,20.3,0.45,3.0,8.1,0.373,6.1,12.1,0.501,0.524,4.7,5.4,0.868,0.5,3.2,3.7,6.2,1.0,0.5,1.7,2.2,25.9,121.0,117.0,19.8,0.573,0.401,0.266,1.5,9.5,5.4,26.7,1.3,1.1,6.8,28.0,0.0842857142857143,0.030000000000000002,0.11571428571428571,0.147,4.1,-1.0,3.1,3.4,4.7,5.0,0.8571428571428571,0.5,0.9571428571428572,0.12857142857142856,2.4714285714285715,0.15714285714285714,14.928571428571429,0.7714285714285715,1.2857142857142858,14.7,0.599,0.222,0.229,0.092,0.056,0.401,0.667,0.406,0.392,0.413,0.343,0.599,0.004,0.08571428571428572,0.072,0.61,3.16,1.46,1.7,1.59,0.04,0.17,0.37,0.29,0.66,0.94,0.303,0.697,0.0,0.56,0.56,0.51,0.11,0.0,1.0,0.947,0.211,60.7,74.0,6.2,0.6,1.3,11.1,16.1,8.1,0.103,0.133,1.9,5.3,7.1,0.532,0.0,0.0,2.6,0.13,0.845,3.1,8.4,0.35,1.005,8.4,0.2,0.007,1.455,0.2,0.0,0.0,0.0,0.0,0.4,0.012,1.4,0.3,11.55,0.46,-0.004,0.257,98.52,0.469,0.35,0.412
Skylar Mays,PG-SG,26.0,TOT,38.0,5.0,11.4,1.7,4.2,0.396,0.4,1.4,0.296,1.2,2.8,0.448,0.447,0.3,0.4,0.765,0.3,0.9,1.1,2.2,0.6,0.1,0.5,0.7,4.1,107.0,118.0,12.0,0.466,0.34,0.107,2.5,8.9,5.6,29.1,2.4,0.8,10.7,18.4,0.002631578947368421,0.007894736842105263,0.010526315789473684,0.044,-2.1,0.1,-2.0,0.0,-13.7,-6.5,0.34210526315789475,0.10526315789473684,0.3684210526315789,0.0,0.18421052631578946,0.07894736842105263,5.368421052631579,0.05263157894736842,0.2631578947368421,13.4,0.66,0.201,0.264,0.151,0.044,0.34,0.406,0.476,0.375,0.714,0.277,0.875,0.038,0.10526315789473684,0.148,0.25,1.71,0.68,1.03,0.63,0.0,0.03,0.08,0.18,0.16,0.34,0.538,0.462,0.0,0.18,0.18,0.18,0.05,0.0,1.0,1.0,0.286,18.7,19.6,2.2,0.1,0.2,3.8,5.6,2.6,0.119,0.136,1.2,2.8,4.0,0.532,0.0,0.0,0.3,0.062,0.6,0.5,2.5,0.401,0.815,3.1,0.0,0.0,0.0,0.0,0.0,0.0,0.0,0.0,0.0,0.0,0.0,0.0,4.77,0.439,-0.021,0.293,99.6,0.606,0.31,0.49
Miles McBride,PG,23.0,NYK,68.0,14.0,19.5,3.0,6.7,0.452,1.6,3.9,0.41,1.4,2.8,0.511,0.572,0.6,0.7,0.86,0.5,1.0,1.5,1.7,0.7,0.1,0.4,1.6,8.3,126.0,116.0,13.1,0.59,0.586,0.11,2.6,5.9,4.2,12.2,1.9,0.5,5.9,16.4,0.03529411764705882,0.01911764705882353,0.052941176470588235,0.131,-0.4,0.4,-0.1,0.6,0.2,-6.8,0.3088235294117647,0.058823529411764705,0.7647058823529411,0.014705882352941176,0.27941176470588236,0.27941176470588236,4.235294117647059,0.07352941176470588,0.3088235294117647,17.8,0.414,0.172,0.081,0.099,0.062,0.586,0.679,0.351,0.444,0.357,0.375,0.899,0.035,0.17647058823529413,0.395,0.457,2.87,1.62,1.25,1.72,0.13,0.31,0.75,0.12,0.13,0.25,0.471,0.529,0.0,0.22,0.22,0.22,0.07,0.0,1.0,1.0,0.333,24.2,26.9,1.7,0.1,0.4,3.0,4.4,2.1,0.069,0.089,1.6,3.4,4.9,0.456,0.0,0.0,0.4,0.056,0.964,0.4,1.4,0.203,0.902,1.5,0.0,0.0,0.0,0.0,3.3,0.376,1.164,2.8,0.3,0.036,1.056,0.3,8.67,0.456,-0.004,0.131,95.4,0.342,0.582,0.26
CJ McCollum,PG,32.0,NOP,66.0,66.0,32.7,7.3,16.0,0.459,3.6,8.4,0.429,3.7,7.5,0.492,0.572,1.7,2.1,0.827,0.6,3.7,4.3,4.6,0.9,0.6,1.7,1.9,20.0,118.0,114.0,17.9,0.592,0.528,0.132,2.0,12.6,7.4,21.4,1.4,1.9,9.0,24.7,0.05303030303030303,0.03636363636363636,0.0893939393939394,0.132,3.3,-0.3,3.1,2.8,3.6,-2.3,0.9242424242424242,0.45454545454545453,1.0303030303030303,0.09090909090909091,0.9848484848484849,0.09090909090909091,10.681818181818182,0.21212121212121213,0.6212121212121212,17.5,0.472,0.107,0.186,0.121,0.058,0.528,0.584,0.464,0.477,0.443,0.392,0.741,0.005,0.07575757575757576,0.12,0.448,4.79,2.3,2.48,1.47,0.02,0.29,0.59,0.47,0.41,0.88,0.534,0.466,0.0,0.44,0.44,0.41,0.23,0.0,1.0,0.931,0.517,46.3,56.3,4.7,0.7,0.6,7.9,12.0,5.9,0.101,0.128,1.4,6.1,7.5,0.581,0.0,0.0,1.2,0.075,0.868,1.4,5.2,0.263,1.05,4.9,0.2,0.01,1.083,0.2,5.9,0.239,1.318,4.4,0.2,0.01,0.833,0.2,12.76,0.471,0.006,0.209,99.19,0.371,0.542,0.283
TJ McConnell,PG,31.0,IND,71.0,4.0,18.2,4.6,8.4,0.556,0.3,0.6,0.409,4.4,7.7,0.568,0.572,0.7,0.9,0.79,0.5,2.2,2.7,5.5,1.0,0.1,1.5,1.1,10.2,121.0,117.0,20.9,0.586,0.074,0.105,3.2,13.6,8.4,41.8,2.6,0.5,14.8,23.7,0.039436619718309855,0.015492957746478875,0.05492957746478873,0.143,2.9,0.1,3.0,1.6,4.6,2.3,0.8591549295774648,0.39436619718309857,0.5915492957746479,0.04225352112676056,0.4647887323943662,0.5070422535211268,13.169014084507042,0.16901408450704225,0.5492957746478874,8.5,0.926,0.241,0.403,0.256,0.025,0.074,0.741,0.527,0.493,0.333,0.317,0.778,0.0,0.0,0.205,0.667,,,,,,,,,,,,,,,,,,,,,,,,,,,,,,,,,,,,,,,,,,,,,,,,,,,,,,,,,,,,,,,,,
Jaden McDaniels,SF,23.0,MIN,72.0,71.0,29.2,4.3,8.7,0.489,1.2,3.5,0.337,3.1,5.2,0.592,0.557,0.8,1.1,0.722,0.8,2.3,3.1,1.4,0.9,0.6,1.2,3.0,10.5,108.0,112.0,9.4,0.571,0.406,0.126,3.2,8.7,6.0,6.8,1.5,1.8,11.6,15.7,0.004166666666666667,0.043055555555555555,0.04722222222222222,0.077,-3.3,0.7,-2.6,-0.3,3.9,-5.6,0.5277777777777778,0.3888888888888889,1.5138888888888888,0.041666666666666664,0.5555555555555556,0.18055555555555555,3.388888888888889,0.19444444444444445,0.3888888888888889,13.6,0.594,0.22,0.237,0.107,0.03,0.406,0.783,0.497,0.507,0.263,0.62,0.988,0.092,0.6805555555555556,0.608,0.361,5.19,3.24,1.96,1.94,0.0,0.18,0.46,0.28,0.35,0.63,0.444,0.556,0.01,0.31,0.32,0.29,0.07,0.043,0.957,0.913,0.217,21.8,22.2,1.4,0.2,0.3,2.6,3.8,1.9,0.064,0.087,2.0,4.5,6.3,0.557,0.2,0.2,0.3,0.025,1.263,0.3,0.5,0.053,0.825,0.6,0.0,0.0,0.0,0.0,5.3,0.513,0.987,5.3,0.7,0.044,1.455,0.5,12.21,0.452,-0.017,0.067,97.36,0.584,0.341,0.51
Jalen McDaniels,SF,26.0,TOR,50.0,1.0,10.8,1.3,3.8,0.344,0.2,1.4,0.169,1.1,2.4,0.449,0.376,0.5,0.7,0.73,0.4,1.2,1.6,0.7,0.4,0.1,0.6,1.0,3.4,86.0,120.0,5.0,0.412,0.376,0.196,3.6,12.7,8.1,9.1,1.7,1.0,12.8,18.7,-0.022000000000000002,0.006,-0.016,-0.074,-7.2,-1.8,-9.0,-1.0,-14.4,-9.2,0.28,0.22,0.5,0.06,0.38,0.04,1.8,0.1,0.36,12.9,0.624,0.201,0.339,0.063,0.021,0.376,0.553,0.453,0.25,0.0,0.679,0.917,0.042,0.14,0.296,0.286,2.02,1.06,0.96,0.82,0.0,0.2,0.42,0.18,0.14,0.32,0.563,0.438,0.0,0.16,0.16,0.16,0.04,0.0,1.0,1.0,0.25,11.5,10.2,0.7,0.0,0.0,1.4,1.7,0.8,0.06,0.068,1.4,2.6,3.9,0.575,0.0,0.0,0.0,0.0,0.0,0.0,0.2,0.055,0.692,0.3,0.2,0.059,0.643,0.3,1.0,0.381,0.544,1.8,0.6,0.102,1.333,0.5,5.52,0.48,0.011,0.105,101.84,0.627,0.213,0.615
Doug McDermott,SF,32.0,TOT,64.0,0.0,14.1,1.9,4.4,0.433,1.5,3.6,0.41,0.5,0.9,0.527,0.599,0.2,0.3,0.579,0.2,0.8,0.9,1.1,0.3,0.0,0.4,1.0,5.5,114.0,122.0,9.1,0.6,0.806,0.067,1.2,6.0,3.6,10.3,0.8,0.2,8.7,14.9,0.009375,0.0046875,0.0140625,0.046,-1.5,-1.9,-3.4,-0.3,-9.1,-5.8,0.28125,0.03125,0.578125,0.046875,0.125,0.0,2.625,0.015625,0.09375,21.9,0.194,0.099,0.042,0.025,0.028,0.806,0.607,0.333,0.571,0.5,0.931,0.979,0.021,0.09375,0.214,0.408,2.11,0.84,1.27,0.23,0.0,0.17,0.36,0.05,0.06,0.11,0.429,0.571,0.0,0.28,0.28,0.25,0.09,0.0,1.0,0.889,0.333,12.2,12.8,1.1,0.1,0.2,1.6,2.8,1.3,0.09,0.11,0.7,2.4,3.0,0.532,0.0,0.0,0.0,0.0,0.0,0.0,0.0,0.0,0.0,0.0,0.0,0.0,0.0,0.0,1.9,0.466,1.0,1.9,0.3,0.061,1.067,0.3,6.05,0.499,0.042,0.097,103.67,0.165,0.803,0.125
JaVale McGee,C,36.0,SAC,46.0,0.0,7.4,1.7,2.9,0.598,0.0,0.2,0.143,1.7,2.7,0.624,0.602,0.6,1.0,0.578,0.9,1.8,2.7,0.4,0.3,0.4,0.7,1.0,4.0,109.0,109.0,19.0,0.609,0.053,0.341,13.6,28.4,20.8,7.6,2.0,5.4,18.3,23.4,0.002173913043478261,0.013043478260869565,0.015217391304347825,0.101,-1.9,0.6,-1.3,0.1,-2.2,-3.9,0.2608695652173913,0.15217391304347827,0.3695652173913043,0.2608695652173913,0.5434782608695652,0.021739130434782608,0.8695652173913043,0.15217391304347827,0.10869565217391304,4.9,0.947,0.492,0.417,0.03,0.008,0.053,0.769,0.509,0.0,0.0,0.769,1.0,0.303,0.7608695652173914,0.0,0.0,2.04,1.52,0.52,0.37,0.0,0.8,1.8,0.07,0.07,0.13,0.5,0.5,0.2,0.37,0.57,0.54,0.41,0.346,0.654,1.0,0.76,7.5,6.3,0.4,0.1,0.0,0.6,1.0,0.5,0.049,0.061,2.1,3.1,4.8,0.66,0.2,0.1,0.0,0.0,0.0,0.0,0.0,0.0,0.0,0.0,0.0,0.0,0.0,0.0,0.0,0.0,0.0,0.0,0.0,0.0,0.0,0.0,3.77,0.434,-0.056,0.076,105.02,0.843,0.016,0.832
Bryce McGowens,SG,21.0,CHO,59.0,14.0,14.9,1.7,3.9,0.439,0.6,1.7,0.333,1.1,2.2,0.523,0.513,1.1,1.4,0.776,0.3,1.4,1.7,0.9,0.4,0.2,0.5,1.3,5.1,111.0,122.0,9.3,0.565,0.443,0.37,2.1,11.2,6.5,8.1,1.2,1.1,10.1,14.9,0.006779661016949153,0.005084745762711864,0.010169491525423728,0.034,-3.7,-1.1,-4.9,-0.6,-13.3,-3.5,0.2542372881355932,0.0847457627118644,0.6440677966101694,0.05084745762711865,0.7627118644067796,0.1694915254237288,2.1016949152542375,0.15254237288135594,0.2711864406779661,13.9,0.557,0.3,0.178,0.03,0.048,0.443,0.58,0.488,0.571,0.273,0.493,0.971,0.03,0.11864406779661017,0.382,0.41,2.14,0.92,1.22,0.47,0.02,0.19,0.47,0.14,0.15,0.29,0.471,0.529,0.0,0.22,0.22,0.2,0.07,0.0,1.0,0.923,0.308,11.2,11.4,0.9,0.0,0.1,1.4,2.1,1.0,0.077,0.092,0.9,3.3,4.1,0.526,0.0,0.0,0.0,0.0,0.0,0.0,1.1,0.205,1.049,1.0,0.0,0.0,0.0,0.0,1.7,0.376,0.884,1.9,0.3,0.05,1.333,0.3,5.91,0.464,-0.004,0.086,99.37,0.444,0.338,0.397
Jordan McLaughlin,PG,27.0,MIN,56.0,0.0,11.2,1.3,2.6,0.483,0.8,1.6,0.472,0.5,1.0,0.5,0.628,0.2,0.3,0.722,0.3,1.0,1.3,2.0,0.6,0.1,0.3,0.6,3.5,136.0,109.0,15.5,0.638,0.614,0.124,3.4,9.4,6.5,23.7,2.8,1.0,11.1,12.1,0.024999999999999998,0.019642857142857146,0.044642857142857144,0.193,1.4,2.9,4.2,1.0,12.6,7.2,0.23214285714285715,0.07142857142857142,0.2857142857142857,0.03571428571428571,0.07142857142857142,0.19642857142857142,4.767857142857143,0.0,0.08928571428571429,17.0,0.386,0.214,0.117,0.028,0.028,0.614,0.613,0.353,0.0,0.75,0.643,0.976,0.0,0.0,0.494,0.432,1.13,0.63,0.5,1.18,0.04,0.18,0.39,0.13,0.23,0.36,0.35,0.65,0.0,0.16,0.16,0.16,0.05,0.0,1.0,1.0,0.333,20.0,18.4,2.0,0.1,0.1,3.3,5.0,2.2,0.098,0.112,0.8,2.6,3.3,0.637,0.0,0.0,0.0,0.0,0.0,0.0,0.4,0.121,1.0,0.4,0.0,0.0,0.0,0.0,1.9,0.46,1.3,1.4,0.0,0.0,0.0,0.0,3.87,0.463,0.001,0.229,100.16,0.287,0.646,0.256
De'Anthony Melton,SG,25.0,PHI,38.0,33.0,26.9,3.7,9.5,0.386,2.0,5.6,0.36,1.6,3.8,0.425,0.493,1.7,2.1,0.835,0.7,3.0,3.7,3.0,1.6,0.4,1.0,2.2,11.1,113.0,113.0,13.4,0.533,0.594,0.219,3.0,12.4,7.6,15.4,2.9,1.4,9.0,18.3,0.021052631578947368,0.03684210526315789,0.05526315789473685,0.099,-0.7,1.2,0.5,0.7,9.6,9.0,0.5526315789473685,0.21052631578947367,0.868421052631579,0.07894736842105263,0.7894736842105263,0.05263157894736842,6.868421052631579,0.18421052631578946,0.5789473684210527,17.6,0.406,0.181,0.153,0.031,0.042,0.594,0.538,0.345,0.273,0.333,0.484,0.792,0.028,0.2631578947368421,0.178,0.342,2.66,1.39,1.26,3.11,0.0,0.29,0.66,0.42,0.45,0.87,0.485,0.515,0.08,0.34,0.42,0.42,0.13,0.188,0.813,1.0,0.313,36.7,32.4,3.0,0.7,0.3,5.2,8.0,3.9,0.082,0.107,2.2,5.6,7.6,0.502,0.0,0.0,0.3,0.046,0.5,0.5,2.7,0.211,1.098,2.4,0.0,0.0,0.0,0.0,3.4,0.294,1.008,3.4,0.0,0.0,0.0,0.0,11.0,0.505,0.04,0.144,101.13,0.295,0.549,0.261
Nathan Mensah,C,25.0,CHO,25.0,0.0,12.3,0.5,1.1,0.429,0.0,0.0,0.0,0.5,1.1,0.429,0.429,0.4,0.5,0.75,1.2,1.4,2.6,0.4,0.2,0.6,0.6,2.6,1.3,104.0,119.0,5.0,0.496,0.0,0.429,10.3,13.6,11.9,3.7,1.0,4.3,29.6,6.8,0.0,0.008,0.004,0.023,-8.7,-0.1,-8.8,-0.5,-21.8,-12.1,0.0,0.12,1.56,0.4,0.2,0.4,0.88,0.0,0.08,4.0,1.0,0.393,0.607,0.0,0.0,0.0,0.545,0.353,0.0,0.0,0.667,0.0,0.107,0.12,0.0,0.0,4.2,3.28,0.92,1.04,0.36,1.96,4.68,0.12,0.0,0.12,1.0,0.0,0.56,0.76,1.32,1.24,0.56,0.424,0.576,0.939,0.424,6.1,3.1,0.4,0.0,0.0,0.5,0.9,0.4,0.059,0.059,3.1,3.1,6.3,0.451,0.0,0.0,0.0,0.0,0.0,0.0,0.0,0.0,0.0,0.0,0.0,0.0,0.0,0.0,0.0,0.0,0.0,0.0,0.0,0.0,0.0,0.0,7.44,0.548,0.061,0.043,99.71,0.727,0.0,0.667
Sam Merrill,SG,27.0,CLE,61.0,1.0,17.5,2.6,6.4,0.402,2.3,5.8,0.404,0.2,0.6,0.385,0.584,0.4,0.5,0.929,0.4,1.6,2.0,1.8,0.3,0.1,0.3,1.2,8.0,125.0,117.0,13.1,0.598,0.901,0.071,2.3,10.2,6.3,14.1,0.9,0.3,4.5,17.5,0.031147540983606555,0.014754098360655738,0.04590163934426229,0.125,1.3,-0.8,0.5,0.7,-0.6,-4.4,0.16393442622950818,0.03278688524590164,0.5245901639344263,0.04918032786885246,0.13114754098360656,0.32786885245901637,4.311475409836065,0.03278688524590164,0.21311475409836064,23.6,0.099,0.041,0.038,0.015,0.005,0.901,0.5,0.467,0.0,0.0,0.8,0.965,0.0,0.0,0.195,0.449,2.07,1.13,0.93,0.66,0.23,0.25,0.61,0.2,0.2,0.39,0.5,0.5,0.0,0.33,0.33,0.31,0.07,0.0,1.0,0.95,0.2,17.9,20.2,1.8,0.2,0.2,2.8,4.6,2.1,0.099,0.12,0.9,3.8,4.6,0.591,0.0,0.0,0.0,0.0,0.0,0.0,0.2,0.052,0.682,0.4,0.4,0.045,1.263,0.3,3.7,0.36,1.467,2.5,0.0,0.0,0.0,0.0,5.81,0.417,-0.039,0.149,97.47,0.062,0.885,0.062
Chimezie Metu,C,26.0,TOT,51.0,12.0,16.8,2.4,4.8,0.504,0.5,1.8,0.298,1.9,2.9,0.633,0.561,1.1,1.3,0.906,0.8,3.0,3.8,0.9,0.8,0.3,1.0,1.4,6.5,112.0,114.0,13.3,0.61,0.385,0.262,5.5,19.6,12.7,7.4,2.4,1.6,16.0,16.2,0.00980392156862745,0.021568627450980395,0.029411764705882353,0.085,-2.1,0.8,-1.3,0.2,-5.0,-2.8,0.39215686274509803,0.45098039215686275,0.8627450980392157,0.0784313725490196,0.6862745098039216,0.058823529411764705,2.176470588235294,0.11764705882352941,0.3137254901960784,12.6,0.615,0.311,0.217,0.061,0.025,0.385,0.803,0.491,0.4,0.333,0.737,0.929,0.156,0.6666666666666666,0.319,0.333,3.37,2.12,1.25,1.47,0.02,0.57,1.25,0.12,0.02,0.14,0.857,0.143,0.12,0.45,0.57,0.53,0.24,0.207,0.793,0.931,0.414,15.2,12.3,0.9,0.1,0.1,1.8,2.4,1.1,0.06,0.072,2.1,5.1,6.8,0.611,0.2,0.2,0.0,0.0,0.0,0.0,0.0,0.0,0.0,0.0,0.5,0.079,1.286,0.4,1.8,0.399,0.944,1.9,1.1176470588235294,0.14490196078431372,1.3356666666666666,0.7725490196078431,7.3,0.464,-0.003,0.08,100.26,0.572,0.253,0.53
Vasilije Micić,PG,30.0,TOT,60.0,21.0,19.6,2.7,6.2,0.43,0.7,2.6,0.279,1.9,3.6,0.537,0.488,1.0,1.3,0.813,0.2,1.2,1.5,4.4,0.5,0.1,1.7,1.1,7.0,105.0,121.0,10.7,0.524,0.416,0.203,1.3,7.1,4.2,31.1,1.3,0.6,19.7,18.8,-0.0016666666666666668,0.006666666666666667,0.006666666666666667,0.015,-2.5,-2.2,-4.6,-0.8,-3.4,1.6,1.05,0.35,0.5333333333333333,0.03333333333333333,0.55,0.1,10.616666666666667,0.11666666666666667,0.55,14.6,0.584,0.276,0.146,0.086,0.076,0.416,0.706,0.296,0.469,0.464,0.353,0.605,0.003,0.016666666666666666,0.084,0.154,,,,,,,,,,,,,,,,,,,,,,,,,,,,,,,,,,,,,,,,,,,,,,,,,,,,,,,,,,,,,,,,,
Khris Middleton,SF,32.0,MIL,55.0,55.0,27.0,5.8,11.7,0.493,1.7,4.5,0.381,4.1,7.2,0.563,0.566,1.8,2.2,0.833,0.7,3.9,4.7,5.3,0.9,0.3,2.3,2.6,15.1,115.0,116.0,17.0,0.595,0.384,0.187,3.0,15.7,9.5,28.9,1.6,0.9,15.4,23.9,0.034545454545454546,0.025454545454545452,0.061818181818181814,0.109,1.1,0.0,1.1,1.2,3.9,1.8,1.309090909090909,0.8,1.2181818181818183,0.10909090909090909,0.8727272727272727,0.2,12.10909090909091,0.16363636363636364,0.4727272727272727,16.7,0.616,0.101,0.159,0.187,0.17,0.384,0.708,0.51,0.517,0.578,0.372,0.702,0.005,0.03636363636363636,0.186,0.413,3.2,1.51,1.69,1.84,0.05,0.25,0.64,0.35,0.31,0.65,0.528,0.472,0.05,0.53,0.58,0.56,0.24,0.094,0.906,1.0,0.419,34.1,35.6,5.3,0.5,0.6,7.7,12.9,6.3,0.156,0.186,1.8,6.7,8.4,0.567,1.1,0.8,1.6,0.097,1.128,1.4,0.0,0.0,0.0,0.0,0.3,0.017,1.0,0.3,3.0,0.176,1.135,2.6,0.5,0.021,1.471,0.3,10.42,0.452,-0.014,0.272,102.11,0.539,0.341,0.266
Brandon Miller,SF,21.0,CHO,74.0,68.0,32.2,6.4,14.6,0.44,2.5,6.7,0.373,3.9,8.0,0.495,0.524,1.9,2.3,0.827,0.8,3.4,4.3,2.4,0.9,0.6,1.8,2.5,17.3,105.0,121.0,13.0,0.552,0.455,0.16,2.7,12.4,7.4,11.6,1.4,1.6,10.2,23.9,-0.004054054054054054,0.013513513513513514,0.010810810810810811,0.015,-0.9,-1.6,-2.6,-0.3,-10.8,-0.5,0.9459459459459459,0.32432432432432434,1.4189189189189189,0.2702702702702703,1.1486486486486487,0.28378378378378377,5.8108108108108105,0.35135135135135137,0.6081081081081081,16.7,0.545,0.141,0.168,0.163,0.073,0.455,0.673,0.412,0.426,0.494,0.493,0.908,0.039,0.527027027027027,0.181,0.393,5.58,2.99,2.59,1.7,0.15,0.51,1.2,0.31,0.35,0.66,0.469,0.531,0.01,0.38,0.39,0.39,0.16,0.034,0.966,1.0,0.414,35.4,38.9,2.4,0.1,0.5,4.4,6.1,3.0,0.067,0.085,1.9,6.2,8.0,0.534,0.1,0.0,0.6,0.049,0.698,0.9,4.4,0.289,0.871,5.0,0.2,0.019,0.708,0.3,4.6,0.247,1.069,4.3,0.5,0.017,1.682,0.3,14.53,0.499,0.024,0.114,98.38,0.457,0.432,0.316
Jordan Miller,SF,24.0,LAC,8.0,0.0,3.5,0.6,1.1,0.556,0.1,0.3,0.5,0.5,0.9,0.571,0.611,0.3,0.3,1.0,0.4,0.3,0.6,0.0,0.0,0.0,0.1,0.3,1.6,130.0,122.0,14.1,0.658,0.222,0.222,12.5,7.8,10.1,0.0,0.0,0.0,9.2,17.0,0.0125,0.0,0.0125,0.116,0.4,-4.2,-3.8,0.0,-22.4,-26.2,0.125,0.0,0.25,0.0,0.125,0.0,0.0,0.0,0.25,9.2,0.778,0.556,0.0,0.111,0.111,0.222,0.8,0.0,0.0,0.0,0.0,1.0,0.222,0.25,1.0,0.5,0.38,0.25,0.13,0.13,0.0,0.0,0.0,0.0,0.0,0.0,0.0,0.0,0.0,0.0,0.0,0.0,0.0,0.0,0.0,0.0,0.0,3.3,2.6,0.0,0.0,0.0,0.1,0.0,0.0,0.0,0.0,1.7,0.7,2.3,0.571,0.0,0.0,0.0,0.0,0.0,0.0,0.0,0.0,0.0,0.0,0.0,0.0,0.0,0.0,0.0,0.0,0.0,0.0,0.0,0.0,0.0,0.0,2.0,0.5,0.06,0.0,105.56,0.615,0.231,0.615
Leonard Miller,SF,20.0,MIN,17.0,0.0,3.1,0.8,1.2,0.65,0.1,0.3,0.4,0.6,0.9,0.733,0.7,0.1,0.1,0.5,0.3,0.9,1.2,0.5,0.1,0.1,0.1,0.3,1.7,148.0,104.0,27.0,0.694,0.25,0.1,11.5,31.3,21.8,25.5,1.9,1.7,4.6,18.6,0.011764705882352941,0.0058823529411764705,0.01764705882352941,0.323,5.9,3.7,9.6,0.2,6.1,-0.4,0.0,0.058823529411764705,0.11764705882352941,0.0,0.058823529411764705,0.0,1.1176470588235294,0.0,0.058823529411764705,10.5,0.75,0.45,0.1,0.1,0.1,0.25,0.778,0.5,0.5,1.0,0.636,1.0,0.0,0.0,0.4,0.5,0.35,0.24,0.12,0.29,0.0,0.0,0.0,0.0,0.0,0.0,0.0,0.0,0.06,0.12,0.18,0.18,0.18,0.333,0.667,1.0,1.0,4.6,2.8,0.5,0.0,0.0,0.5,1.1,0.5,0.101,0.101,1.0,1.3,2.0,0.833,0.0,0.0,0.0,0.0,0.0,0.0,0.0,0.0,0.0,0.0,0.0,0.0,0.0,0.0,0.0,0.0,0.0,0.0,0.0,0.0,0.0,0.0,1.64,0.5,0.056,0.2,110.84,0.759,0.207,0.552
Dariq Whitehead,SF,19.0,BRK,2.0,0.0,12.0,0.5,2.5,0.2,0.0,1.5,0.0,0.5,1.0,0.5,0.2,0.5,1.0,0.5,0.0,2.0,2.0,1.5,0.0,0.5,0.0,0.0,1.5,83.0,118.0,4.9,0.255,0.6,0.4,0.0,18.8,9.1,15.6,0.0,3.8,0.0,10.6,0.0,0.0,0.0,-0.03,-5.5,-2.4,-7.9,0.0,-51.8,-49.2,0.0,0.0,0.0,0.0,0.5,0.0,3.5,0.0,0.5,17.6,0.4,0.0,0.4,0.0,0.0,0.6,0.0,0.5,0.0,0.0,1.0,0.0,0.0,0.0,0.333,0.0,1.0,0.5,0.5,0.0,0.0,0.0,0.0,0.0,0.0,0.0,0.0,0.0,0.0,0.0,0.0,0.0,0.0,0.0,0.0,0.0,0.0,12.0,8.5,1.5,0.0,0.0,2.0,3.5,1.5,0.125,0.125,1.0,5.0,6.0,0.667,0.0,0.0,0.0,0.0,0.0,0.0,0.0,0.0,0.0,0.0,0.0,0.0,0.0,0.0,0.0,0.0,0.0,0.0,0.0,0.0,0.0,0.0,5.5,0.818,0.301,0.143,109.08,0.667,0.0,0.667
Patty Mills,PG,35.0,TOT,32.0,5.0,13.0,1.4,4.1,0.351,0.8,2.7,0.276,0.7,1.4,0.5,0.443,0.3,0.3,1.0,0.3,0.8,1.1,1.1,0.6,0.0,0.5,1.0,4.0,98.0,117.0,7.2,0.467,0.664,0.084,2.3,7.1,4.7,11.1,2.4,0.2,10.5,15.9,-0.009375,0.0125,0.003125,0.009,-5.0,0.4,-4.6,-0.3,1.1,1.2,0.34375,0.09375,0.4375,0.0625,0.09375,0.21875,2.6875,0.03125,0.125,20.2,0.336,0.046,0.122,0.069,0.099,0.664,0.833,0.313,0.556,0.538,0.545,0.958,0.0,0.0,0.276,0.375,0.81,0.28,0.53,0.78,0.09,0.31,0.69,0.22,0.28,0.5,0.438,0.563,0.0,0.16,0.16,0.16,0.0,0.0,1.0,1.0,0.0,10.9,13.0,1.1,0.1,0.1,2.1,3.0,1.3,0.098,0.124,0.8,1.9,2.6,0.686,0.0,0.0,0.0,0.0,0.0,0.0,0.7,0.129,0.75,0.9,0.0,0.0,0.0,0.0,1.51875,0.41053125,0.92265625,1.8875000000000002,0.0,0.0,0.0,0.0,4.5,0.496,0.044,0.108,100.26,0.346,0.567,0.173
Shake Milton,SG,27.0,TOT,48.0,0.0,12.1,1.6,4.1,0.405,0.4,1.3,0.281,1.3,2.7,0.466,0.451,0.8,1.0,0.816,0.3,1.3,1.6,1.3,0.4,0.1,0.6,1.1,4.5,102.0,112.0,9.2,0.499,0.328,0.251,2.8,11.5,7.3,14.4,1.6,0.9,12.5,18.7,-0.004166666666666667,0.016666666666666666,0.012499999999999999,0.048,-4.3,0.6,-3.7,-0.3,-4.2,-10.2,0.4166666666666667,0.14583333333333334,0.75,0.041666666666666664,0.4791666666666667,0.14583333333333334,2.8958333333333335,0.125,0.3541666666666667,13.1,0.672,0.215,0.226,0.205,0.026,0.328,0.69,0.295,0.4,0.6,0.639,0.944,0.0,0.0,0.391,0.4,1.56,0.75,0.81,0.5,0.04,0.08,0.23,0.17,0.1,0.27,0.615,0.385,0.0,0.13,0.13,0.13,0.02,0.0,1.0,1.0,0.167,14.9,15.9,1.3,0.2,0.2,2.7,3.3,1.7,0.084,0.113,1.3,3.3,4.6,0.547,0.0,0.0,0.0,0.0,0.0,0.0,0.8,0.189,0.821,1.0,0.0,0.0,0.0,0.0,1.7,0.354,0.863,1.9,0.0,0.0,0.0,0.0,4.31,0.51,0.051,0.149,103.78,0.565,0.25,0.491
Justin Minaya,SF,24.0,POR,34.0,1.0,11.2,0.6,2.2,0.297,0.4,1.4,0.245,0.3,0.7,0.4,0.378,0.1,0.3,0.556,0.9,0.8,1.6,0.6,0.3,0.3,0.3,1.0,1.8,100.0,120.0,5.8,0.391,0.662,0.122,8.3,8.1,8.2,7.3,1.2,2.4,10.3,9.7,-0.0029411764705882353,0.0058823529411764705,0.0029411764705882353,0.009,-5.1,-0.5,-5.6,-0.3,-9.8,-0.4,0.08823529411764706,0.058823529411764705,0.5294117647058824,0.029411764705882353,0.08823529411764706,0.11764705882352941,1.4705882352941178,0.029411764705882353,0.14705882352941177,17.5,0.338,0.243,0.081,0.014,0.0,0.662,0.556,0.0,0.0,0.0,0.4,0.917,0.041,0.058823529411764705,0.245,0.333,1.74,0.91,0.82,0.97,0.06,0.06,0.15,0.06,0.15,0.21,0.286,0.714,0.03,0.12,0.15,0.15,0.03,0.2,0.8,1.0,0.2,9.9,8.2,0.6,0.0,0.1,1.1,1.5,0.7,0.062,0.074,2.0,2.3,4.2,0.528,0.0,0.0,0.0,0.0,0.0,0.0,0.0,0.0,0.0,0.0,0.0,0.0,0.0,0.0,0.0,0.0,0.0,0.0,0.0,0.0,0.0,0.0,6.48,0.429,-0.033,0.08,97.64,0.328,0.59,0.328
Josh Minott,SF,21.0,MIN,32.0,0.0,2.8,0.5,1.1,0.472,0.1,0.3,0.4,0.4,0.8,0.5,0.528,0.4,0.4,0.857,0.1,0.4,0.5,0.3,0.2,0.2,0.1,0.3,1.6,127.0,105.0,20.4,0.593,0.278,0.389,5.2,15.5,10.6,13.2,2.7,4.9,4.5,21.4,0.00625,0.00625,0.0125,0.222,1.8,3.3,5.1,0.2,8.9,2.4,0.0,0.03125,0.1875,0.0,0.21875,0.0,0.53125,0.09375,0.09375,9.1,0.722,0.444,0.278,0.0,0.0,0.278,0.625,0.3,0.0,0.0,0.615,1.0,0.139,0.125,0.3,0.333,0.78,0.53,0.25,0.47,0.0,0.06,0.13,0.06,0.06,0.13,0.5,0.5,0.0,0.03,0.03,0.03,0.03,0.0,1.0,1.0,1.0,2.3,2.4,0.3,0.0,0.0,0.5,0.6,0.3,0.107,0.12,0.9,1.6,2.3,0.739,0.0,0.0,0.0,0.0,0.0,0.0,0.0,0.0,0.0,0.0,0.0,0.0,0.0,0.0,0.0,0.0,0.0,0.0,0.0,0.0,0.0,0.0,1.82,0.6,0.179,0.119,112.61,0.52,0.24,0.52
Davion Mitchell,PG,25.0,SAC,72.0,4.0,15.3,2.0,4.5,0.452,0.8,2.2,0.361,1.2,2.3,0.539,0.54,0.4,0.6,0.714,0.3,1.1,1.3,1.9,0.2,0.0,0.6,1.2,5.3,114.0,120.0,9.3,0.555,0.489,0.13,1.9,7.9,4.8,16.0,0.7,0.2,11.2,14.9,0.011111111111111112,0.008333333333333333,0.018055555555555557,0.059,-2.4,-1.0,-3.4,-0.4,-2.1,-4.6,0.2777777777777778,0.2222222222222222,0.5694444444444444,0.0,0.25,0.2361111111111111,4.583333333333333,0.08333333333333333,0.1388888888888889,16.2,0.511,0.155,0.192,0.09,0.074,0.489,0.76,0.5,0.31,0.458,0.472,0.965,0.0,0.0,0.291,0.457,1.83,0.69,1.14,0.57,0.07,0.13,0.32,0.13,0.18,0.31,0.409,0.591,0.0,0.17,0.17,0.17,0.04,0.0,1.0,1.0,0.25,22.6,24.4,1.9,0.1,0.3,3.8,4.8,2.2,0.083,0.098,0.9,2.6,3.4,0.57,0.0,0.0,0.2,0.052,0.7,0.3,1.1,0.214,0.963,1.1,0.0,0.0,0.0,0.0,2.3,0.426,1.025,2.3,0.2,0.029,1.364,0.2,5.88,0.485,0.027,0.168,100.05,0.47,0.451,0.38
Donovan Mitchell,SG,27.0,CLE,55.0,55.0,35.3,9.1,19.8,0.462,3.3,9.0,0.368,5.8,10.8,0.539,0.545,5.0,5.8,0.865,0.8,4.3,5.1,6.1,1.8,0.5,2.8,2.1,26.6,117.0,111.0,22.1,0.595,0.454,0.292,2.7,13.4,8.1,28.3,2.6,1.4,11.1,31.4,0.06545454545454546,0.05272727272727273,0.11636363636363636,0.159,4.6,1.2,5.8,3.9,7.2,9.0,1.5818181818181818,0.9454545454545454,1.0,0.10909090909090909,2.2181818181818183,0.07272727272727272,14.690909090909091,0.4727272727272727,0.9818181818181818,16.4,0.546,0.209,0.139,0.097,0.101,0.454,0.702,0.411,0.462,0.455,0.249,0.56,0.019,0.32727272727272727,0.051,0.32,2.96,1.18,1.78,3.05,0.0,0.09,0.2,0.45,0.56,1.02,0.446,0.554,0.0,0.45,0.45,0.42,0.24,0.0,1.0,0.92,0.52,50.9,63.9,6.1,0.6,0.9,11.4,15.9,7.7,0.119,0.151,1.8,6.7,8.4,0.621,0.0,0.0,2.3,0.098,0.933,2.5,9.2,0.386,0.955,9.7,0.0,0.0,0.0,0.0,3.3,0.119,1.098,3.0,0.5,0.014,1.316,0.3,9.09,0.476,0.006,0.268,99.82,0.439,0.373,0.329
Evan Mobley,PF,22.0,CLE,50.0,50.0,30.6,6.4,11.0,0.58,0.4,1.2,0.373,6.0,9.9,0.604,0.6,2.5,3.4,0.719,2.2,7.1,9.4,3.2,0.9,1.4,1.8,2.7,15.7,122.0,109.0,20.1,0.626,0.107,0.31,8.2,25.9,17.2,15.9,1.5,4.2,12.5,20.6,0.055999999999999994,0.054000000000000006,0.11,0.174,0.9,2.0,2.9,1.9,1.4,-2.1,0.56,0.68,1.96,0.18,1.68,0.06,7.78,0.42,0.78,6.5,0.893,0.464,0.337,0.065,0.027,0.107,0.77,0.462,0.361,0.133,0.725,1.0,0.239,2.58,0.424,0.36,10.3,7.34,2.96,2.22,0.0,2.1,4.94,0.32,0.36,0.68,0.471,0.529,0.22,1.5,1.72,1.66,1.12,0.128,0.872,0.988,0.667,43.4,32.6,3.2,0.2,0.4,5.5,8.1,3.7,0.074,0.086,4.5,11.5,15.4,0.606,1.0,0.5,0.6,0.049,0.857,0.7,0.3,0.031,0.727,0.4,2.5,0.17,1.008,2.4,2.1,0.141,1.04,2.0,0.0,0.0,0.0,0.0,17.8,0.455,-0.039,0.155,100.58,0.759,0.084,0.739
Isaiah Mobley,PF,24.0,CLE,10.0,0.0,7.2,1.0,2.4,0.417,0.3,1.0,0.3,0.7,1.4,0.5,0.479,0.0,0.1,0.0,0.3,0.7,1.0,0.6,0.2,0.0,0.2,0.6,2.3,102.0,116.0,8.1,0.471,0.417,0.042,4.7,10.8,7.8,11.5,1.4,0.0,7.6,16.2,0.0,0.01,0.0,0.032,-4.5,-2.1,-6.6,-0.1,-21.7,-24.8,0.0,0.1,0.4,0.1,0.1,0.0,1.7,0.1,0.2,12.3,0.583,0.375,0.167,0.042,0.0,0.417,0.778,0.0,0.0,0.0,0.429,1.0,0.083,0.2,0.4,0.25,1.8,0.7,1.1,0.5,0.0,0.0,0.0,0.0,0.0,0.0,0.0,0.0,0.0,0.3,0.3,0.3,0.0,0.0,1.0,1.0,0.0,10.4,7.4,0.6,0.0,0.0,1.2,1.7,0.6,0.058,0.058,1.2,1.8,3.0,0.667,0.2,0.2,0.0,0.0,0.0,0.0,0.0,0.0,0.0,0.0,0.0,0.0,0.0,0.0,0.0,0.0,0.0,0.0,0.0,0.0,0.0,0.0,4.25,0.5,0.044,0.14,96.44,0.609,0.391,0.609
Malik Monk,SG,25.0,SAC,72.0,0.0,26.0,5.5,12.4,0.443,2.1,5.9,0.35,3.4,6.5,0.528,0.526,2.4,2.8,0.829,0.4,2.6,2.9,5.1,0.6,0.5,2.1,2.2,15.4,113.0,117.0,16.0,0.564,0.474,0.23,1.6,11.3,6.3,28.9,1.2,1.9,13.2,25.9,0.02638888888888889,0.022222222222222223,0.04861111111111111,0.09,1.5,-1.0,0.6,1.2,-1.6,-5.4,1.4444444444444444,0.4305555555555556,1.1388888888888888,0.08333333333333333,1.0694444444444444,0.16666666666666666,12.083333333333334,0.19444444444444445,0.7638888888888888,16.2,0.526,0.169,0.189,0.108,0.06,0.474,0.656,0.456,0.5,0.444,0.464,0.784,0.049,0.5694444444444444,0.132,0.429,3.51,1.92,1.6,1.33,0.03,0.32,0.76,0.24,0.26,0.5,0.472,0.528,0.0,0.13,0.13,0.13,0.01,0.0,1.0,1.0,0.111,35.2,43.9,5.1,0.6,0.7,9.1,13.1,6.4,0.146,0.182,1.7,4.8,6.4,0.49,0.0,0.0,0.8,0.077,0.674,1.2,4.2,0.299,0.907,4.7,0.0,0.0,0.0,0.0,3.0,0.199,0.968,3.1,0.5,0.022,1.32,0.4,8.77,0.464,0.003,0.29,101.94,0.447,0.4,0.364
Moses Moody,SG,21.0,GSW,66.0,9.0,17.5,2.9,6.4,0.462,1.1,3.0,0.36,1.8,3.3,0.555,0.548,1.1,1.4,0.785,1.0,2.0,3.0,0.9,0.6,0.4,0.7,1.4,8.1,117.0,115.0,13.7,0.578,0.476,0.221,6.2,12.1,9.2,6.7,1.8,1.9,8.7,18.4,0.01818181818181818,0.01818181818181818,0.03636363636363636,0.101,-0.2,0.1,-0.1,0.6,3.3,0.7,0.30303030303030304,0.19696969696969696,0.6363636363636364,0.09090909090909091,0.7272727272727273,0.19696969696969696,2.1363636363636362,0.19696969696969696,0.45454545454545453,15.2,0.524,0.179,0.24,0.064,0.04,0.476,0.733,0.475,0.481,0.353,0.582,0.903,0.05,0.25757575757575757,0.27,0.315,2.83,1.39,1.44,1.21,0.15,0.21,0.48,0.27,0.39,0.67,0.409,0.591,0.12,0.32,0.44,0.42,0.17,0.276,0.724,0.966,0.379,12.2,14.9,0.9,0.0,0.2,1.6,2.3,1.1,0.072,0.092,2.4,3.7,5.8,0.565,0.0,0.0,0.2,0.024,1.0,0.2,0.3,0.042,0.857,0.3,0.2,0.02,1.1,0.2,3.1,0.387,1.062,3.0,0.8,0.069,1.457,0.5,6.86,0.421,-0.041,0.07,100.54,0.458,0.405,0.413
Xavier Moon,SG,29.0,LAC,14.0,1.0,8.5,1.1,3.3,0.326,0.1,1.2,0.118,0.9,2.1,0.448,0.348,0.1,0.1,0.5,0.6,0.7,1.3,1.5,0.2,0.2,0.4,0.6,2.4,95.0,118.0,8.1,0.352,0.37,0.043,7.9,9.2,8.5,23.4,1.2,2.3,9.6,19.1,-0.014285714285714287,0.0071428571428571435,-0.0071428571428571435,-0.026,-4.7,-1.4,-6.1,-0.1,-17.5,-21.8,0.2857142857142857,0.07142857142857142,0.42857142857142855,0.0,0.0,0.0,3.5,0.0,0.0,16.2,0.63,0.065,0.217,0.217,0.13,0.37,0.0,0.4,0.6,0.5,0.308,0.5,0.0,0.0,0.059,0.0,0.5,0.29,0.21,0.71,0.0,0.07,0.14,0.0,0.14,0.14,0.0,1.0,0.0,0.0,0.0,0.0,0.0,0.0,0.0,0.0,0.0,15.4,15.6,1.5,0.0,0.1,1.9,3.3,1.6,0.098,0.102,1.7,2.7,4.2,0.64,0.0,0.0,0.0,0.0,0.0,0.0,0.0,0.0,0.0,0.0,0.0,0.0,0.0,0.0,0.0,0.0,0.0,0.0,0.0,0.0,0.0,0.0,5.27,0.517,0.074,0.25,103.65,0.788,0.182,0.485
Taze Moore,SG,25.0,POR,4.0,0.0,10.0,2.0,4.8,0.421,0.3,1.8,0.143,1.8,3.0,0.583,0.447,0.3,0.5,0.5,1.0,1.0,2.0,1.3,0.5,0.0,0.8,1.0,4.5,98.0,117.0,11.8,0.453,0.368,0.105,10.6,11.9,11.2,20.4,2.5,0.0,13.1,24.3,0.0,0.0,0.0,-0.017,-2.5,-0.6,-3.1,0.0,-21.1,-11.8,0.5,0.25,0.5,0.0,0.25,0.25,3.25,0.0,0.0,11.9,0.632,0.368,0.211,0.0,0.053,0.368,1.0,0.0,0.0,0.0,0.429,1.0,0.105,0.5,0.286,0.0,0.25,0.0,0.25,0.75,0.0,0.25,0.5,0.25,0.5,0.75,0.333,0.667,0.0,0.0,0.0,0.0,0.0,0.0,0.0,0.0,0.0,12.5,14.3,1.3,0.0,0.0,2.5,3.5,1.3,0.1,0.1,5.0,4.0,8.0,1.0,0.0,0.0,0.0,0.0,0.0,0.0,0.0,0.0,0.0,0.0,0.0,0.0,0.0,0.0,2.0,0.417,0.8,2.5,0.0,0.0,0.0,0.0,2.5,0.7,0.181,0.208,108.3,0.778,0.167,0.778
Wendell Moore Jr,SG,22.0,MIN,25.0,0.0,3.0,0.4,0.7,0.5,0.0,0.2,0.0,0.4,0.5,0.75,0.5,0.0,0.0,0.0,0.0,0.5,0.5,0.2,0.2,0.0,0.2,0.2,0.7,92.0,106.0,8.6,0.5,0.333,0.0,0.0,17.4,9.1,10.9,3.3,1.2,18.2,13.0,-0.004,0.008,0.004,0.052,-6.1,3.3,-2.8,0.0,-1.6,-8.3,0.04,0.08,0.08,0.0,0.0,0.0,0.56,0.0,0.0,13.0,0.667,0.222,0.167,0.222,0.056,0.333,1.0,0.667,0.75,0.0,0.556,0.0,0.056,0.04,0.333,0.0,,,,,,,,,,,,,,,,,,,,,,,,,,,,,,,,,,,,,,,,,,,,,,,,,,,,,,,,,,,,,,,,,
Ja Morant,PG,24.0,MEM,9.0,9.0,35.3,8.9,18.9,0.471,1.6,5.7,0.275,7.3,13.2,0.555,0.512,5.8,7.1,0.813,0.7,4.9,5.6,8.1,0.8,0.6,3.0,2.1,25.1,116.0,116.0,20.6,0.57,0.3,0.376,2.0,15.8,8.6,42.2,1.1,1.5,12.0,30.4,0.05555555555555555,0.03333333333333333,0.08888888888888889,0.124,2.7,0.4,3.1,0.4,0.3,8.3,1.7777777777777777,1.1111111111111112,0.7777777777777778,0.1111111111111111,3.2222222222222223,0.5555555555555556,19.11111111111111,0.7777777777777778,1.7777777777777777,11.9,0.7,0.288,0.288,0.088,0.035,0.3,0.714,0.49,0.267,0.5,0.288,0.5,0.047,0.6666666666666666,0.098,0.2,3.56,2.0,1.56,1.56,0.11,0.22,0.44,0.33,0.56,0.89,0.375,0.625,0.0,0.67,0.67,0.67,0.11,0.0,1.0,1.0,0.167,50.7,62.7,8.1,0.3,1.3,15.8,19.6,9.8,0.16,0.193,2.3,8.1,10.2,0.543,0.0,0.0,3.0,0.133,1.0,3.0,9.6,0.44,0.97,9.9,0.0,0.0,0.0,0.0,2.7,0.116,1.038,2.6,0.0,0.0,0.0,0.0,14.56,0.557,0.086,0.384,101.08,0.584,0.186,0.549
Marcus Morris,PF,34.0,TOT,49.0,7.0,16.7,2.4,5.4,0.439,1.0,2.4,0.403,1.4,3.0,0.469,0.53,0.7,0.9,0.818,0.5,2.3,2.7,0.7,0.3,0.3,0.6,1.5,6.4,109.0,116.0,9.9,0.558,0.451,0.167,3.1,15.2,9.1,6.1,0.9,1.4,9.6,16.6,0.004081632653061225,0.0163265306122449,0.02040816326530612,0.06,-2.5,-1.3,-3.8,-0.4,-5.1,-9.0,0.30612244897959184,0.08163265306122448,0.8775510204081632,0.12244897959183673,0.3673469387755102,0.0,1.6734693877551021,0.08163265306122448,0.12244897959183673,18.1,0.549,0.072,0.121,0.178,0.178,0.451,0.684,0.375,0.511,0.404,0.471,0.938,0.008,0.04081632653061224,0.294,0.429,,,,,,,,,,,,,,,,,,,,,,,,,,,,,,,,,,,,,,,,,,,,,,,,,,,,,,,,,,,,,,,,,
Markieff Morris,PF,34.0,DAL,26.0,1.0,8.3,0.9,2.6,0.338,0.6,1.6,0.357,0.3,1.0,0.308,0.449,0.2,0.2,0.833,0.2,1.3,1.5,0.6,0.2,0.1,0.5,0.5,2.5,92.0,116.0,6.6,0.467,0.618,0.088,2.0,17.6,9.9,9.4,1.1,1.2,14.5,16.4,-0.011538461538461537,0.007692307692307693,-0.0038461538461538464,-0.014,-4.0,-1.3,-5.3,-0.2,-14.4,-17.5,0.23076923076923078,0.15384615384615385,0.23076923076923078,0.038461538461538464,0.11538461538461539,0.0,1.5,0.0,0.07692307692307693,20.4,0.382,0.044,0.103,0.118,0.118,0.618,0.333,0.429,0.25,0.25,0.5,0.867,0.0,0.0,0.238,0.5,1.54,1.08,0.46,0.42,0.0,0.46,1.08,0.12,0.12,0.23,0.5,0.5,0.08,0.46,0.54,0.5,0.27,0.143,0.857,0.929,0.5,7.8,7.5,0.6,0.0,0.0,0.8,1.6,0.7,0.082,0.087,0.7,3.6,4.1,0.551,0.2,0.0,0.0,0.0,0.0,0.0,0.0,0.0,0.0,0.0,0.0,0.0,0.0,0.0,0.0,0.0,0.0,0.0,0.0,0.0,0.0,0.0,4.08,0.51,0.055,0.106,104.7,0.242,0.682,0.152
Monte Morris,PG,28.0,TOT,33.0,0.0,14.4,1.9,4.6,0.405,0.8,2.1,0.386,1.1,2.5,0.422,0.493,0.4,0.6,0.684,0.2,1.5,1.7,2.1,0.6,0.3,0.2,0.4,5.0,118.0,111.0,13.2,0.508,0.458,0.124,1.7,11.5,6.8,20.0,2.0,1.7,4.2,15.5,0.015151515151515152,0.02121212121212121,0.03636363636363636,0.123,-0.8,1.5,0.7,0.3,8.8,4.8,0.18181818181818182,0.030303030303030304,0.21212121212121213,0.0,0.21212121212121213,0.12121212121212122,5.2727272727272725,0.06060606060606061,0.18181818181818182,17.7,0.542,0.111,0.098,0.203,0.131,0.458,0.588,0.2,0.419,0.45,0.314,0.926,0.0,0.0,0.3,0.476,1.18,0.64,0.55,0.94,0.03,0.06,0.12,0.12,0.18,0.3,0.4,0.6,0.0,0.12,0.12,0.12,0.03,0.0,1.0,1.0,0.25,22.5,22.3,2.1,0.1,0.2,3.2,5.4,2.4,0.093,0.105,0.6,3.0,3.6,0.564,0.0,0.0,0.3,0.076,0.8,0.4,1.190909090909091,0.26581818181818184,0.8656363636363638,1.4090909090909092,0.0,0.0,0.0,0.0,2.4,0.371,1.327,1.8,0.0,0.0,0.0,0.0,5.31,0.453,-0.004,0.199,99.42,0.427,0.494,0.232
Trey Murphy III,SF,23.0,NOP,57.0,23.0,29.6,4.8,10.9,0.443,3.0,7.8,0.38,1.9,3.1,0.602,0.579,2.2,2.6,0.815,0.7,4.2,4.9,2.2,0.9,0.5,0.6,1.2,14.8,127.0,114.0,16.3,0.612,0.717,0.243,2.8,15.5,9.2,10.2,1.5,1.6,4.7,18.6,0.05964912280701754,0.03508771929824561,0.09473684210526316,0.154,2.5,0.0,2.5,1.9,7.3,4.6,0.3157894736842105,0.19298245614035087,0.7368421052631579,0.03508771929824561,1.0,0.14035087719298245,5.333333333333333,0.21052631578947367,0.2807017543859649,20.3,0.283,0.142,0.1,0.027,0.014,0.717,0.795,0.419,0.471,0.222,0.679,0.893,0.068,0.6666666666666666,0.2,0.404,4.07,1.96,2.11,1.67,0.02,0.37,0.84,0.23,0.37,0.6,0.382,0.618,0.0,0.4,0.4,0.4,0.18,0.0,1.0,1.0,0.435,27.8,28.1,2.2,0.2,0.3,3.6,5.8,2.7,0.079,0.096,1.8,6.2,7.6,0.647,0.0,0.0,0.4,0.033,1.087,0.4,0.9,0.057,1.35,0.7,0.9,0.05,1.486,0.6,5.8,0.399,1.181,4.9,0.0,0.0,0.0,0.0,10.37,0.415,-0.055,0.104,99.46,0.252,0.602,0.24
Dejounte Murray,SG,27.0,ATL,78.0,78.0,35.7,8.6,18.8,0.459,2.6,7.1,0.363,6.0,11.7,0.518,0.528,2.7,3.4,0.794,0.8,4.5,5.3,6.4,1.4,0.3,2.6,1.8,22.5,114.0,119.0,17.7,0.555,0.379,0.179,2.3,14.4,8.1,27.9,1.9,0.8,11.3,26.6,0.0423076923076923,0.020512820512820513,0.06282051282051282,0.084,2.3,-0.6,1.7,2.6,-3.2,-3.1,1.5,0.7564102564102564,0.7307692307692307,0.1794871794871795,1.4871794871794872,0.10256410256410256,15.653846153846153,0.3717948717948718,0.8846153846153846,14.9,0.621,0.17,0.191,0.181,0.079,0.379,0.581,0.464,0.521,0.509,0.261,0.706,0.011,0.1794871794871795,0.222,0.431,3.59,1.73,1.86,3.01,0.0,0.15,0.38,0.33,0.42,0.76,0.441,0.559,0.0,0.24,0.24,0.24,0.12,0.0,1.0,1.0,0.474,56.7,64.7,6.4,0.7,0.8,11.7,16.9,7.9,0.114,0.139,2.0,7.5,9.4,0.567,0.0,0.0,3.9,0.156,1.097,3.6,6.4,0.329,0.858,7.5,0.0,0.0,0.0,0.0,4.6,0.174,1.152,4.0,0.3,0.014,1.0,0.3,12.68,0.507,0.036,0.274,101.33,0.537,0.344,0.391
Jamal Murray,PG,26.0,DEN,59.0,59.0,31.5,8.0,16.7,0.481,2.5,5.8,0.425,5.6,10.9,0.51,0.554,2.7,3.1,0.853,0.7,3.4,4.1,6.5,1.0,0.7,2.1,1.8,21.2,119.0,114.0,20.7,0.586,0.346,0.187,2.6,11.6,7.2,31.2,1.5,1.8,10.5,27.9,0.06440677966101695,0.03559322033898305,0.1,0.153,4.5,-0.4,4.1,2.9,8.6,5.7,1.4576271186440677,0.559322033898305,1.2033898305084745,0.06779661016949153,1.1016949152542372,0.11864406779661017,14.830508474576272,0.2711864406779661,0.864406779661017,15.2,0.654,0.166,0.167,0.169,0.151,0.346,0.652,0.461,0.455,0.47,0.337,0.6,0.019,0.3220338983050847,0.111,0.289,5.56,2.81,2.75,1.83,0.02,0.29,0.66,0.29,0.36,0.64,0.447,0.553,0.07,0.15,0.22,0.22,0.08,0.308,0.692,1.0,0.385,46.7,58.4,6.5,0.6,0.9,10.7,15.7,8.0,0.138,0.17,1.7,5.4,7.0,0.6,0.9,0.5,1.8,0.091,0.972,1.8,7.1,0.349,1.022,7.0,0.0,0.0,0.0,0.0,2.2,0.091,1.204,1.8,1.0,0.031,1.568,0.6,14.19,0.448,-0.022,0.296,97.75,0.526,0.348,0.336
Keegan Murray,SF,23.0,SAC,77.0,77.0,33.6,5.8,12.7,0.454,2.4,6.6,0.358,3.4,6.0,0.56,0.548,1.3,1.6,0.831,1.4,4.1,5.5,1.7,1.0,0.8,0.8,2.7,15.2,117.0,116.0,13.3,0.569,0.524,0.127,4.5,13.9,9.1,6.9,1.5,2.1,5.9,18.1,0.03376623376623377,0.03376623376623377,0.06753246753246754,0.096,-0.4,-0.5,-0.9,0.8,2.2,2.6,0.4025974025974026,0.2727272727272727,1.4675324675324675,0.09090909090909091,0.7272727272727273,0.23376623376623376,4.142857142857143,0.14285714285714285,0.5194805194805194,17.3,0.476,0.139,0.149,0.112,0.076,0.524,0.728,0.559,0.477,0.378,0.746,0.978,0.084,0.935064935064935,0.252,0.326,5.47,3.83,1.64,1.65,0.17,0.34,0.83,0.36,0.47,0.83,0.438,0.563,0.12,0.69,0.81,0.74,0.3,0.145,0.855,0.95,0.383,28.5,28.5,1.7,0.1,0.5,2.6,4.4,2.3,0.059,0.08,2.8,6.9,9.5,0.573,0.1,0.1,0.3,0.017,1.167,0.2,0.4,0.044,0.617,0.6,0.2,0.01,1.455,0.1,4.9,0.311,1.11,4.4,1.5,0.073,1.468,1.0,12.66,0.488,0.013,0.068,99.8,0.444,0.468,0.352
Kris Murray,SF,23.0,POR,62.0,29.0,21.7,2.3,5.9,0.396,0.8,3.0,0.268,1.5,3.0,0.525,0.463,0.6,0.9,0.661,1.4,2.2,3.6,1.3,0.9,0.3,0.9,1.5,6.1,103.0,118.0,9.0,0.481,0.5,0.153,6.7,12.3,9.3,8.4,1.9,1.4,12.3,14.1,-0.0064516129032258064,0.016129032258064516,0.01129032258064516,0.024,-3.5,-0.2,-3.6,-0.6,-6.3,4.6,0.5483870967741935,0.22580645161290322,0.8064516129032258,0.06451612903225806,0.5,0.08064516129032258,3.225806451612903,0.16129032258064516,0.41935483870967744,14.1,0.5,0.287,0.18,0.03,0.003,0.5,0.657,0.333,0.455,0.0,0.5,0.98,0.06,0.3387096774193548,0.475,0.299,2.89,1.95,0.94,1.52,0.02,0.32,0.79,0.18,0.21,0.39,0.458,0.542,0.13,0.39,0.52,0.48,0.19,0.25,0.75,0.938,0.375,17.5,14.1,1.3,0.1,0.1,2.4,3.3,1.4,0.072,0.083,3.6,4.5,8.0,0.52,0.0,0.0,0.0,0.0,0.0,0.0,0.2,0.045,0.5,0.3,0.2,0.034,0.667,0.2,2.5,0.417,0.822,3.0,0.3,0.034,1.333,0.2,6.98,0.488,0.017,0.083,98.81,0.511,0.391,0.511
Mike Muscala,C,32.0,TOT,53.0,6.0,11.3,1.1,2.9,0.359,0.5,1.8,0.292,0.5,1.1,0.467,0.449,0.3,0.5,0.68,0.7,1.6,2.4,0.7,0.2,0.2,0.4,1.0,3.0,102.0,120.0,7.5,0.47,0.615,0.16,7.0,15.8,11.3,7.6,0.7,1.8,11.6,13.4,-0.0037735849056603774,0.005660377358490566,0.0018867924528301887,0.009,-3.9,-1.4,-5.3,-0.5,-7.4,-1.1,0.20754716981132076,0.11320754716981132,0.6037735849056604,0.05660377358490566,0.16981132075471697,0.07547169811320754,1.7547169811320755,0.03773584905660377,0.18867924528301888,18.2,0.385,0.167,0.103,0.058,0.058,0.615,0.615,0.375,0.333,0.333,0.643,1.0,0.032,0.07547169811320754,0.24,0.391,3.83,2.89,0.94,0.42,0.0,1.15,2.85,0.11,0.04,0.15,0.75,0.25,0.15,0.6,0.75,0.7,0.3,0.2,0.8,0.925,0.4,12.6,9.3,0.7,0.0,0.0,1.0,1.8,0.7,0.054,0.057,1.7,3.7,5.3,0.551,0.1,0.0,0.0,0.0,0.0,0.0,0.0,0.0,0.0,0.0,0.6,0.155,0.778,0.8,1.4054054054054055,0.3402162162162162,0.9285675675675675,1.5,0.0,0.0,0.0,0.0,6.51,0.5,0.01,0.082,103.13,0.357,0.535,0.318
Svi Mykhailiuk,SF,26.0,BOS,41.0,2.0,10.1,1.4,3.3,0.416,1.0,2.6,0.389,0.4,0.7,0.517,0.569,0.1,0.2,0.667,0.3,1.0,1.2,0.9,0.3,0.0,0.3,0.5,4.0,119.0,115.0,11.7,0.575,0.788,0.066,3.0,10.0,6.7,11.0,1.3,0.2,7.8,16.1,0.012195121951219513,0.00975609756097561,0.021951219512195124,0.106,-0.9,-0.9,-1.8,0.0,16.9,6.3,0.2682926829268293,0.0,0.36585365853658536,0.024390243902439025,0.0975609756097561,0.0975609756097561,1.975609756097561,0.024390243902439025,0.0975609756097561,21.9,0.212,0.109,0.036,0.051,0.015,0.788,0.667,0.8,0.143,0.0,0.733,0.929,0.036,0.07317073170731707,0.278,0.533,0.95,0.46,0.49,0.56,0.0,0.1,0.24,0.15,0.05,0.2,0.75,0.25,0.0,0.12,0.12,0.12,0.0,0.0,1.0,1.0,0.0,8.3,8.3,0.9,0.1,0.1,1.3,2.2,1.1,0.103,0.135,0.8,2.5,3.2,0.63,0.0,0.0,0.0,0.0,0.0,0.0,0.1,0.065,0.6,0.2,0.0,0.0,0.0,0.0,1.6,0.364,1.179,1.4,0.0,0.0,0.0,0.0,3.28,0.356,-0.093,0.104,98.98,0.185,0.778,0.173
Larry Nance Jr,C,31.0,NOP,61.0,0.0,19.9,2.3,4.0,0.573,0.4,1.1,0.415,1.8,2.9,0.631,0.629,0.8,1.0,0.77,1.5,3.5,5.0,1.9,1.0,0.3,0.8,1.6,5.7,131.0,111.0,14.9,0.653,0.27,0.253,8.7,19.3,14.1,12.1,2.5,1.5,15.5,11.3,0.03442622950819672,0.031147540983606555,0.06721311475409836,0.16,-0.2,2.2,2.0,1.2,3.5,-1.6,0.4098360655737705,0.14754098360655737,0.7213114754098361,0.18032786885245902,0.45901639344262296,0.2459016393442623,4.459016393442623,0.11475409836065574,0.2459016393442623,9.8,0.73,0.411,0.245,0.062,0.012,0.27,0.727,0.525,0.4,0.667,0.766,0.963,0.22,0.7540983606557377,0.585,0.421,,,,,,,,,,,,,,,,,,,,,,,,,,,,,,,,,,,,,,,,,,,,,,,,,,,,,,,,,,,,,,,,,
Pete Nance,PF,23.0,CLE,8.0,0.0,3.4,0.1,0.8,0.167,0.1,0.1,1.0,0.0,0.6,0.0,0.25,0.0,0.3,0.0,0.0,0.4,0.4,0.0,0.1,0.0,0.1,0.3,0.4,40.0,114.0,-3.9,0.218,0.167,0.333,0.0,12.3,6.2,0.0,1.8,0.0,12.7,12.9,-0.0125,0.0,-0.0125,-0.154,-11.9,-3.2,-15.2,-0.1,-46.9,-49.9,0.0,0.0,0.25,0.0,0.0,0.0,0.0,0.0,0.0,10.2,0.833,0.333,0.167,0.333,0.0,0.167,0.0,0.0,0.0,0.0,0.0,1.0,0.0,0.0,0.0,0.0,0.25,0.13,0.13,0.13,0.0,0.0,0.0,0.0,0.13,0.13,0.0,1.0,0.0,0.25,0.25,0.25,0.0,0.0,1.0,1.0,0.0,2.5,2.3,0.0,0.0,0.0,0.0,0.0,0.0,0.0,0.0,0.0,1.3,1.3,0.75,0.4,0.0,0.0,0.0,0.0,0.0,0.0,0.0,0.0,0.0,0.0,0.0,0.0,0.0,0.0,0.0,0.0,0.0,0.0,0.0,0.0,0.0,1.33,0.5,0.055,0.0,92.14,0.0,1.0,0.0
Andrew Nembhard,PG,24.0,IND,68.0,47.0,25.0,3.8,7.7,0.498,0.9,2.5,0.357,2.9,5.2,0.567,0.557,0.7,0.8,0.804,0.5,1.5,2.1,4.1,0.9,0.1,1.5,2.1,9.2,114.0,121.0,11.3,0.573,0.328,0.107,2.4,7.0,4.7,20.0,1.8,0.3,15.6,16.0,0.01911764705882353,0.010294117647058823,0.029411764705882353,0.057,-1.6,-0.5,-2.2,-0.1,2.1,-1.5,0.7352941176470589,0.4264705882352941,0.9705882352941176,0.11764705882352941,0.4117647058823529,0.2647058823529412,9.838235294117647,0.08823529411764706,0.3088235294117647,14.1,0.672,0.19,0.207,0.197,0.079,0.328,0.737,0.472,0.534,0.488,0.412,0.918,0.002,0.014705882352941176,0.31,0.528,3.21,2.25,0.96,1.6,0.06,0.18,0.49,0.31,0.31,0.62,0.5,0.5,0.01,0.22,0.24,0.24,0.06,0.063,0.938,1.0,0.25,35.6,38.0,4.1,0.3,0.6,6.7,10.3,5.0,0.116,0.14,1.6,3.7,5.2,0.493,0.1,0.0,0.3,0.031,0.9,0.3,2.8,0.345,0.833,3.3,0.0,0.0,0.0,0.0,2.6,0.26,1.06,2.5,0.3,0.025,1.063,0.2,10.45,0.464,-0.003,0.208,101.82,0.636,0.292,0.476
Aaron Nesmith,SF,24.0,IND,72.0,47.0,27.7,4.4,8.8,0.496,1.9,4.6,0.419,2.4,4.2,0.581,0.606,1.5,1.9,0.781,0.9,2.9,3.8,1.5,0.9,0.7,0.9,3.3,12.2,123.0,119.0,12.8,0.631,0.526,0.216,3.6,12.0,7.8,6.6,1.5,2.0,8.4,16.0,0.03888888888888889,0.018055555555555557,0.056944444444444436,0.098,-0.3,-0.2,-0.5,0.8,3.6,1.2,0.4305555555555556,0.1527777777777778,1.9722222222222223,0.18055555555555555,0.875,0.5416666666666666,3.486111111111111,0.3055555555555556,0.7083333333333334,15.2,0.474,0.246,0.167,0.052,0.009,0.526,0.699,0.434,0.485,0.667,0.697,0.986,0.052,0.4305555555555556,0.419,0.436,6.46,4.15,2.31,1.58,0.11,0.22,0.47,0.33,0.32,0.65,0.511,0.489,0.07,0.38,0.44,0.44,0.21,0.156,0.844,1.0,0.469,28.0,24.2,1.5,0.1,0.3,2.3,3.7,1.8,0.054,0.066,2.6,5.7,8.1,0.473,0.0,0.0,0.0,0.0,0.0,0.0,0.0,0.0,0.0,0.0,0.5,0.034,1.48,0.4,4.9,0.399,1.162,4.2,0.5,0.039,1.138,0.4,12.54,0.454,-0.022,0.067,102.47,0.399,0.479,0.363
Georges Niang,PF,30.0,CLE,82.0,10.0,22.3,3.5,7.7,0.449,1.8,4.8,0.376,1.6,2.9,0.572,0.567,0.6,0.7,0.85,0.3,3.1,3.4,1.2,0.4,0.2,0.9,2.3,9.4,109.0,115.0,9.9,0.583,0.627,0.095,1.4,15.5,8.5,7.5,0.8,0.9,9.9,17.6,0.006097560975609756,0.024390243902439025,0.029268292682926828,0.064,-2.5,-0.4,-2.9,-0.4,0.3,-4.4,0.4146341463414634,0.24390243902439024,1.3902439024390243,0.0975609756097561,0.34146341463414637,0.10975609756097561,2.9878048780487805,0.07317073170731707,0.1951219512195122,17.9,0.373,0.12,0.196,0.049,0.008,0.627,0.684,0.524,0.548,0.2,0.741,0.973,0.0,0.0,0.354,0.343,3.73,2.07,1.66,0.88,0.04,0.87,2.06,0.18,0.16,0.34,0.536,0.464,0.0,0.73,0.73,0.72,0.29,0.0,1.0,0.983,0.4,26.7,21.2,1.2,0.2,0.2,2.2,3.2,1.5,0.045,0.056,1.0,5.5,6.2,0.572,0.1,0.0,0.2,0.016,1.083,0.1,0.2,0.03,0.727,0.3,0.5,0.056,1.024,0.5,4.8,0.523,1.029,4.6,0.5,0.04,1.552,0.4,10.14,0.481,0.005,0.075,98.61,0.352,0.582,0.305
Daishen Nix,PG,21.0,MIN,15.0,0.0,3.3,0.6,1.6,0.375,0.4,1.1,0.353,0.2,0.5,0.429,0.5,0.2,0.4,0.5,0.1,0.1,0.2,0.4,0.3,0.0,0.3,0.1,1.8,95.0,106.0,12.3,0.507,0.708,0.25,2.4,4.3,3.4,17.8,4.9,0.0,15.8,28.0,-0.006666666666666667,0.006666666666666667,0.0,0.014,-2.8,1.4,-1.4,0.0,27.3,21.1,0.13333333333333333,0.2,0.06666666666666667,0.0,0.06666666666666667,0.0,1.0,0.0,0.2,19.3,0.292,0.083,0.208,0.0,0.0,0.708,1.0,0.2,0.0,0.0,0.333,0.667,0.042,0.06666666666666667,0.176,0.0,0.2,0.13,0.07,0.4,0.0,0.0,0.0,0.0,0.13,0.13,0.0,1.0,0.0,0.0,0.0,0.0,0.0,0.0,0.0,0.0,0.0,4.2,5.5,0.4,0.0,0.1,0.7,1.1,0.5,0.095,0.111,1.3,1.0,2.3,0.429,0.0,0.0,0.0,0.0,0.0,0.0,0.0,0.0,0.0,0.0,0.0,0.0,0.0,0.0,0.0,0.0,0.0,0.0,0.0,0.0,0.0,0.0,2.67,0.5,0.065,0.14,112.81,0.222,0.667,0.222
Zeke Nnaji,PF,23.0,DEN,58.0,0.0,9.9,1.2,2.6,0.463,0.1,0.4,0.261,1.1,2.2,0.5,0.483,0.7,1.1,0.677,1.1,1.1,2.2,0.6,0.3,0.7,0.5,1.4,3.2,113.0,112.0,12.4,0.528,0.154,0.416,12.1,12.2,12.1,7.0,1.3,5.6,13.3,15.4,0.006896551724137932,0.013793103448275864,0.020689655172413793,0.099,-3.8,0.1,-3.7,-0.2,-12.7,-21.4,0.10344827586206896,0.1206896551724138,0.8103448275862069,0.22413793103448276,0.4482758620689655,0.0,1.3448275862068966,0.10344827586206896,0.39655172413793105,6.1,0.846,0.597,0.215,0.027,0.007,0.154,0.584,0.313,0.25,0.0,0.619,1.0,0.181,0.41379310344827586,0.391,0.222,3.69,2.62,1.07,0.6,0.0,1.5,3.52,0.05,0.07,0.12,0.429,0.571,0.19,0.45,0.64,0.62,0.33,0.297,0.703,1.0,0.528,7.4,7.1,0.5,0.0,0.0,0.7,1.3,0.5,0.072,0.072,3.0,2.5,5.4,0.509,0.2,0.2,0.0,0.0,0.0,0.0,0.0,0.0,0.0,0.0,0.0,0.0,0.0,0.0,0.0,0.0,0.0,0.0,0.0,0.0,0.0,0.0,5.85,0.421,-0.038,0.08,99.31,0.677,0.097,0.677
Jaylen Nowell,SG,24.0,TOT,13.0,1.0,16.5,2.6,6.0,0.436,0.5,2.2,0.207,2.2,3.8,0.571,0.474,0.5,0.7,0.778,0.5,1.4,1.8,1.5,0.3,0.2,0.5,1.2,6.2,104.0,120.0,9.2,0.494,0.372,0.115,3.0,9.6,6.2,13.6,0.9,0.8,7.9,17.8,0.0,0.007692307692307693,0.007692307692307693,0.016,-4.1,-1.4,-5.4,-0.2,-8.5,-0.7,0.46153846153846156,0.0,0.6153846153846154,0.0,0.38461538461538464,0.07692307692307693,4.0,0.07692307692307693,0.15384615384615385,15.7,0.628,0.103,0.269,0.128,0.128,0.372,0.625,0.429,0.7,0.7,0.536,1.0,0.013,0.07692307692307693,0.172,0.2,0.92,0.54,0.38,0.38,0.0,0.08,0.15,0.0,0.08,0.08,0.0,1.0,0.0,0.08,0.08,0.08,0.08,0.0,1.0,1.0,1.0,18.1,20.2,1.5,0.2,0.2,3.1,4.2,1.8,0.081,0.098,1.0,3.6,4.6,0.585,0.0,0.0,0.0,0.0,0.0,0.0,2.4,0.3,1.222,2.0,0.0,0.0,0.0,0.0,2.0,0.267,1.125,1.8,0.0,0.0,0.0,0.0,7.45,0.39,-0.072,0.137,100.37,0.691,0.222,0.395
Markquis Nowell,SG,24.0,TOR,1.0,0.0,4.0,0.0,1.0,0.0,0.0,0.0,0.0,0.0,1.0,0.0,0.0,2.0,2.0,1.0,2.0,0.0,2.0,2.0,1.0,0.0,0.0,0.0,2.0,169.0,100.0,55.5,0.532,0.0,2.0,53.9,0.0,27.5,57.1,12.1,0.0,0.0,20.1,0.0,0.0,0.1,0.665,29.1,14.2,43.3,0.0,57.1,63.6,0.0,0.0,0.0,0.0,1.0,0.0,5.0,0.0,1.0,9.5,1.0,0.0,1.0,0.0,0.0,0.0,0.0,0.0,0.0,0.0,0.0,0.0,0.0,0.0,0.0,0.0,0.0,0.0,0.0,1.0,0.0,0.0,0.0,2.0,0.0,2.0,1.0,0.0,0.0,0.0,0.0,0.0,0.0,0.0,0.0,0.0,0.0,6.0,6.0,2.0,0.0,0.0,4.0,5.0,2.0,0.333,0.333,2.0,0.0,2.0,1.0,0.0,0.0,0.0,0.0,0.0,0.0,0.0,0.0,0.0,0.0,0.0,0.0,0.0,0.0,0.0,0.0,0.0,0.0,0.0,0.0,0.0,0.0,2.0,0.5,0.134,1.0,102.37,0.0,0.0,0.0
Frank Ntilikina,PG,25.0,CHO,5.0,0.0,8.6,0.2,1.8,0.111,0.2,1.6,0.125,0.0,0.2,0.0,0.167,0.4,0.4,1.0,0.2,1.0,1.2,0.8,0.0,0.0,0.2,0.8,1.0,75.0,125.0,0.0,0.253,0.889,0.222,2.5,13.5,7.8,11.5,0.0,0.0,9.2,11.2,-0.02,0.0,-0.02,-0.099,-10.0,-3.4,-13.4,-0.1,-7.0,3.6,0.0,0.2,0.4,0.0,0.2,0.0,2.0,0.0,0.0,24.2,0.111,0.0,0.0,0.0,0.111,0.889,0.0,0.0,0.0,0.0,0.0,1.0,0.0,0.0,0.375,0.0,0.6,0.0,0.6,0.4,0.0,0.2,0.4,0.0,0.0,0.0,0.0,0.0,0.0,0.2,0.2,0.2,0.2,0.0,1.0,1.0,1.0,7.8,8.2,0.8,0.0,0.6,1.2,2.2,1.4,0.103,0.179,0.5,1.8,2.3,0.667,0.0,0.0,0.0,0.0,0.0,0.0,0.0,0.0,0.0,0.0,0.0,0.0,0.0,0.0,0.0,0.0,0.0,0.0,0.0,0.0,0.0,0.0,2.2,0.364,-0.103,0.108,100.14,0.0,0.6,0.0
Jusuf Nurkić,C,29.0,PHO,76.0,76.0,27.3,4.2,8.3,0.51,0.3,1.2,0.244,3.9,7.1,0.555,0.528,2.2,3.4,0.64,2.9,8.1,11.0,4.0,1.1,1.1,2.3,3.3,10.9,114.0,108.0,17.4,0.559,0.144,0.416,12.8,31.7,22.8,19.9,1.9,3.4,19.1,19.1,0.02631578947368421,0.049999999999999996,0.07631578947368421,0.133,-1.0,2.1,1.1,1.6,9.3,12.8,1.0,0.618421052631579,1.6578947368421053,0.5526315789473685,1.5789473684210527,0.013157894736842105,9.078947368421053,0.35526315789473684,0.7631578947368421,6.5,0.856,0.504,0.311,0.03,0.011,0.144,0.63,0.446,0.526,0.286,0.651,1.0,0.104,0.7368421052631579,0.1,0.111,,,,,,,,,,,,,,,,,,,,,,,,,,,,,,,,,,,,,,,,,,,,,,,,,,,,,,,,,,,,,,,,,
Jordan Nwora,SF,25.0,TOT,52.0,1.0,13.7,2.7,5.8,0.462,0.8,2.5,0.336,1.8,3.2,0.56,0.535,0.8,1.0,0.83,0.5,2.3,2.9,1.2,0.5,0.3,1.0,0.9,7.0,105.0,117.0,13.7,0.565,0.438,0.177,4.3,19.1,11.6,12.3,1.8,1.6,14.1,22.4,-0.0019230769230769232,0.011538461538461537,0.009615384615384616,0.034,-1.1,-1.5,-2.5,-0.1,-13.6,-10.9,0.5576923076923077,0.23076923076923078,0.5,0.057692307692307696,0.5192307692307693,0.038461538461538464,2.673076923076923,0.17307692307692307,0.34615384615384615,14.4,0.562,0.268,0.197,0.06,0.037,0.438,0.663,0.542,0.389,0.182,0.585,0.841,0.033,0.17307692307692307,0.298,0.359,1.81,1.12,0.69,0.63,0.02,0.02,0.06,0.12,0.19,0.31,0.375,0.625,0.02,0.15,0.17,0.15,0.06,0.111,0.889,0.889,0.333,14.5,14.0,1.2,0.1,0.3,2.1,2.9,1.6,0.082,0.108,1.7,4.0,5.5,0.63,0.1,0.1,0.0,0.0,0.0,0.0,1.2,0.171,0.894,1.4,0.0,0.0,0.0,0.0,2.396153846153846,0.3198076923076923,1.0715,2.3230769230769233,0.7,0.047,1.769,0.4,6.15,0.466,0.0,0.134,104.52,0.516,0.363,0.467
Royce O'Neale,SF,30.0,TOT,79.0,14.0,24.7,2.7,6.8,0.397,2.0,5.3,0.37,0.7,1.5,0.496,0.542,0.3,0.4,0.686,0.8,4.0,4.8,2.8,0.7,0.6,0.9,2.2,7.7,115.0,115.0,11.1,0.548,0.783,0.065,3.4,17.9,10.7,15.0,1.5,2.0,11.6,13.9,0.016455696202531647,0.026582278481012658,0.043037974683544304,0.085,-1.0,1.0,0.0,1.0,3.0,4.7,0.5443037974683544,0.21518987341772153,1.3291139240506329,0.12658227848101267,0.17721518987341772,0.1518987341772152,6.569620253164557,0.0,0.20253164556962025,21.8,0.217,0.109,0.085,0.019,0.004,0.783,0.627,0.326,0.5,0.5,0.672,0.936,0.007,0.0379746835443038,0.166,0.443,3.03,1.48,1.54,1.58,0.01,0.66,1.51,0.13,0.24,0.37,0.345,0.655,0.05,0.62,0.67,0.62,0.27,0.075,0.925,0.961,0.412,35.0,24.0,2.8,0.2,0.4,4.1,6.9,3.3,0.079,0.094,2.1,6.8,8.6,0.561,0.0,0.0,0.0,0.0,0.0,0.0,0.5,0.078,0.8,0.6,0.5139240506329114,0.05725316455696202,1.201113924050633,0.47594936708860763,4.075949367088608,0.4843417721518988,1.0670506329113925,3.8658227848101263,0.0,0.0,0.0,0.0,10.03,0.478,0.009,0.149,100.69,0.191,0.77,0.181
Chuma Okeke,SF,25.0,ORL,47.0,8.0,9.2,0.9,2.4,0.357,0.5,1.7,0.28,0.4,0.6,0.567,0.46,0.1,0.1,0.571,0.4,1.3,1.7,0.4,0.2,0.1,0.3,0.4,2.3,97.0,113.0,6.9,0.465,0.732,0.063,4.9,17.0,10.9,6.2,1.0,1.5,12.2,13.3,-0.006382978723404255,0.01276595744680851,0.006382978723404255,0.029,-3.2,-0.2,-3.4,-0.2,-8.8,-11.9,0.1702127659574468,0.06382978723404255,0.1702127659574468,0.02127659574468085,0.06382978723404255,0.0,1.1063829787234043,0.02127659574468085,0.0425531914893617,20.2,0.268,0.107,0.116,0.018,0.027,0.732,0.917,0.385,0.0,0.333,0.765,0.957,0.045,0.0851063829787234,0.293,0.375,1.85,0.85,1.0,0.36,0.0,0.09,0.19,0.17,0.06,0.23,0.727,0.273,0.02,0.3,0.32,0.32,0.09,0.067,0.933,1.0,0.267,9.0,7.6,0.4,0.0,0.1,1.1,1.3,0.6,0.048,0.067,1.3,3.1,4.3,0.672,0.0,0.0,0.0,0.0,0.0,0.0,0.0,0.0,0.0,0.0,0.0,0.0,0.0,0.0,0.0,0.0,0.0,0.0,0.0,0.0,0.0,0.0,4.38,0.463,0.001,0.076,97.51,0.318,0.645,0.299
Josh Okogie,SG,25.0,PHO,60.0,11.0,16.0,1.4,3.4,0.417,0.5,1.6,0.309,1.0,1.9,0.509,0.488,1.3,1.7,0.745,1.2,1.3,2.6,1.1,0.8,0.4,0.6,1.1,4.6,119.0,114.0,12.0,0.552,0.456,0.495,9.2,9.0,9.1,8.4,2.4,2.2,12.5,13.0,0.016666666666666666,0.018333333333333333,0.035,0.104,-1.3,0.8,-0.5,0.4,0.9,-3.1,0.36666666666666664,0.11666666666666667,0.4666666666666667,0.05,0.8166666666666667,0.45,2.566666666666667,0.21666666666666667,0.3,12.7,0.544,0.35,0.16,0.029,0.005,0.456,0.569,0.394,0.5,0.0,0.632,0.966,0.068,0.21666666666666667,0.638,0.3,2.17,1.2,0.97,1.55,0.05,0.33,0.73,0.42,0.35,0.77,0.543,0.457,0.13,0.18,0.32,0.28,0.2,0.421,0.579,0.944,0.667,13.2,10.6,1.1,0.1,0.1,2.0,2.6,1.2,0.081,0.091,2.9,2.7,5.6,0.51,0.0,0.0,0.0,0.0,0.0,0.0,0.0,0.0,0.0,0.0,0.1,0.035,0.4,0.2,0.0,0.0,0.0,0.0,0.6,0.08,1.478,0.4,6.48,0.473,0.006,0.091,100.88,0.412,0.314,0.404
Onyeka Okongwu,C,23.0,ATL,55.0,8.0,25.5,4.1,6.6,0.611,0.4,1.3,0.333,3.6,5.4,0.676,0.642,1.7,2.1,0.793,2.6,4.2,6.8,1.3,0.5,1.1,0.8,2.9,10.2,138.0,118.0,16.9,0.674,0.189,0.318,10.8,18.6,14.6,7.2,0.9,3.8,9.8,13.7,0.06363636363636363,0.01818181818181818,0.08181818181818182,0.153,0.0,-0.5,-0.4,0.5,-1.4,1.3,0.23636363636363636,0.2,2.0,0.23636363636363636,1.1272727272727272,0.0,3.2181818181818183,0.2545454545454545,0.4909090909090909,6.8,0.811,0.559,0.233,0.014,0.005,0.189,0.74,0.529,0.4,1.0,0.775,1.0,0.244,1.4181818181818182,0.739,0.431,7.87,5.42,2.45,1.25,0.0,2.98,7.04,0.35,0.25,0.6,0.576,0.424,0.47,1.29,1.76,1.65,1.05,0.268,0.732,0.958,0.611,19.9,18.1,1.3,0.2,0.1,2.3,3.5,1.6,0.068,0.079,5.0,7.1,11.9,0.574,0.2,0.2,0.0,0.0,0.0,0.0,0.0,0.0,0.0,0.0,2.5,0.221,1.373,1.9,1.6,0.169,1.103,1.4,3.0,0.241,1.468,2.0,12.95,0.51,0.021,0.071,103.28,0.713,0.123,0.706
Isaac Okoro,SF,23.0,CLE,69.0,42.0,27.3,3.4,7.0,0.49,1.2,3.1,0.391,2.2,3.8,0.57,0.577,1.3,2.0,0.679,1.0,2.0,3.0,1.9,0.8,0.5,0.8,2.0,9.4,121.0,115.0,11.4,0.599,0.448,0.285,4.0,8.2,6.1,9.5,1.5,1.6,9.1,13.9,0.030434782608695653,0.028985507246376812,0.06086956521739131,0.106,-1.8,0.7,-1.1,0.4,3.6,1.9,0.2753623188405797,0.2898550724637681,0.8985507246376812,0.14492753623188406,1.0579710144927537,0.21739130434782608,4.536231884057971,0.30434782608695654,0.5362318840579711,12.5,0.552,0.388,0.15,0.008,0.006,0.448,0.64,0.403,0.0,1.0,0.795,0.976,0.046,0.2608695652173913,0.642,0.399,4.1,2.84,1.26,1.54,0.09,0.39,0.97,0.32,0.26,0.58,0.55,0.45,0.03,0.55,0.58,0.57,0.06,0.05,0.95,0.975,0.1,21.5,22.3,1.9,0.1,0.2,3.7,4.7,2.3,0.089,0.106,2.3,4.1,6.4,0.511,0.1,0.0,0.1,0.017,0.8,0.1,0.3,0.047,0.714,0.4,0.0,0.0,0.0,0.0,3.8,0.434,1.027,3.7,0.7,0.059,1.457,0.5,8.97,0.452,-0.013,0.095,98.24,0.467,0.389,0.457
Kelly Olynyk,C,32.0,TOT,78.0,27.0,22.6,3.5,6.4,0.555,0.8,2.0,0.387,2.8,4.4,0.632,0.616,1.9,2.3,0.833,1.4,3.9,5.3,4.4,0.9,0.4,1.9,2.9,9.8,124.0,118.0,17.4,0.661,0.312,0.362,6.7,19.0,12.9,27.6,2.0,1.5,20.9,17.5,0.04487179487179487,0.017948717948717947,0.06282051282051282,0.133,0.7,1.1,1.8,1.7,-7.8,-2.7,1.0512820512820513,0.4230769230769231,1.3974358974358974,0.23076923076923078,0.9615384615384616,0.2948717948717949,10.076923076923077,0.24358974358974358,0.28205128205128205,11.6,0.688,0.344,0.225,0.064,0.054,0.312,0.76,0.545,0.406,0.444,0.537,0.967,0.016,0.10256410256410256,0.187,0.448,4.31,2.6,1.71,2.26,0.13,1.6,3.73,0.27,0.19,0.46,0.583,0.417,0.27,0.64,0.91,0.86,0.55,0.296,0.704,0.944,0.606,37.0,29.6,4.4,0.4,0.2,7.2,10.6,5.0,0.119,0.134,3.0,6.6,9.3,0.573,0.6,0.5,0.4,0.061,0.957,0.5,0.27179487179487183,0.03830769230769231,0.860897435897436,0.4076923076923077,1.2230769230769232,0.10746153846153846,1.2525641025641023,1.094871794871795,1.8,0.229,1.057,1.7,1.1512820512820514,0.08151282051282052,1.5093076923076922,0.7794871794871795,11.54,0.523,0.034,0.275,102.01,0.567,0.236,0.52
Eugene Omoruyi,SF,26.0,WAS,43.0,0.0,9.1,1.9,3.9,0.485,0.3,1.1,0.283,1.6,2.8,0.562,0.524,0.7,1.1,0.653,0.8,1.2,2.0,0.8,0.6,0.1,0.5,1.4,4.8,111.0,116.0,16.0,0.549,0.275,0.293,9.3,13.9,11.6,13.0,3.2,1.0,10.0,22.5,0.004651162790697674,0.009302325581395349,0.013953488372093023,0.074,-1.9,-0.4,-2.3,0.0,-15.6,-7.1,0.23255813953488372,0.09302325581395349,0.6744186046511628,0.11627906976744186,0.627906976744186,0.20930232558139536,1.7674418604651163,0.16279069767441862,0.3953488372093023,9.9,0.725,0.419,0.269,0.018,0.018,0.275,0.671,0.422,0.333,0.333,0.618,0.923,0.066,0.2558139534883721,0.174,0.0,1.88,1.05,0.84,0.98,0.09,0.98,2.23,0.14,0.12,0.26,0.545,0.455,0.26,0.26,0.51,0.51,0.28,0.5,0.5,1.0,0.545,9.7,8.3,0.8,0.0,0.0,1.2,1.9,0.9,0.084,0.094,2.8,2.7,5.4,0.48,0.1,0.0,0.0,0.0,0.0,0.0,0.0,0.0,0.0,0.0,0.0,0.0,0.0,0.0,0.0,0.0,0.0,0.0,0.0,0.0,0.0,0.0,5.22,0.492,0.029,0.141,108.62,0.657,0.188,0.638
Cedi Osman,SF,28.0,SAS,72.0,3.0,17.6,2.6,5.3,0.479,1.2,3.1,0.389,1.4,2.3,0.601,0.591,0.5,0.7,0.673,0.3,2.2,2.5,1.7,0.5,0.2,0.7,1.5,6.8,115.0,118.0,11.2,0.601,0.576,0.135,2.1,13.3,7.7,13.0,1.3,0.7,10.4,15.1,0.013888888888888888,0.0125,0.02638888888888889,0.071,-1.7,-0.3,-2.1,0.0,-12.6,-9.2,0.3194444444444444,0.20833333333333334,0.7361111111111112,0.08333333333333333,0.3472222222222222,0.25,3.888888888888889,0.1388888888888889,0.25,16.7,0.424,0.221,0.151,0.034,0.018,0.576,0.776,0.448,0.154,0.571,0.724,0.965,0.005,0.027777777777777776,0.235,0.462,2.61,1.51,1.1,0.94,0.06,0.22,0.49,0.18,0.19,0.38,0.481,0.519,0.04,0.35,0.39,0.35,0.11,0.107,0.893,0.893,0.286,16.0,15.4,1.7,0.1,0.2,2.8,4.1,1.9,0.104,0.121,1.2,3.7,4.8,0.615,0.0,0.0,0.0,0.0,0.0,0.0,0.5,0.098,0.818,0.6,0.2,0.022,1.3,0.1,0.0,0.0,0.0,0.0,0.5,0.051,1.609,0.3,6.26,0.53,0.061,0.131,104.29,0.401,0.528,0.376
Kelly Oubre Jr,SF,28.0,PHI,68.0,52.0,30.2,5.7,12.9,0.441,1.5,4.8,0.311,4.2,8.1,0.517,0.498,2.6,3.4,0.75,1.4,3.6,5.0,1.5,1.1,0.7,1.3,2.9,15.4,109.0,114.0,13.5,0.535,0.37,0.264,5.0,13.5,9.2,7.3,1.8,2.1,8.2,22.4,0.008823529411764706,0.03529411764705882,0.04411764705882353,0.07,-1.5,-0.7,-2.3,-0.1,-0.1,-6.5,0.4852941176470588,0.36764705882352944,1.2647058823529411,0.23529411764705882,1.7647058823529411,0.25,3.6470588235294117,0.4264705882352941,1.3088235294117647,12.4,0.63,0.308,0.237,0.068,0.017,0.37,0.693,0.356,0.35,0.267,0.552,0.851,0.117,1.2647058823529411,0.308,0.33,,,,,,,,,,,,,,,,,,,,,,,,,,,,,,,,,,,,,,,,,,,,,,,,,,,,,,,,,,,,,,,,,
Chris Paul,PG,38.0,GSW,58.0,18.0,26.4,3.6,8.1,0.441,1.3,3.6,0.371,2.2,4.4,0.498,0.525,0.7,0.9,0.827,0.3,3.6,3.9,6.8,1.2,0.1,1.3,1.9,9.2,124.0,115.0,14.7,0.544,0.45,0.111,1.3,14.4,7.9,33.4,2.2,0.4,13.4,15.6,0.04482758620689655,0.029310344827586206,0.07413793103448275,0.136,-0.2,1.2,1.0,1.2,3.4,1.2,0.8793103448275862,0.2413793103448276,0.7931034482758621,0.034482758620689655,0.1896551724137931,0.10344827586206896,16.362068965517242,0.06896551724137931,0.20689655172413793,19.0,0.55,0.021,0.109,0.233,0.186,0.45,0.8,0.608,0.514,0.379,0.164,0.679,0.0,0.0,0.176,0.243,2.02,0.59,1.43,1.98,0.03,0.64,1.67,0.22,0.48,0.71,0.317,0.683,0.0,0.34,0.34,0.34,0.16,0.0,1.0,1.0,0.45,46.9,48.8,6.7,0.5,0.9,12.9,17.3,8.1,0.144,0.173,1.0,6.2,7.1,0.555,0.6,0.1,0.9,0.09,1.059,0.9,3.8,0.415,0.932,4.0,0.0,0.0,0.0,0.0,2.5,0.23,1.123,2.2,0.0,0.0,0.0,0.0,9.36,0.484,0.024,0.342,99.68,0.48,0.439,0.214
Cameron Payne,PG,29.0,TOT,78.0,10.0,16.7,2.7,6.2,0.432,1.3,3.4,0.39,1.3,2.7,0.486,0.541,0.7,0.9,0.866,0.3,1.2,1.5,2.6,0.5,0.1,0.8,1.6,7.4,116.0,118.0,12.8,0.566,0.555,0.139,1.8,8.1,4.9,21.9,1.6,0.8,11.4,19.1,0.017948717948717947,0.01282051282051282,0.030769230769230767,0.089,-0.5,-0.6,-1.1,0.3,-0.4,-3.9,0.5384615384615384,0.14102564102564102,0.7948717948717948,0.0,0.3974358974358974,0.21794871794871795,6.243589743589744,0.07692307692307693,0.3076923076923077,17.8,0.445,0.141,0.173,0.094,0.037,0.555,0.485,0.47,0.533,0.444,0.452,0.788,0.0,0.0,0.127,0.265,1.5,0.64,0.86,1.38,0.08,0.08,0.19,0.1,0.15,0.26,0.4,0.6,0.01,0.12,0.13,0.12,0.06,0.1,0.9,0.9,0.5,28.1,29.4,2.6,0.3,0.3,4.5,6.9,3.3,0.093,0.116,1.0,2.9,3.8,0.545,0.0,0.0,0.4,0.049,0.8,0.5,2.2636363636363637,0.3092077922077922,0.9813246753246753,2.3649350649350653,0.0,0.0,0.0,0.0,2.561038961038961,0.3229350649350649,1.1209090909090909,2.3012987012987014,0.0,0.0,0.0,0.0,5.43,0.482,0.019,0.222,100.61,0.36,0.54,0.294
Gary Payton II,SG,31.0,GSW,44.0,0.0,15.5,2.3,4.2,0.563,0.5,1.3,0.364,1.9,2.9,0.648,0.617,0.3,0.5,0.609,1.0,1.5,2.6,1.1,0.9,0.4,0.6,1.8,5.5,123.0,113.0,13.9,0.621,0.301,0.126,7.4,10.5,9.0,9.4,2.8,2.4,12.3,13.6,0.020454545454545454,0.020454545454545454,0.04090909090909091,0.125,-1.3,2.2,0.9,0.5,7.5,5.7,0.2727272727272727,0.13636363636363635,0.8863636363636364,0.13636363636363635,0.25,0.045454545454545456,2.7045454545454546,0.06818181818181818,0.2727272727272727,9.4,0.699,0.388,0.306,0.005,0.0,0.301,0.718,0.571,0.0,0.0,0.819,1.0,0.126,0.45454545454545453,0.636,0.343,2.27,1.23,1.05,2.02,0.0,0.89,2.2,0.23,0.3,0.52,0.435,0.565,0.11,0.16,0.27,0.25,0.16,0.417,0.583,0.917,0.583,15.5,12.0,1.1,0.1,0.2,2.2,3.0,1.4,0.07,0.089,2.7,3.2,5.8,0.514,0.1,0.0,0.0,0.0,0.0,0.0,0.0,0.0,0.0,0.0,0.6,0.087,1.316,0.4,1.4,0.275,1.033,1.4,1.9,0.298,1.277,1.5,5.89,0.444,-0.026,0.094,103.5,0.692,0.25,0.692
Mãozinha Pereira,SF,23.0,MEM,7.0,1.0,17.4,2.6,5.0,0.514,0.7,1.9,0.385,1.9,3.1,0.591,0.586,1.0,1.4,0.7,1.6,3.7,5.3,0.3,0.9,0.6,0.7,1.4,6.9,117.0,110.0,15.7,0.609,0.371,0.286,9.5,24.3,16.6,2.5,2.4,3.1,11.3,15.6,0.014285714285714287,0.028571428571428574,0.04285714285714286,0.123,-1.2,0.7,-0.5,0.0,2.4,10.0,0.14285714285714285,0.5714285714285714,1.0,0.0,0.8571428571428571,0.0,0.8571428571428571,0.2857142857142857,0.2857142857142857,11.7,0.629,0.4,0.229,0.0,0.0,0.371,0.714,0.375,0.0,0.0,0.692,1.0,0.314,1.2857142857142858,0.462,0.5,,,,,,,,,,,,,,,,,,,,,,,,,,,,,,,,,,,,,,,,,,,,,,,,,,,,,,,,,,,,,,,,,
Drew Peterson,PF,24.0,BOS,3.0,0.0,7.7,1.3,2.0,0.667,1.0,1.7,0.6,0.3,0.3,1.0,0.917,0.0,0.0,0.0,0.0,0.3,0.3,0.3,0.7,0.0,0.3,0.3,3.7,144.0,110.0,18.5,0.917,0.833,0.0,0.0,4.5,2.3,5.9,4.3,0.0,14.3,13.3,0.03333333333333333,0.0,0.03333333333333333,0.194,3.8,1.6,5.3,0.0,22.1,10.9,0.0,0.3333333333333333,0.3333333333333333,0.0,0.0,0.0,0.6666666666666666,0.0,0.0,21.3,0.167,0.167,0.0,0.0,0.0,0.833,1.0,0.0,0.0,0.0,1.0,1.0,0.167,0.3333333333333333,0.2,0.0,0.67,0.0,0.67,0.67,0.0,0.33,0.67,0.0,0.33,0.33,0.0,1.0,0.0,0.0,0.0,0.0,0.0,0.0,0.0,0.0,0.0,6.0,5.0,0.3,0.0,0.0,0.7,0.7,0.3,0.056,0.056,0.0,2.0,2.0,0.5,0.0,0.0,0.0,0.0,0.0,0.0,0.0,0.0,0.0,0.0,0.0,0.0,0.0,0.0,0.0,0.0,0.0,0.0,0.0,0.0,0.0,0.0,2.5,0.4,0.0,0.045,105.8,0.182,0.818,0.182
Filip Petrušev,C,23.0,TOT,3.0,0.0,3.3,0.3,0.7,0.5,0.0,0.0,0.0,0.3,0.7,0.5,0.5,0.3,0.7,0.5,0.0,0.3,0.3,0.0,0.0,0.0,0.0,0.3,1.0,108.0,120.0,5.1,0.521,0.0,1.0,0.0,11.2,5.5,0.0,0.0,0.0,0.0,12.3,0.0,0.0,0.0,0.029,-4.7,-3.3,-8.0,0.0,26.2,24.4,0.0,0.0,0.0,0.0,0.3333333333333333,0.0,0.0,0.0,0.0,12.4,1.0,0.0,0.0,1.0,0.0,0.0,0.0,0.0,0.5,0.0,1.0,0.0,0.0,0.0,0.0,0.0,,,,,,,,,,,,,,,,,,,,,,,,,,,,,,,,,,,,,,,,,,,,,,,,,,,,,,,,,,,,,,,,,
Julian Phillips,SF,20.0,CHI,40.0,0.0,8.1,0.8,1.9,0.416,0.3,1.0,0.316,0.5,1.0,0.513,0.494,0.3,0.5,0.684,0.3,0.6,0.9,0.3,0.2,0.2,0.3,1.0,2.2,107.0,119.0,7.0,0.521,0.494,0.247,4.1,8.5,6.2,5.3,1.1,2.2,10.5,13.0,0.0,0.005,0.005,0.031,-4.7,-0.6,-5.3,-0.3,-2.5,-1.2,0.075,0.075,0.725,0.0,0.3,0.075,0.75,0.125,0.175,13.6,0.506,0.39,0.078,0.013,0.026,0.494,0.467,0.667,1.0,0.5,0.75,1.0,0.091,0.1,0.579,0.455,1.13,0.55,0.58,0.53,0.05,0.0,0.0,0.08,0.05,0.13,0.6,0.4,0.03,0.13,0.15,0.15,0.05,0.167,0.833,1.0,0.333,5.5,4.7,0.3,0.0,0.0,0.3,0.8,0.4,0.06,0.069,1.7,2.3,3.9,0.468,0.0,0.0,0.0,0.0,0.0,0.0,0.0,0.0,0.0,0.0,0.0,0.0,0.0,0.0,0.0,0.0,0.0,0.0,0.0,0.0,0.0,0.0,4.03,0.504,0.034,0.052,100.9,0.449,0.404,0.404
Jalen Pickett,SG,24.0,DEN,27.0,0.0,4.5,0.6,1.3,0.429,0.3,0.9,0.36,0.2,0.4,0.6,0.557,0.1,0.1,0.75,0.0,0.5,0.5,0.8,0.1,0.0,0.3,0.5,1.6,109.0,115.0,9.7,0.571,0.714,0.114,0.9,11.5,6.4,21.7,1.6,0.0,19.7,16.4,0.0,0.003703703703703704,0.007407407407407408,0.065,-2.7,-0.5,-3.3,0.0,-2.3,-8.1,0.18518518518518517,0.037037037037037035,0.3333333333333333,0.0,0.037037037037037035,0.037037037037037035,1.9259259259259258,0.0,0.037037037037037035,22.6,0.286,0.029,0.057,0.086,0.114,0.714,1.0,0.5,0.333,0.75,0.5,0.778,0.0,0.0,0.04,0.0,0.59,0.19,0.41,0.26,0.0,0.04,0.07,0.0,0.04,0.04,0.0,1.0,0.0,0.11,0.11,0.11,0.0,0.0,1.0,1.0,0.0,7.8,8.3,0.8,0.0,0.2,1.6,1.9,1.0,0.098,0.127,0.3,1.8,2.1,0.737,0.0,0.0,0.0,0.0,0.0,0.0,0.0,0.0,0.0,0.0,0.0,0.0,0.0,0.0,0.0,0.0,0.0,0.0,0.0,0.0,0.0,0.0,2.5,0.556,0.107,0.25,100.31,0.286,0.643,0.143
Scotty Pippen Jr,PG,23.0,MEM,21.0,16.0,25.1,4.8,9.7,0.493,1.4,3.4,0.417,3.3,6.2,0.534,0.567,2.0,2.6,0.745,1.0,2.1,3.2,4.7,1.7,0.5,2.7,2.9,12.9,110.0,112.0,16.4,0.596,0.355,0.271,4.4,9.7,7.0,30.7,3.3,1.8,19.8,23.0,0.014285714285714285,0.03333333333333333,0.047619047619047616,0.09,-0.1,1.4,1.3,0.4,-7.5,-0.3,1.5714285714285714,0.6666666666666666,1.1904761904761905,0.14285714285714285,1.1904761904761905,0.6190476190476191,11.714285714285714,0.19047619047619047,0.5714285714285714,12.6,0.645,0.32,0.182,0.118,0.025,0.355,0.646,0.432,0.417,0.4,0.414,0.833,0.025,0.19047619047619047,0.097,0.571,,,,,,,,,,,,,,,,,,,,,,,,,,,,,,,,,,,,,,,,,,,,,,,,,,,,,,,,,,,,,,,,,
Mason Plumlee,C,33.0,LAC,46.0,11.0,14.7,1.9,3.3,0.569,0.0,0.1,0.0,1.9,3.2,0.592,0.569,1.5,2.2,0.707,1.3,3.8,5.1,1.2,0.3,0.4,0.8,1.5,5.3,125.0,113.0,15.8,0.621,0.039,0.647,10.4,28.2,19.6,10.8,1.0,2.3,15.5,15.1,0.02608695652173913,0.01956521739130435,0.043478260869565216,0.146,-1.1,0.4,-0.8,0.2,0.0,-4.3,0.391304347826087,0.2826086956521739,0.8260869565217391,0.08695652173913043,1.0869565217391304,0.13043478260869565,2.760869565217391,0.1956521739130435,0.30434782608695654,3.8,0.961,0.562,0.379,0.02,0.0,0.039,0.698,0.466,0.0,0.0,0.736,0.0,0.268,0.8260869565217391,0.667,0.0,3.24,2.61,0.63,0.87,0.09,1.96,4.54,0.2,0.22,0.41,0.474,0.526,0.33,0.48,0.8,0.8,0.61,0.405,0.595,1.0,0.757,18.9,11.7,1.2,0.1,0.2,1.5,3.0,1.5,0.063,0.077,3.5,6.3,9.7,0.551,0.3,0.3,0.0,0.0,0.0,0.0,0.0,0.0,0.0,0.0,1.7,0.278,1.231,1.4,0.1,0.043,0.4,0.2,1.5,0.244,1.211,1.2,9.95,0.479,-0.018,0.107,100.71,0.713,0.0,0.713
Brandin Podziemski,SG,20.0,GSW,74.0,28.0,26.6,3.7,8.1,0.454,1.2,3.2,0.385,2.4,4.9,0.499,0.529,0.7,1.1,0.633,1.6,4.2,5.8,3.7,0.8,0.2,1.2,1.6,9.2,118.0,115.0,13.0,0.54,0.392,0.132,6.6,16.7,11.7,18.1,1.5,0.6,12.2,15.4,0.02837837837837838,0.02702702702702703,0.0554054054054054,0.1,-0.5,0.4,-0.1,0.9,7.2,8.7,0.7297297297297297,0.25675675675675674,0.8108108108108109,0.08108108108108109,0.5,0.5540540540540541,8.91891891891892,0.17567567567567569,0.47297297297297297,13.8,0.608,0.186,0.322,0.07,0.03,0.392,0.685,0.443,0.333,0.333,0.552,0.767,0.008,0.05405405405405406,0.192,0.422,3.2,1.7,1.5,1.58,0.51,0.81,2.09,0.28,0.39,0.68,0.42,0.58,0.07,0.59,0.66,0.62,0.19,0.102,0.898,0.939,0.286,35.4,32.0,3.6,0.3,0.5,5.9,9.1,4.4,0.103,0.123,3.4,6.7,10.0,0.586,0.1,0.0,0.8,0.074,1.132,0.7,1.1,0.126,0.867,1.2,0.3,0.029,0.952,0.3,2.5,0.291,0.895,2.8,1.0,0.075,1.37,0.7,10.9,0.485,0.019,0.176,100.27,0.531,0.396,0.501
Jakob Poeltl,C,28.0,TOR,50.0,50.0,26.4,5.0,7.6,0.656,0.0,0.0,0.0,5.0,7.6,0.656,0.656,1.2,2.1,0.551,2.9,5.7,8.6,2.5,0.7,1.5,1.5,3.0,11.1,125.0,115.0,18.9,0.653,0.0,0.283,11.9,24.1,17.9,14.0,1.3,5.1,15.3,16.2,0.048,0.027999999999999997,0.076,0.138,-0.3,1.0,0.7,0.9,-0.5,9.0,0.56,0.34,1.68,0.44,1.06,0.06,5.62,0.34,0.74,3.9,1.0,0.545,0.349,0.106,0.0,0.0,0.786,0.5,0.5,0.0,0.798,0.0,0.074,0.52,0.0,0.0,9.3,7.5,1.8,1.28,0.02,3.18,7.02,0.38,0.14,0.52,0.731,0.269,0.6,1.44,2.04,1.98,1.22,0.294,0.706,0.98,0.604,37.5,24.5,2.5,0.2,0.4,4.6,6.1,3.1,0.068,0.083,5.8,9.7,15.3,0.562,1.0,0.6,0.0,0.0,0.0,0.0,0.0,0.0,0.0,0.0,2.9,0.224,1.295,2.2,0.2,0.022,0.727,0.2,3.7,0.308,1.195,3.1,15.36,0.496,-0.003,0.131,100.54,0.894,0.0,0.865
Aleksej Pokusevski,PF,22.0,TOT,28.0,0.0,14.5,1.8,4.3,0.405,0.6,2.0,0.327,1.1,2.4,0.47,0.479,1.1,1.5,0.732,0.6,2.6,3.2,1.3,0.5,0.5,0.7,0.8,5.2,107.0,116.0,12.7,0.525,0.455,0.339,4.6,20.4,12.3,12.0,1.8,3.0,12.0,17.2,0.0,0.014285714285714287,0.014285714285714287,0.05,-1.8,-0.1,-1.9,0.0,-8.7,-0.4,0.42857142857142855,0.10714285714285714,0.35714285714285715,0.03571428571428571,0.75,0.07142857142857142,3.107142857142857,0.10714285714285714,0.14285714285714285,15.0,0.545,0.231,0.207,0.033,0.074,0.455,0.786,0.28,0.5,0.0,0.774,1.0,0.05,0.21428571428571427,0.291,0.188,2.96,1.86,1.11,0.93,0.0,0.21,0.54,0.14,0.25,0.39,0.364,0.636,0.0,0.39,0.39,0.39,0.14,0.0,1.0,1.0,0.364,16.8,13.4,1.3,0.1,0.2,2.7,3.5,1.6,0.077,0.095,1.2,4.8,5.8,0.621,0.1,0.1,0.0,0.0,0.0,0.0,0.3,0.095,0.385,0.7,0.6,0.088,0.917,0.7,2.4,0.321,1.0,2.4,0.8,0.102,1.071,0.8,7.14,0.5,0.038,0.132,97.8,0.425,0.37,0.397
Jordan Poole,SG,24.0,WAS,78.0,66.0,30.1,6.3,15.2,0.413,2.4,7.2,0.326,3.9,8.0,0.492,0.491,2.5,2.8,0.877,0.4,2.3,2.7,4.4,1.1,0.3,2.4,3.1,17.4,102.0,121.0,12.1,0.529,0.476,0.185,1.4,8.4,4.8,21.4,1.7,0.9,12.8,26.4,-0.019230769230769232,0.010256410256410256,-0.007692307692307692,-0.013,-2.0,-1.9,-3.9,-1.2,-11.5,-5.4,1.0897435897435896,0.7307692307692307,1.358974358974359,0.19230769230769232,1.2179487179487178,0.1794871794871795,10.397435897435898,0.358974358974359,0.9615384615384616,17.1,0.524,0.156,0.18,0.116,0.073,0.476,0.714,0.394,0.387,0.425,0.408,0.668,0.008,0.11538461538461539,0.108,0.344,3.18,1.24,1.94,1.81,0.01,0.24,0.54,0.24,0.4,0.64,0.38,0.62,0.01,0.1,0.12,0.12,0.03,0.111,0.889,1.0,0.222,33.2,46.7,4.4,0.4,0.6,7.4,11.2,5.3,0.133,0.16,1.4,4.4,5.7,0.544,0.0,0.0,1.3,0.078,0.929,1.4,4.7,0.317,0.786,5.9,0.2,0.012,0.722,0.2,2.5,0.139,0.956,2.6,0.5,0.02,1.379,0.4,10.71,0.502,0.039,0.212,104.7,0.451,0.407,0.36
Craig Porter Jr,PG,23.0,CLE,51.0,6.0,12.7,2.3,4.5,0.509,0.2,0.7,0.353,2.0,3.8,0.536,0.535,0.8,1.1,0.732,0.4,1.7,2.1,2.3,0.4,0.3,0.9,0.8,5.6,114.0,113.0,15.4,0.564,0.149,0.246,3.7,15.1,9.4,26.5,1.6,2.1,15.1,20.2,0.011764705882352941,0.01764705882352941,0.029411764705882353,0.108,-0.6,1.1,0.5,0.4,-1.8,-5.3,0.6078431372549019,0.1568627450980392,0.5882352941176471,0.0196078431372549,0.5490196078431373,0.0196078431372549,5.705882352941177,0.1568627450980392,0.3137254901960784,10.2,0.851,0.32,0.241,0.193,0.096,0.149,0.644,0.473,0.455,0.5,0.385,0.833,0.044,0.17647058823529413,0.176,0.167,,,,,,,,,,,,,,,,,,,,,,,,,,,,,,,,,,,,,,,,,,,,,,,,,,,,,,,,,,,,,,,,,
Jontay Porter,PF,24.0,TOR,26.0,5.0,13.8,1.5,4.0,0.385,0.8,2.3,0.333,0.8,1.7,0.455,0.481,0.6,0.7,0.833,1.0,2.2,3.2,2.3,0.8,0.8,0.8,1.3,4.4,112.0,114.0,14.9,0.514,0.577,0.173,7.8,17.5,12.5,21.8,2.7,4.9,15.8,15.8,0.007692307692307693,0.015384615384615385,0.02692307692307692,0.089,-0.3,1.9,1.7,0.3,-9.4,-3.2,0.6153846153846154,0.07692307692307693,0.6538461538461539,0.11538461538461539,0.2692307692307692,0.038461538461538464,5.384615384615385,0.0,0.11538461538461539,16.8,0.423,0.231,0.096,0.077,0.019,0.577,0.542,0.6,0.0,0.5,0.65,1.0,0.038,0.07692307692307693,0.083,0.6,4.62,3.88,0.73,1.23,0.0,1.42,2.96,0.12,0.0,0.12,1.0,0.0,0.12,0.96,1.08,1.08,0.38,0.107,0.893,1.0,0.357,22.0,16.9,2.4,0.1,0.2,3.1,5.9,2.7,0.109,0.124,3.0,4.6,7.3,0.485,0.6,0.1,0.0,0.0,0.0,0.0,0.0,0.0,0.0,0.0,1.1,0.239,0.875,1.3,0.0,0.0,0.0,0.0,0.5,0.097,0.923,0.5,8.58,0.519,0.031,0.226,103.94,0.348,0.522,0.33
Michael Porter Jr,SF,25.0,DEN,81.0,81.0,31.7,6.4,13.3,0.484,2.7,6.8,0.397,3.7,6.5,0.575,0.586,1.1,1.4,0.836,1.3,5.7,7.0,1.5,0.5,0.7,1.1,1.8,16.7,117.0,114.0,15.5,0.601,0.513,0.102,4.7,19.3,12.2,6.7,0.8,1.8,7.5,20.7,0.03827160493827161,0.03827160493827161,0.07654320987654321,0.115,1.2,-1.2,0.1,1.3,8.3,8.0,0.4691358024691358,0.35802469135802467,1.0864197530864197,0.1111111111111111,0.6419753086419753,0.012345679012345678,3.45679012345679,0.19753086419753085,0.48148148148148145,17.5,0.487,0.179,0.092,0.08,0.136,0.513,0.725,0.414,0.477,0.544,0.758,0.964,0.055,0.6049382716049383,0.211,0.436,,,,,,,,,,,,,,,,,,,,,,,,,,,,,,,,,,,,,,,,,,,,,,,,,,,,,,,,,,,,,,,,,
Otto Porter Jr,SF,30.0,TOR,15.0,1.0,11.6,0.9,2.2,0.424,0.5,1.5,0.348,0.4,0.7,0.6,0.545,0.2,0.2,1.0,0.4,1.5,1.9,0.5,0.3,0.3,0.1,1.3,2.6,123.0,119.0,8.7,0.568,0.697,0.091,3.7,14.8,9.2,5.8,1.4,2.5,5.5,8.9,0.006666666666666667,0.006666666666666667,0.02,0.07,-3.5,0.3,-3.2,-0.1,4.2,11.1,0.06666666666666667,0.0,0.7333333333333333,0.06666666666666667,0.13333333333333333,0.0,1.2,0.06666666666666667,0.13333333333333333,18.9,0.303,0.182,0.03,0.091,0.0,0.697,0.5,1.0,0.667,0.0,1.0,0.875,0.03,0.0,0.391,0.444,,,,,,,,,,,,,,,,,,,,,,,,,,,,,,,,,,,,,,,,,,,,,,,,,,,,,,,,,,,,,,,,,
Bobby Portis,PF,28.0,MIL,82.0,4.0,24.5,5.7,11.2,0.508,1.2,3.0,0.407,4.5,8.2,0.545,0.562,1.2,1.5,0.79,1.7,5.7,7.4,1.3,0.8,0.4,1.1,2.3,13.8,115.0,113.0,17.5,0.581,0.268,0.135,7.9,24.8,16.6,7.8,1.6,1.4,8.6,22.9,0.025609756097560978,0.03170731707317073,0.05731707317073171,0.112,0.0,-0.8,-0.8,0.6,0.4,-4.8,0.2073170731707317,0.4268292682926829,1.1585365853658536,0.2682926829268293,0.6829268292682927,0.04878048780487805,3.207317073170732,0.17073170731707318,0.4024390243902439,12.9,0.732,0.215,0.218,0.198,0.101,0.268,0.731,0.485,0.478,0.409,0.552,0.98,0.028,0.2682926829268293,0.419,0.408,4.87,3.24,1.62,1.65,0.0,1.4,3.23,0.24,0.3,0.55,0.444,0.556,0.59,0.63,1.22,1.17,0.89,0.48,0.52,0.96,0.73,28.1,21.2,1.3,0.1,0.2,2.3,3.4,1.6,0.045,0.056,3.9,8.4,11.8,0.626,2.6,1.9,0.4,0.05,0.679,0.7,0.0,0.0,0.0,0.0,2.0,0.127,1.226,1.6,3.2,0.228,1.084,3.0,1.4,0.079,1.325,1.0,10.0,0.509,0.025,0.078,100.49,0.648,0.265,0.46
Kristaps Porziņģis,C,28.0,BOS,57.0,57.0,29.6,6.8,13.2,0.516,1.9,5.1,0.375,4.9,8.1,0.606,0.589,4.5,5.3,0.858,1.7,5.5,7.2,2.0,0.7,1.9,1.6,2.7,20.1,128.0,109.0,23.2,0.647,0.39,0.402,6.5,19.1,13.1,10.0,1.2,5.8,9.1,25.1,0.08596491228070176,0.05263157894736842,0.1385964912280702,0.226,3.5,1.6,5.1,3.0,10.6,-1.2,0.631578947368421,0.40350877192982454,1.5614035087719298,0.40350877192982454,2.2280701754385963,0.12280701754385964,4.9298245614035086,0.47368421052631576,0.3157894736842105,14.6,0.61,0.251,0.176,0.126,0.057,0.39,0.751,0.538,0.505,0.395,0.716,0.991,0.128,1.5614035087719298,0.024,0.143,,,,,,,,,,,,,,,,,,,,,,,,,,,,,,,,,,,,,,,,,,,,,,,,,,,,,,,,,,,,,,,,,
Micah Potter,PF,25.0,UTA,16.0,0.0,11.6,1.2,2.5,0.475,0.6,1.3,0.429,0.6,1.2,0.526,0.588,0.4,0.5,0.75,0.6,2.1,2.7,0.4,0.3,0.4,0.3,0.9,3.3,123.0,120.0,11.0,0.609,0.525,0.2,6.0,19.4,12.7,4.2,1.0,2.9,10.3,10.9,0.0125,0.00625,0.01875,0.075,-1.4,-0.9,-2.3,0.0,-7.8,-3.1,0.1875,0.0,0.4375,0.125,0.25,0.0,0.8125,0.125,0.0625,14.4,0.475,0.2,0.275,0.0,0.0,0.525,0.625,0.455,0.0,0.0,0.6,1.0,0.075,0.1875,0.667,0.571,2.81,1.94,0.88,0.56,0.0,0.56,1.38,0.13,0.06,0.19,0.667,0.333,0.06,0.38,0.44,0.44,0.19,0.143,0.857,1.0,0.429,10.0,6.2,0.4,0.1,0.1,1.0,1.0,0.5,0.038,0.05,1.4,4.0,5.4,0.573,0.3,0.1,0.0,0.0,0.0,0.0,0.0,0.0,0.0,0.0,0.0,0.0,0.0,0.0,1.4,0.354,1.294,1.1,0.0,0.0,0.0,0.0,6.93,0.485,-0.002,0.046,99.32,0.377,0.509,0.377
Dwight Powell,C,32.0,DAL,63.0,9.0,13.3,1.1,1.7,0.679,0.0,0.0,0.333,1.1,1.6,0.689,0.684,1.0,1.4,0.708,1.5,1.9,3.4,1.3,0.4,0.3,0.5,1.8,3.3,147.0,115.0,14.5,0.716,0.028,0.84,12.7,15.2,14.0,12.4,1.5,2.1,18.1,9.1,0.03492063492063492,0.014285714285714285,0.049206349206349205,0.181,-1.1,0.8,-0.3,0.4,0.2,-2.5,0.15873015873015872,0.15873015873015872,1.1587301587301588,0.14285714285714285,0.5873015873015873,0.07936507936507936,3.2698412698412698,0.12698412698412698,0.19047619047619047,2.4,0.972,0.811,0.16,0.0,0.0,0.028,0.767,0.294,0.0,0.0,0.62,1.0,0.217,0.2857142857142857,0.667,0.5,5.0,3.87,1.13,0.92,0.05,2.17,5.08,0.22,0.16,0.38,0.583,0.417,0.27,0.87,1.14,1.1,0.52,0.236,0.764,0.972,0.465,15.4,10.2,1.3,0.0,0.1,1.9,3.5,1.5,0.087,0.098,4.3,4.4,8.6,0.495,0.0,0.0,0.0,0.0,0.0,0.0,0.0,0.0,0.0,0.0,0.9,0.21,1.5,0.6,0.0,0.0,0.0,0.0,0.8,0.276,0.98,0.8,8.86,0.465,-0.013,0.128,102.57,0.683,0.014,0.683
Norman Powell,SG,30.0,LAC,76.0,3.0,26.2,4.9,10.1,0.486,2.2,5.1,0.435,2.7,5.1,0.536,0.594,1.9,2.3,0.831,0.2,2.4,2.6,1.1,0.6,0.3,0.9,1.8,13.9,120.0,119.0,13.9,0.626,0.5,0.224,0.9,9.8,5.5,5.9,1.1,1.0,7.3,20.0,0.03684210526315789,0.017105263157894738,0.053947368421052626,0.099,0.4,-1.2,-0.8,0.6,5.1,3.0,0.3815789473684211,0.23684210526315788,0.9605263157894737,0.06578947368421052,1.0394736842105263,0.10526315789473684,2.5526315789473686,0.21052631578947367,0.4868421052631579,16.4,0.5,0.143,0.214,0.091,0.052,0.5,0.736,0.482,0.429,0.4,0.689,0.916,0.023,0.19736842105263158,0.32,0.545,2.72,1.38,1.34,1.22,0.0,0.33,0.75,0.16,0.21,0.37,0.429,0.571,0.0,0.34,0.34,0.34,0.12,0.0,1.0,1.0,0.346,14.5,19.8,1.1,0.1,0.1,1.8,2.7,1.3,0.076,0.093,0.8,4.0,4.8,0.608,0.0,0.0,0.7,0.052,1.064,0.6,1.2,0.125,0.814,1.5,0.2,0.017,1.0,0.2,6.1,0.37,1.375,4.4,0.4,0.024,1.545,0.3,8.28,0.456,-0.009,0.059,100.37,0.39,0.474,0.326
Jason Preston,PG,24.0,UTA,7.0,0.0,10.1,0.9,2.7,0.316,0.0,0.4,0.0,0.9,2.3,0.375,0.316,0.0,0.0,0.0,0.9,1.6,2.4,2.3,0.3,0.1,0.3,0.4,1.7,107.0,121.0,10.5,0.316,0.158,0.0,9.4,16.9,13.2,28.7,1.4,1.3,9.5,12.4,0.0,0.0,0.0,0.026,-2.5,-0.1,-2.6,0.0,13.3,18.5,0.2857142857142857,0.0,0.2857142857142857,0.0,0.0,0.0,5.714285714285714,0.0,0.2857142857142857,9.9,0.842,0.105,0.579,0.158,0.0,0.158,0.5,0.273,0.667,0.0,0.333,0.0,0.0,0.0,0.333,0.0,1.29,0.71,0.57,1.14,0.0,0.14,0.29,0.14,0.14,0.29,0.5,0.5,0.0,0.0,0.0,0.0,0.0,0.0,0.0,0.0,0.0,19.6,16.9,2.3,0.1,0.1,4.3,6.0,2.6,0.117,0.131,2.6,3.0,5.4,0.63,0.0,0.0,0.0,0.0,0.0,0.0,0.0,0.0,0.0,0.0,0.0,0.0,0.0,0.0,0.0,0.0,0.0,0.0,0.0,0.0,0.0,0.0,5.14,0.472,0.019,0.25,102.57,1.0,0.0,0.833
Joshua Primo,SG,21.0,LAC,2.0,0.0,5.0,0.5,1.5,0.333,0.0,0.5,0.0,0.5,1.0,0.5,0.333,0.0,0.0,0.0,0.5,0.0,0.5,0.0,0.0,0.5,2.0,0.0,1.0,37.0,119.0,-12.8,0.333,0.333,0.0,11.7,0.0,5.6,0.0,0.0,9.0,57.1,30.7,-0.05,0.0,-0.05,-0.585,-16.8,-8.2,-25.0,-0.1,-9.5,-13.2,1.5,0.5,0.0,0.0,0.0,0.0,0.0,0.0,0.5,16.7,0.667,0.333,0.0,0.0,0.333,0.333,1.0,0.0,0.0,0.0,1.0,0.0,0.0,0.0,0.0,0.0,1.0,1.0,0.0,0.0,0.0,0.0,0.0,0.0,0.0,0.0,0.0,0.0,0.0,0.0,0.0,0.0,0.0,0.0,0.0,0.0,0.0,2.0,2.0,0.0,0.5,0.0,0.5,0.0,0.5,0.0,0.25,1.0,2.0,3.0,0.333,0.0,0.0,0.0,0.0,0.0,0.0,0.0,0.0,0.0,0.0,0.0,0.0,0.0,0.0,0.0,0.0,0.0,0.0,0.0,0.0,0.0,0.0,2.5,0.4,-0.09,0.0,107.53,1.0,0.0,1.0
Taurean Prince,PF,29.0,LAL,78.0,49.0,27.0,3.2,7.3,0.442,1.8,4.6,0.396,1.4,2.8,0.519,0.566,0.6,0.9,0.735,0.3,2.7,2.9,1.5,0.7,0.4,0.9,1.9,8.9,108.0,118.0,8.8,0.579,0.622,0.119,1.2,10.5,6.1,7.2,1.3,1.4,10.8,13.8,0.003846153846153846,0.021794871794871794,0.02435897435897436,0.043,-2.6,-0.2,-2.8,-0.4,-2.7,-6.7,0.5384615384615384,0.23076923076923078,1.0769230769230769,0.038461538461538464,0.38461538461538464,0.2692307692307692,3.551282051282051,0.11538461538461539,0.358974358974359,17.8,0.378,0.128,0.168,0.059,0.023,0.622,0.699,0.438,0.441,0.308,0.866,0.943,0.014,0.08974358974358974,0.41,0.363,3.81,2.13,1.68,1.54,0.14,0.27,0.62,0.13,0.46,0.59,0.217,0.783,0.05,0.63,0.68,0.62,0.28,0.075,0.925,0.923,0.423,16.2,17.8,1.5,0.1,0.2,2.5,3.8,1.9,0.094,0.116,0.9,4.9,5.7,0.548,0.0,0.0,0.1,0.017,0.636,0.1,0.4,0.05,0.909,0.4,0.5,0.038,1.4,0.3,4.0,0.447,1.037,3.8,0.2,0.029,0.947,0.2,10.53,0.502,0.025,0.073,102.61,0.321,0.607,0.284
Payton Pritchard,PG,26.0,BOS,82.0,5.0,22.3,3.6,7.7,0.468,1.8,4.7,0.385,1.8,3.1,0.593,0.583,0.6,0.7,0.821,0.9,2.4,3.2,3.4,0.5,0.1,0.7,1.3,9.6,129.0,115.0,15.3,0.597,0.602,0.088,4.3,11.1,7.8,20.7,1.1,0.3,8.5,17.2,0.051219512195121955,0.023170731707317073,0.07439024390243902,0.16,1.3,-0.2,1.0,1.4,11.9,1.3,0.3780487804878049,0.14634146341463414,0.45121951219512196,0.06097560975609756,0.2804878048780488,0.08536585365853659,8.487804878048781,0.04878048780487805,0.32926829268292684,19.1,0.398,0.132,0.117,0.083,0.066,0.602,0.762,0.486,0.566,0.476,0.273,0.85,0.0,0.0,0.251,0.438,1.59,0.88,0.71,0.99,0.0,0.32,0.78,0.22,0.3,0.52,0.419,0.581,0.06,0.37,0.43,0.4,0.18,0.143,0.857,0.971,0.441,31.3,34.0,3.5,0.3,0.6,6.3,9.1,4.4,0.11,0.14,2.3,4.6,6.8,0.516,0.0,0.0,0.6,0.052,1.297,0.5,1.8,0.213,0.967,1.9,0.2,0.014,1.7,0.1,3.9,0.379,1.162,3.4,0.0,0.0,0.0,0.0,6.67,0.49,0.035,0.208,97.16,0.381,0.56,0.277
Olivier-Maxence Prosper,PF,21.0,DAL,40.0,1.0,8.4,1.0,2.6,0.385,0.3,1.1,0.289,0.7,1.5,0.458,0.447,0.7,1.0,0.683,0.6,1.4,2.0,0.6,0.2,0.1,0.2,0.5,3.0,113.0,116.0,11.6,0.496,0.433,0.394,8.2,17.5,12.8,8.4,1.0,1.0,6.2,16.6,0.005,0.0075,0.0125,0.076,-1.7,-1.3,-2.9,-0.1,-12.2,-15.7,0.075,0.075,0.3,0.025,0.475,0.075,1.4,0.075,0.15,12.8,0.567,0.356,0.135,0.038,0.038,0.433,0.595,0.214,0.0,0.5,0.704,1.0,0.125,0.325,0.533,0.25,1.43,0.85,0.58,0.18,0.03,0.08,0.15,0.15,0.08,0.23,0.667,0.333,0.03,0.45,0.48,0.48,0.15,0.053,0.947,1.0,0.316,6.5,5.9,0.6,0.0,0.1,0.9,1.4,0.6,0.085,0.089,2.4,3.2,5.1,0.617,0.0,0.0,0.0,0.0,0.0,0.0,0.0,0.0,0.0,0.0,0.0,0.0,0.0,0.0,0.0,0.0,0.0,0.0,0.0,0.0,0.0,0.0,4.31,0.472,0.025,0.095,104.65,0.446,0.322,0.413
Trevelin Queen,SG,26.0,ORL,14.0,0.0,11.8,1.0,2.7,0.368,0.2,1.2,0.176,0.8,1.5,0.524,0.408,0.6,0.9,0.75,0.2,1.2,1.4,1.3,0.5,0.4,0.5,1.1,2.9,101.0,111.0,8.3,0.462,0.447,0.316,2.1,12.2,7.1,14.5,2.1,2.8,13.9,13.3,-0.0071428571428571435,0.02142857142857143,0.014285714285714287,0.056,-4.7,1.4,-3.4,-0.1,0.6,-1.2,0.35714285714285715,0.14285714285714285,0.5714285714285714,0.0,0.42857142857142855,0.07142857142857142,3.4285714285714284,0.14285714285714285,0.0,14.0,0.553,0.237,0.211,0.053,0.053,0.447,0.778,0.375,0.0,0.5,0.727,0.667,0.132,0.35714285714285715,0.353,0.167,2.21,1.64,0.57,1.14,0.0,0.14,0.36,0.14,0.14,0.29,0.5,0.5,0.0,0.0,0.0,0.0,0.0,0.0,0.0,0.0,0.0,8.3,9.6,1.3,0.1,0.1,1.9,3.4,1.4,0.155,0.164,1.0,2.8,3.8,0.526,0.0,0.0,0.0,0.0,0.0,0.0,0.0,0.0,0.0,0.0,0.0,0.0,0.0,0.0,0.4,0.3,0.333,1.1,0.0,0.0,0.0,0.0,5.92,0.338,-0.129,0.165,98.34,0.55,0.225,0.5
Neemias Queta,C,24.0,BOS,28.0,0.0,11.9,2.4,3.7,0.644,0.0,0.0,0.0,2.4,3.7,0.644,0.644,0.7,1.0,0.714,1.9,2.5,4.4,0.7,0.5,0.8,0.5,1.8,5.5,139.0,106.0,22.9,0.662,0.0,0.269,17.9,21.5,19.8,8.5,1.9,5.5,10.1,16.9,0.03928571428571429,0.024999999999999998,0.0642857142857143,0.259,0.4,1.1,1.5,0.3,19.9,9.4,0.07142857142857142,0.07142857142857142,1.2142857142857142,0.21428571428571427,0.5357142857142857,0.03571428571428571,1.9285714285714286,0.14285714285714285,0.42857142857142855,3.2,1.0,0.567,0.375,0.048,0.01,0.0,0.78,0.462,0.4,1.0,0.701,0.0,0.288,1.0,0.0,0.0,4.18,2.75,1.43,0.61,0.0,1.5,3.89,0.36,0.11,0.46,0.769,0.231,0.54,0.75,1.29,1.14,0.71,0.417,0.583,0.914,0.571,9.1,7.3,0.7,0.0,0.1,1.0,2.0,0.8,0.079,0.087,4.0,4.3,8.0,0.589,0.4,0.3,0.0,0.0,0.0,0.0,0.0,0.0,0.0,0.0,1.1,0.162,1.476,0.8,0.0,0.0,0.0,0.0,1.9,0.292,1.421,1.4,7.44,0.453,-0.019,0.078,98.67,0.87,0.0,0.844
Immanuel Quickley,PG-SG,24.0,TOT,68.0,38.0,29.2,5.7,13.1,0.434,2.5,6.4,0.395,3.2,6.8,0.471,0.53,3.1,3.6,0.853,0.3,3.6,3.8,4.9,0.7,0.1,1.5,1.8,17.0,119.0,119.0,16.7,0.577,0.484,0.274,0.9,13.7,7.2,24.6,1.2,0.5,9.2,23.8,0.051470588235294115,0.01764705882352941,0.06911764705882353,0.115,2.2,-0.9,1.3,1.7,-0.8,2.0,0.8676470588235294,0.38235294117647056,0.9117647058823529,0.08823529411764706,1.588235294117647,0.25,11.470588235294118,0.29411764705882354,0.6617647058823529,16.8,0.516,0.114,0.224,0.125,0.053,0.484,0.696,0.405,0.446,0.319,0.387,0.667,0.006,0.07352941176470588,0.189,0.293,4.44,1.93,2.51,1.29,0.0,0.34,0.74,0.25,0.32,0.57,0.436,0.564,0.0,0.32,0.32,0.32,0.07,0.0,1.0,1.0,0.227,41.7,49.1,4.8,0.4,0.8,8.1,12.0,5.9,0.116,0.142,1.0,6.1,6.9,0.608,0.0,0.0,1.2970149253731345,0.07667164179104478,1.0451044776119405,1.2835820895522387,4.929850746268656,0.3091940298507463,1.0019402985074626,5.037313432835821,0.42985074626865666,0.01876119402985075,1.429850746268657,0.30000000000000004,0.0,0.0,0.0,0.0,0.5,0.022,1.267,0.4,11.41,0.481,0.016,0.245,100.43,0.375,0.444,0.299
Lester Quinones,SG,23.0,GSW,37.0,0.0,10.6,1.5,3.8,0.397,0.9,2.4,0.364,0.6,1.4,0.453,0.511,0.5,0.8,0.69,0.6,1.4,1.9,1.0,0.2,0.1,0.5,1.2,4.4,113.0,118.0,10.3,0.533,0.624,0.206,5.8,13.8,9.9,12.0,0.7,0.5,10.0,18.3,0.008108108108108109,0.008108108108108109,0.016216216216216217,0.068,-2.0,-1.3,-3.3,-0.1,1.7,-1.1,0.24324324324324326,0.02702702702702703,0.5675675675675675,0.08108108108108109,0.35135135135135137,0.24324324324324326,2.2162162162162162,0.02702702702702703,0.21621621621621623,19.1,0.376,0.113,0.163,0.099,0.0,0.624,0.625,0.391,0.357,0.0,0.458,0.938,0.021,0.08108108108108109,0.182,0.5,1.08,0.59,0.49,0.59,0.08,0.27,0.68,0.05,0.05,0.11,0.5,0.5,0.0,0.11,0.11,0.11,0.03,0.0,1.0,1.0,0.25,12.6,13.9,1.0,0.2,0.2,1.8,2.6,1.4,0.079,0.11,1.9,3.3,5.1,0.582,0.0,0.0,0.0,0.0,0.0,0.0,0.5,0.11,1.0,0.5,0.0,0.0,0.0,0.0,1.6,0.395,0.897,1.8,0.0,0.0,0.0,0.0,4.71,0.507,0.057,0.126,101.55,0.293,0.585,0.244
Jahmi'us Ramsey,SG,22.0,TOR,7.0,1.0,17.3,2.6,5.9,0.439,0.9,3.1,0.273,1.7,2.7,0.632,0.512,0.7,0.9,0.833,0.6,2.6,3.1,1.1,1.0,0.0,1.0,1.4,6.7,102.0,117.0,10.6,0.538,0.537,0.146,3.6,16.7,10.0,9.1,2.8,0.0,13.8,17.9,-0.014285714285714287,0.014285714285714287,0.014285714285714287,0.021,-3.9,-0.5,-4.4,-0.1,-9.8,-3.5,0.8571428571428571,0.0,0.8571428571428571,0.0,0.42857142857142855,0.14285714285714285,2.7142857142857144,0.0,0.2857142857142857,15.9,0.463,0.293,0.073,0.073,0.024,0.537,0.75,0.0,0.667,1.0,0.583,1.0,0.098,0.5714285714285714,0.273,0.333,2.29,1.71,0.57,1.14,0.0,0.57,1.29,0.0,0.14,0.14,0.0,1.0,0.0,0.0,0.0,0.0,0.0,0.0,0.0,0.0,0.0,21.1,20.0,1.1,0.1,0.1,1.6,3.1,1.4,0.054,0.068,0.7,3.3,4.0,0.917,0.0,0.0,0.0,0.0,0.0,0.0,0.0,0.0,0.0,0.0,0.0,0.0,0.0,0.0,2.9,0.431,0.909,3.1,0.0,0.0,0.0,0.0,7.14,0.52,0.051,0.103,102.87,0.511,0.383,0.426
Julius Randle,PF,29.0,NYK,46.0,46.0,35.4,8.6,18.2,0.472,1.7,5.3,0.311,6.9,12.9,0.539,0.518,5.1,6.6,0.781,2.2,7.0,9.2,5.0,0.5,0.3,3.5,2.7,24.0,113.0,114.0,18.9,0.569,0.292,0.361,6.8,22.4,14.6,22.8,0.8,0.7,14.1,29.9,0.041304347826086954,0.041304347826086954,0.08260869565217391,0.113,2.2,-0.3,1.9,1.6,5.9,2.0,1.2173913043478262,1.1956521739130435,1.0869565217391304,0.6521739130434783,2.9130434782608696,0.021739130434782608,13.130434782608695,0.6739130434782609,1.391304347826087,11.7,0.708,0.266,0.291,0.115,0.037,0.292,0.689,0.469,0.406,0.419,0.423,0.868,0.032,0.5217391304347826,0.148,0.528,5.37,2.43,2.93,1.07,0.0,1.04,2.43,0.52,0.28,0.8,0.649,0.351,0.46,0.46,0.91,0.91,0.59,0.5,0.5,1.0,0.643,46.0,53.2,5.0,0.2,0.6,9.0,13.4,5.8,0.108,0.125,5.4,10.3,15.2,0.607,2.8,1.3,3.0,0.129,0.937,3.2,1.8,0.103,0.726,2.5,0.7,0.037,0.756,0.9,4.6,0.203,0.933,5.0,1.2,0.045,1.04,1.1,14.0,0.481,-0.008,0.217,98.84,0.579,0.207,0.51
Duop Reath,C,27.0,POR,68.0,20.0,17.9,3.4,7.3,0.461,1.3,3.6,0.359,2.1,3.7,0.559,0.549,1.0,1.4,0.742,1.4,2.3,3.7,1.0,0.5,0.6,0.8,2.4,9.1,116.0,117.0,15.1,0.571,0.491,0.186,8.1,15.4,11.5,8.9,1.3,2.8,8.8,20.7,0.020588235294117647,0.014705882352941176,0.03529411764705882,0.095,-0.2,-0.7,-0.9,0.3,-8.3,1.5,0.22058823529411764,0.25,1.411764705882353,0.20588235294117646,0.7205882352941176,0.11764705882352941,2.2794117647058822,0.17647058823529413,0.5147058823529411,14.5,0.509,0.263,0.218,0.022,0.006,0.491,0.687,0.413,0.545,0.333,0.697,0.989,0.052,0.3382352941176471,0.18,0.455,4.97,3.57,1.4,0.94,0.06,1.57,3.53,0.18,0.07,0.25,0.706,0.294,0.13,0.87,1.0,0.9,0.35,0.132,0.868,0.91,0.358,19.8,18.0,1.0,0.0,0.1,1.2,2.3,1.1,0.051,0.057,3.9,5.2,8.8,0.441,0.3,0.2,0.0,0.0,0.0,0.0,0.0,0.0,0.0,0.0,2.4,0.272,1.006,2.4,0.0,0.0,0.0,0.0,0.8,0.083,1.122,0.7,9.85,0.485,-0.002,0.088,98.42,0.46,0.428,0.447
Austin Reaves,SG,25.0,LAL,82.0,57.0,32.1,5.6,11.5,0.486,1.9,5.1,0.367,3.7,6.3,0.583,0.568,2.8,3.3,0.853,0.7,3.6,4.3,5.5,0.8,0.3,2.1,1.9,15.9,119.0,118.0,15.5,0.613,0.447,0.289,2.5,11.9,7.4,23.5,1.2,0.8,14.1,20.3,0.0475609756097561,0.024390243902439025,0.07195121951219513,0.108,0.9,-0.4,0.4,1.6,-0.9,-4.0,1.2804878048780488,0.6097560975609756,1.048780487804878,0.13414634146341464,1.1951219512195121,0.4146341463414634,12.939024390243903,0.3780487804878049,0.5853658536585366,16.1,0.553,0.179,0.193,0.118,0.064,0.447,0.81,0.519,0.45,0.383,0.409,0.675,0.014,0.15853658536585366,0.143,0.317,5.22,3.0,2.22,1.29,0.1,0.27,0.57,0.46,0.51,0.98,0.475,0.525,0.02,0.59,0.61,0.6,0.16,0.04,0.96,0.98,0.26,44.4,45.5,5.5,0.4,0.7,9.2,13.5,6.4,0.123,0.145,1.7,6.3,7.8,0.581,0.0,0.0,0.9,0.07,0.869,1.0,5.4,0.348,1.05,5.2,0.5,0.024,1.276,0.4,3.2,0.202,1.074,3.0,0.4,0.019,1.522,0.3,14.54,0.494,0.027,0.237,101.93,0.466,0.355,0.389
Cam Reddish,SF,24.0,LAL,48.0,26.0,20.5,1.9,4.9,0.389,0.8,2.3,0.336,1.1,2.6,0.435,0.468,0.9,1.1,0.759,0.6,1.5,2.1,1.0,1.0,0.3,0.6,1.3,5.4,102.0,116.0,7.7,0.504,0.47,0.231,3.2,7.7,5.6,6.0,2.3,1.2,10.7,12.7,-0.0062499999999999995,0.01875,0.012499999999999999,0.03,-4.0,0.8,-3.2,-0.3,-3.2,-4.9,0.16666666666666666,0.375,0.7291666666666666,0.041666666666666664,0.4791666666666667,0.0625,2.3125,0.041666666666666664,0.375,14.0,0.53,0.265,0.188,0.03,0.047,0.47,0.629,0.295,0.143,0.091,0.722,1.0,0.056,0.20833333333333334,0.573,0.365,2.73,1.5,1.23,1.77,0.02,0.06,0.17,0.27,0.42,0.69,0.394,0.606,0.0,0.33,0.33,0.33,0.17,0.0,1.0,1.0,0.5,10.3,11.4,1.0,0.1,0.1,1.5,2.4,1.2,0.095,0.114,1.7,3.2,4.9,0.553,0.0,0.0,0.0,0.0,0.0,0.0,0.5,0.084,0.917,0.5,0.0,0.0,0.0,0.0,0.0,0.0,0.0,0.0,0.7,0.084,1.375,0.5,7.72,0.51,0.041,0.062,103.36,0.415,0.427,0.4
Paul Reed,C,24.0,PHI,82.0,24.0,19.4,3.2,5.9,0.54,0.3,0.7,0.368,2.9,5.2,0.563,0.561,0.7,1.0,0.718,2.4,3.6,6.0,1.3,0.8,1.0,0.8,2.4,7.3,123.0,110.0,17.4,0.58,0.119,0.177,13.2,20.9,16.9,9.8,2.1,4.8,11.5,15.9,0.03048780487804878,0.03170731707317073,0.062195121951219505,0.154,-0.6,1.0,0.4,0.9,3.5,0.9,0.2804878048780488,0.25609756097560976,1.3902439024390243,0.14634146341463414,0.6219512195121951,0.08536585365853659,3.0853658536585367,0.23170731707317074,0.5,7.1,0.881,0.473,0.265,0.094,0.05,0.119,0.674,0.394,0.511,0.5,0.643,0.857,0.106,0.5487804878048781,0.298,0.294,6.52,4.98,1.55,2.05,0.0,2.49,5.76,0.5,0.32,0.82,0.612,0.388,0.2,1.0,1.2,1.16,0.59,0.163,0.837,0.979,0.495,20.5,15.3,1.3,0.1,0.1,1.8,3.3,1.5,0.064,0.075,4.8,6.5,11.2,0.525,0.1,0.0,0.1,0.017,1.1,0.1,0.0,0.0,0.0,0.0,2.0,0.228,1.212,1.6,0.0,0.0,0.0,0.0,0.0,0.0,0.0,0.0,10.27,0.507,0.021,0.095,97.81,0.793,0.105,0.723
Naz Reid,C,24.0,MIN,81.0,14.0,24.2,5.0,10.5,0.477,2.1,5.0,0.414,2.9,5.5,0.535,0.576,1.3,1.8,0.736,0.9,4.3,5.2,1.3,0.8,0.9,1.4,2.1,13.5,111.0,107.0,16.0,0.595,0.479,0.174,4.4,19.3,12.2,8.3,1.6,3.3,10.8,23.1,0.013580246913580249,0.046913580246913576,0.060493827160493834,0.12,0.4,1.1,1.5,1.7,5.9,-1.2,0.3950617283950617,0.6419753086419753,1.2839506172839505,0.14814814814814814,0.9135802469135802,0.037037037037037035,3.2098765432098766,0.19753086419753085,0.7901234567901234,14.5,0.521,0.212,0.271,0.036,0.001,0.479,0.717,0.403,0.484,0.0,0.624,1.0,0.049,0.48148148148148145,0.275,0.411,5.37,3.22,2.15,1.27,0.01,0.68,1.57,0.21,0.19,0.4,0.531,0.469,0.07,0.73,0.8,0.79,0.37,0.092,0.908,0.985,0.462,26.2,24.2,1.3,0.1,0.3,2.2,3.4,1.6,0.05,0.063,2.3,7.0,9.0,0.588,1.4,0.6,0.2,0.023,0.667,0.3,0.3,0.019,1.1,0.2,1.6,0.101,1.231,1.3,5.8,0.402,1.14,5.1,0.6,0.045,1.087,0.6,9.72,0.475,-0.006,0.085,99.83,0.435,0.465,0.422
Jared Rhoden,SG,24.0,DET,17.0,0.0,14.4,1.9,3.9,0.5,0.7,1.8,0.387,1.2,2.1,0.6,0.591,0.3,0.5,0.625,0.2,1.8,1.9,0.8,0.2,0.8,0.4,1.6,4.9,115.0,119.0,10.3,0.597,0.47,0.121,1.3,13.9,7.5,8.0,0.6,4.5,9.1,13.3,0.0058823529411764705,0.011764705882352941,0.01764705882352941,0.06,-2.9,0.4,-2.5,0.0,-7.0,2.0,0.23529411764705882,0.17647058823529413,1.1176470588235294,0.0,0.23529411764705882,0.11764705882352941,1.8235294117647058,0.0,0.17647058823529413,17.9,0.53,0.076,0.121,0.212,0.121,0.47,0.8,0.75,0.571,0.375,0.762,1.0,0.076,0.23529411764705882,0.452,0.429,2.71,1.29,1.41,0.76,0.0,0.06,0.18,0.06,0.24,0.29,0.2,0.8,0.06,0.47,0.53,0.53,0.18,0.111,0.889,1.0,0.333,12.8,10.1,0.8,0.0,0.0,1.2,1.8,0.8,0.065,0.065,0.9,3.3,4.0,0.55,0.0,0.0,0.0,0.0,0.0,0.0,0.0,0.0,0.0,0.0,0.0,0.0,0.0,0.0,2.4,0.455,1.171,2.1,0.0,0.0,0.0,0.0,5.38,0.442,-0.009,0.085,99.72,0.506,0.434,0.337
Nick Richards,C,26.0,CHO,67.0,51.0,26.3,3.9,5.6,0.691,0.0,0.0,0.0,3.9,5.6,0.693,0.691,2.0,2.7,0.737,2.6,5.5,8.0,0.8,0.4,1.1,1.1,2.6,9.7,134.0,118.0,16.7,0.717,0.003,0.476,10.7,24.2,17.2,4.5,0.7,3.9,13.8,13.3,0.05671641791044776,0.019402985074626865,0.07611940298507462,0.14,-1.6,-0.7,-2.3,-0.1,-12.3,-3.1,0.2537313432835821,0.2835820895522388,1.2985074626865671,0.47761194029850745,1.3582089552238805,0.11940298507462686,1.8656716417910448,0.2537313432835821,0.5671641791044776,3.1,0.997,0.684,0.245,0.059,0.011,0.003,0.782,0.543,0.364,0.25,0.681,0.0,0.354,1.791044776119403,0.0,0.0,6.52,5.09,1.43,0.73,0.01,4.31,9.78,0.31,0.15,0.46,0.677,0.323,0.96,1.15,2.1,2.06,1.4,0.454,0.546,0.979,0.667,19.7,12.5,0.8,0.1,0.0,1.3,2.0,0.9,0.042,0.045,6.9,9.2,15.7,0.509,0.2,0.2,0.0,0.0,0.0,0.0,0.0,0.0,0.0,0.0,2.7,0.245,1.369,1.9,0.0,0.0,0.0,0.0,2.8,0.264,1.357,2.1,13.13,0.535,0.029,0.046,97.56,0.798,0.0,0.779
Josh Richardson,SG,30.0,MIA,43.0,6.0,25.7,3.6,8.1,0.444,1.5,4.4,0.347,2.0,3.7,0.561,0.539,1.2,1.3,0.944,0.4,2.4,2.8,2.4,0.6,0.3,0.8,1.8,9.9,115.0,115.0,11.4,0.573,0.548,0.156,1.8,10.7,6.2,13.9,1.1,1.2,8.9,16.5,0.020930232558139535,0.027906976744186046,0.04883720930232558,0.093,-1.3,0.0,-1.3,0.2,-4.2,-8.7,0.5348837209302325,0.023255813953488372,0.813953488372093,0.11627906976744186,0.37209302325581395,0.13953488372093023,5.790697674418604,0.09302325581395349,0.20930232558139536,17.9,0.452,0.118,0.159,0.101,0.075,0.548,0.683,0.582,0.457,0.462,0.511,0.97,0.023,0.16279069767441862,0.226,0.395,3.19,1.44,1.74,1.42,0.02,0.33,0.77,0.09,0.26,0.35,0.267,0.733,0.05,0.19,0.23,0.21,0.07,0.2,0.8,0.9,0.3,31.9,31.0,2.4,0.1,0.4,4.2,5.7,2.7,0.076,0.086,1.0,3.9,4.8,0.592,0.0,0.0,0.0,0.0,0.0,0.0,1.4,0.164,0.909,1.5,0.0,0.0,0.0,0.0,3.8,0.392,1.032,3.7,0.0,0.0,0.0,0.0,10.33,0.493,0.033,0.144,98.56,0.414,0.466,0.334
Duncan Robinson,SF,29.0,MIA,68.0,36.0,28.0,4.5,9.9,0.45,2.8,7.0,0.395,1.7,3.0,0.579,0.589,1.2,1.3,0.889,0.2,2.3,2.5,2.8,0.7,0.2,1.4,2.4,12.9,114.0,115.0,12.2,0.612,0.701,0.133,0.9,9.5,5.1,15.1,1.2,0.8,11.7,19.0,0.023529411764705882,0.029411764705882353,0.052941176470588235,0.091,-0.5,-0.4,-0.9,0.6,0.0,-3.9,0.7794117647058824,0.2647058823529412,1.338235294117647,0.08823529411764706,0.4264705882352941,0.11764705882352941,6.514705882352941,0.07352941176470588,0.36764705882352944,19.6,0.299,0.121,0.144,0.027,0.007,0.701,0.695,0.526,0.444,0.2,0.752,0.914,0.004,0.04411764705882353,0.222,0.419,3.28,1.69,1.59,1.38,0.04,0.51,1.09,0.15,0.28,0.43,0.345,0.655,0.0,0.41,0.41,0.35,0.07,0.0,1.0,0.889,0.185,25.8,30.8,2.8,0.3,0.4,4.7,7.0,3.4,0.11,0.133,0.7,4.4,5.0,0.571,0.0,0.0,0.0,0.0,0.0,0.0,1.8,0.172,0.871,2.0,0.4,0.03,1.25,0.4,4.3,0.294,1.219,3.5,0.6,0.04,1.25,0.5,8.46,0.468,0.007,0.151,98.06,0.267,0.641,0.254
Jerome Robinson,SG,26.0,GSW,22.0,0.0,3.7,0.5,1.5,0.333,0.1,0.8,0.118,0.4,0.7,0.563,0.364,0.3,0.5,0.636,0.0,0.2,0.3,0.2,0.0,0.1,0.1,0.2,1.4,92.0,118.0,5.7,0.41,0.515,0.333,1.4,6.6,4.0,8.0,0.6,3.3,5.0,20.7,-0.004545454545454546,0.004545454545454546,-0.004545454545454546,-0.04,-6.1,-2.2,-8.3,-0.1,15.7,13.2,0.045454545454545456,0.0,0.13636363636363635,0.0,0.18181818181818182,0.045454545454545456,0.5,0.045454545454545456,0.0,15.5,0.485,0.242,0.212,0.0,0.03,0.515,0.75,0.429,0.0,0.0,1.0,1.0,0.061,0.09090909090909091,0.235,0.0,0.5,0.18,0.32,0.14,0.0,0.05,0.14,0.0,0.05,0.05,0.0,1.0,0.0,0.09,0.09,0.09,0.0,0.0,1.0,1.0,0.0,5.2,5.4,0.2,0.1,0.1,0.7,0.7,0.5,0.046,0.092,1.0,1.8,2.3,0.667,0.0,0.0,0.0,0.0,0.0,0.0,0.0,0.0,0.0,0.0,0.0,0.0,0.0,0.0,0.0,0.0,0.0,0.0,0.0,0.0,0.0,0.0,1.75,0.381,-0.015,0.083,104.96,0.581,0.194,0.581
Mitchell Robinson,C,25.0,NYK,31.0,21.0,24.8,2.4,4.1,0.575,0.0,0.0,0.0,2.4,4.1,0.575,0.575,0.9,2.1,0.409,4.6,3.9,8.5,0.6,1.2,1.1,0.8,1.8,5.6,128.0,109.0,16.1,0.554,0.0,0.52,20.7,17.7,19.2,3.1,2.4,4.3,13.8,10.2,0.03870967741935484,0.041935483870967745,0.08064516129032258,0.155,-0.3,0.4,0.0,0.4,0.9,-4.7,0.03225806451612903,0.45161290322580644,1.064516129032258,0.16129032258064516,0.8064516129032258,0.06451612903225806,1.3870967741935485,0.12903225806451613,0.41935483870967744,1.0,1.0,0.929,0.071,0.0,0.0,0.0,0.602,0.222,0.0,0.0,0.479,0.0,0.409,1.4516129032258065,0.0,0.0,6.23,4.39,1.84,1.68,0.0,3.03,7.0,0.35,0.23,0.58,0.611,0.389,1.45,1.42,2.87,2.74,1.97,0.506,0.494,0.988,0.709,20.4,10.3,0.6,0.0,0.2,0.9,1.4,0.7,0.029,0.036,8.0,6.5,14.4,0.591,0.2,0.1,0.0,0.0,0.0,0.0,0.0,0.0,0.0,0.0,1.0,0.133,1.292,0.8,0.0,0.0,0.0,0.0,1.3,0.144,1.5,0.9,11.58,0.521,0.022,0.031,96.67,0.844,0.0,0.844
Orlando Robinson,C,23.0,MIA,36.0,7.0,8.4,1.0,2.0,0.5,0.2,0.4,0.533,0.8,1.6,0.491,0.556,0.5,0.7,0.76,0.8,1.6,2.3,0.9,0.2,0.2,0.5,1.0,2.8,120.0,111.0,14.0,0.596,0.208,0.347,10.4,21.0,15.7,15.8,1.1,2.6,17.8,14.8,0.011111111111111112,0.013888888888888888,0.025,0.135,-1.9,0.8,-1.1,0.1,1.7,-0.4,0.25,0.05555555555555555,0.6111111111111112,0.1388888888888889,0.3055555555555556,0.0,2.3333333333333335,0.08333333333333333,0.19444444444444445,9.1,0.792,0.361,0.347,0.056,0.028,0.208,0.692,0.4,0.0,0.0,0.607,1.0,0.097,0.1388888888888889,0.2,1.0,2.56,2.17,0.39,0.44,0.0,1.17,2.67,0.11,0.06,0.17,0.667,0.333,0.17,0.5,0.67,0.61,0.33,0.25,0.75,0.917,0.5,10.5,8.1,0.9,0.1,0.0,1.1,2.4,1.0,0.09,0.092,3.1,4.3,7.2,0.467,0.4,0.1,0.0,0.0,0.0,0.0,0.0,0.0,0.0,0.0,0.0,0.0,0.0,0.0,0.0,0.0,0.0,0.0,0.0,0.0,0.0,0.0,4.86,0.511,0.006,0.161,98.39,0.566,0.242,0.566
Jeremiah Robinson-Earl,PF,23.0,NOP,39.0,1.0,8.6,1.2,2.4,0.474,0.3,1.0,0.333,0.8,1.4,0.571,0.542,0.3,0.4,0.75,0.6,1.4,1.9,0.5,0.3,0.1,0.4,0.6,2.9,112.0,113.0,11.8,0.564,0.411,0.168,7.8,17.5,12.7,8.4,1.5,1.2,13.6,15.4,0.005128205128205128,0.010256410256410256,0.015384615384615384,0.086,-1.9,-0.3,-2.2,0.0,-0.9,-6.1,0.23076923076923078,0.15384615384615385,0.3076923076923077,0.0,0.23076923076923078,0.05128205128205128,1.2564102564102564,0.05128205128205128,0.07692307692307693,13.0,0.589,0.284,0.211,0.063,0.032,0.411,0.63,0.5,0.833,0.0,0.75,1.0,0.084,0.1794871794871795,0.513,0.4,2.15,1.41,0.74,0.38,0.0,0.59,1.28,0.03,0.08,0.1,0.25,0.75,0.05,0.28,0.33,0.31,0.05,0.154,0.846,0.923,0.154,8.8,6.7,0.5,0.0,0.1,0.8,1.3,0.6,0.06,0.069,2.3,3.7,5.8,0.536,0.1,0.0,0.0,0.0,0.0,0.0,0.0,0.0,0.0,0.0,0.0,0.0,0.0,0.0,0.0,0.0,0.0,0.0,0.0,0.0,0.0,0.0,5.83,0.491,0.025,0.091,102.37,0.557,0.339,0.47
David Roddy,PF,22.0,TOT,65.0,13.0,18.1,2.5,6.3,0.403,0.7,2.5,0.293,1.8,3.8,0.478,0.462,0.7,1.0,0.691,0.8,2.4,3.2,1.2,0.4,0.2,0.9,1.1,6.5,98.0,117.0,8.7,0.484,0.401,0.166,4.8,15.2,9.8,10.3,1.1,0.9,11.5,18.1,-0.013846153846153847,0.015384615384615385,0.0015384615384615385,0.004,-4.0,-1.0,-5.0,-0.9,-8.8,-2.7,0.3076923076923077,0.4307692307692308,0.5692307692307692,0.046153846153846156,0.5692307692307692,0.07692307692307693,3.0923076923076924,0.12307692307692308,0.5076923076923077,12.7,0.599,0.291,0.247,0.049,0.012,0.401,0.639,0.356,0.25,0.0,0.598,0.979,0.042,0.18461538461538463,0.311,0.373,2.25,1.18,1.06,0.88,0.0,0.2,0.48,0.18,0.15,0.34,0.545,0.455,0.12,0.31,0.43,0.4,0.2,0.286,0.714,0.963,0.481,18.1,16.7,1.3,0.1,0.2,2.7,3.1,1.5,0.069,0.083,2.2,4.9,7.0,0.577,0.1,0.1,0.0,0.0,0.0,0.0,0.4,0.096,0.444,0.9,0.4,0.049,0.913,0.5,3.3,0.387,0.879,3.8,0.7,0.06,1.214,0.6,7.59,0.454,-0.019,0.102,101.1,0.551,0.339,0.536
Ryan Rollins,PG,21.0,TOT,13.0,0.0,6.0,1.1,2.1,0.519,0.2,0.3,0.75,0.8,1.8,0.478,0.574,1.0,1.3,0.765,0.2,0.8,1.0,1.1,0.8,0.2,0.6,0.6,3.4,116.0,108.0,22.0,0.638,0.148,0.63,2.7,15.4,8.9,25.0,6.0,3.1,18.8,23.0,0.007692307692307693,0.007692307692307693,0.023076923076923075,0.155,0.6,5.1,5.7,0.2,36.8,45.0,0.23076923076923078,0.38461538461538464,0.23076923076923078,0.0,0.6923076923076923,0.23076923076923078,2.4615384615384617,0.23076923076923078,0.15384615384615385,9.1,0.852,0.296,0.333,0.222,0.0,0.148,0.75,0.333,0.333,0.0,0.091,0.667,0.0,0.0,0.25,1.0,0.92,0.54,0.38,1.38,0.0,0.0,0.0,0.08,0.15,0.23,0.333,0.667,0.0,0.0,0.0,0.0,0.0,0.0,0.0,0.0,0.0,7.8,8.7,1.1,0.1,0.0,1.6,2.6,1.2,0.137,0.157,1.0,3.2,4.2,0.571,0.0,0.0,0.0,0.0,0.0,0.0,0.0,0.0,0.0,0.0,0.0,0.0,0.0,0.0,0.0,0.0,0.0,0.0,0.0,0.0,0.0,0.0,3.11,0.286,-0.161,0.209,107.9,0.5,0.205,0.455
Derrick Rose,PG,35.0,MEM,24.0,7.0,16.6,3.2,6.9,0.461,0.6,1.7,0.366,2.5,5.2,0.492,0.506,1.0,1.1,0.889,0.3,1.6,1.9,3.3,0.3,0.1,1.3,0.9,8.0,108.0,119.0,13.1,0.54,0.248,0.164,1.8,10.9,6.2,32.3,1.0,0.5,14.9,22.3,0.004166666666666667,0.012499999999999999,0.016666666666666666,0.046,-1.3,-1.5,-2.8,-0.1,-3.9,3.8,1.0,0.16666666666666666,0.4583333333333333,0.041666666666666664,0.625,0.3333333333333333,7.791666666666667,0.125,0.625,11.6,0.752,0.279,0.267,0.127,0.079,0.248,0.652,0.318,0.333,0.769,0.426,0.867,0.0,0.0,0.341,0.5,1.63,0.88,0.75,0.63,0.21,0.04,0.08,0.21,0.42,0.63,0.333,0.667,0.0,0.13,0.13,0.13,0.04,0.0,1.0,1.0,0.333,24.6,29.1,3.3,0.2,0.3,5.8,8.1,3.7,0.132,0.151,1.1,3.0,4.0,0.557,0.0,0.0,0.4,0.073,0.667,0.6,2.5,0.33,0.868,2.8,0.0,0.0,0.0,0.0,2.0,0.223,1.065,1.9,0.0,0.0,0.0,0.0,5.17,0.565,0.104,0.31,101.51,0.639,0.236,0.503
Terry Rozier,PG-SG,29.0,TOT,61.0,60.0,33.4,7.2,16.4,0.443,2.4,6.7,0.363,4.8,9.6,0.498,0.518,2.8,3.2,0.869,0.6,3.5,4.0,5.6,1.0,0.3,1.7,1.7,19.8,114.0,118.0,17.3,0.555,0.411,0.198,1.9,12.0,6.8,27.5,1.5,1.0,8.9,25.9,0.03770491803278688,0.02622950819672131,0.06393442622950819,0.091,2.2,-0.7,1.5,1.8,-6.8,-3.1,1.0819672131147542,0.4426229508196721,0.7213114754098361,0.13114754098360656,1.3114754098360655,0.5409836065573771,13.524590163934427,0.2786885245901639,0.9508196721311475,15.2,0.589,0.16,0.224,0.112,0.092,0.411,0.563,0.509,0.411,0.467,0.29,0.651,0.002,0.03278688524590164,0.28,0.383,3.72,1.34,2.38,1.49,0.05,0.34,0.74,0.41,0.46,0.87,0.472,0.528,0.0,0.21,0.21,0.21,0.07,0.0,1.0,1.0,0.308,53.5,63.3,5.6,0.3,0.8,9.5,14.2,6.7,0.105,0.125,1.6,5.9,7.4,0.554,0.0,0.0,2.2508196721311475,0.10257377049180327,1.1539836065573768,1.99672131147541,6.518032786885247,0.3231803278688524,1.0138852459016394,6.329508196721312,0.0,0.0,0.0,0.0,3.80327868852459,0.20777049180327867,0.9824098360655736,3.8557377049180332,0.0,0.0,0.0,0.0,12.72,0.5,0.033,0.268,98.43,0.486,0.371,0.367
Rayan Rupert,SG,19.0,POR,39.0,12.0,16.2,1.4,4.1,0.335,0.7,2.0,0.359,0.7,2.1,0.313,0.422,0.5,0.6,0.76,0.6,1.7,2.4,1.6,0.3,0.1,0.8,1.4,4.0,98.0,120.0,5.8,0.451,0.484,0.155,4.0,12.8,8.1,13.5,0.9,0.4,15.3,13.6,-0.010256410256410256,0.007692307692307692,-0.002564102564102564,-0.009,-5.6,-1.2,-6.7,-0.8,-10.4,-1.2,0.358974358974359,0.28205128205128205,0.9743589743589743,0.07692307692307693,0.28205128205128205,0.07692307692307693,3.948717948717949,0.02564102564102564,0.5384615384615384,15.2,0.516,0.143,0.273,0.093,0.006,0.484,0.478,0.295,0.133,0.0,0.538,0.857,0.012,0.05128205128205128,0.346,0.37,1.62,0.9,0.72,0.85,0.0,0.13,0.26,0.13,0.0,0.13,1.0,0.0,0.0,0.23,0.23,0.23,0.05,0.0,1.0,1.0,0.222,17.8,14.2,1.6,0.0,0.1,2.7,3.9,1.7,0.087,0.093,1.8,4.2,5.6,0.549,0.0,0.0,0.0,0.0,0.0,0.0,0.2,0.059,0.583,0.3,0.0,0.0,0.0,0.0,1.9,0.416,0.905,2.2,0.0,0.0,0.0,0.0,5.25,0.513,0.05,0.131,99.68,0.335,0.542,0.323
D'Angelo Russell,PG,27.0,LAL,76.0,69.0,32.7,6.5,14.2,0.456,3.0,7.2,0.415,3.5,7.0,0.497,0.56,2.1,2.5,0.828,0.4,2.7,3.1,6.3,0.9,0.5,2.1,2.1,18.0,116.0,118.0,16.0,0.588,0.505,0.178,1.3,8.9,5.3,27.6,1.3,1.3,11.8,23.0,0.043421052631578944,0.02368421052631579,0.06710526315789474,0.099,1.7,-0.8,0.9,1.8,2.5,5.7,1.394736842105263,0.39473684210526316,0.9868421052631579,0.13157894736842105,1.0,0.2631578947368421,14.618421052631579,0.2236842105263158,0.4605263157894737,17.4,0.495,0.109,0.205,0.115,0.067,0.505,0.788,0.403,0.46,0.375,0.383,0.735,0.001,0.013157894736842105,0.127,0.406,2.83,1.22,1.61,2.18,0.03,0.45,1.05,0.21,0.33,0.54,0.39,0.61,0.0,0.45,0.45,0.45,0.14,0.0,1.0,1.0,0.324,48.1,50.2,6.4,0.6,0.7,9.8,15.9,7.7,0.133,0.16,1.1,5.3,6.3,0.504,0.2,0.1,1.0,0.059,1.013,1.0,5.6,0.349,0.921,6.1,0.4,0.019,1.08,0.3,4.4,0.213,1.198,3.7,0.8,0.034,1.378,0.6,13.25,0.488,0.023,0.261,102.97,0.389,0.495,0.311
Matt Ryan,SF,26.0,NOP,28.0,1.0,13.9,1.8,4.0,0.434,1.5,3.3,0.451,0.3,0.8,0.364,0.615,0.5,0.5,0.929,0.2,1.2,1.4,0.6,0.2,0.0,0.7,1.1,5.4,113.0,118.0,9.0,0.638,0.805,0.124,1.7,9.6,5.7,6.1,0.8,0.3,13.8,15.4,0.0071428571428571435,0.010714285714285714,0.017857142857142856,0.065,-1.4,-1.3,-2.7,-0.1,1.6,-3.4,0.2857142857142857,0.14285714285714285,0.6071428571428571,0.07142857142857142,0.17857142857142858,0.03571428571428571,1.5,0.07142857142857142,0.03571428571428571,22.6,0.195,0.027,0.035,0.08,0.053,0.805,0.667,0.5,0.222,0.333,1.0,0.927,0.0,0.0,0.319,0.552,2.43,1.39,1.04,0.5,0.0,0.07,0.18,0.04,0.18,0.21,0.167,0.833,0.0,0.14,0.14,0.14,0.07,0.0,1.0,1.0,0.5,11.5,11.1,0.6,0.1,0.1,1.1,1.8,0.9,0.056,0.075,0.7,3.6,4.2,0.556,0.0,0.0,0.0,0.0,0.0,0.0,0.0,0.0,0.0,0.0,0.0,0.0,0.0,0.0,2.9,0.518,1.155,2.5,0.0,0.0,0.0,0.0,6.56,0.476,0.013,0.064,103.84,0.105,0.809,0.066
Domantas Sabonis,C,27.0,SAC,82.0,82.0,35.7,7.7,13.0,0.594,0.4,1.1,0.379,7.3,12.0,0.613,0.609,3.6,5.1,0.704,3.6,10.1,13.7,8.2,0.9,0.6,3.3,3.0,19.4,127.0,112.0,23.2,0.637,0.081,0.389,11.0,32.3,21.4,33.9,1.2,1.5,17.9,22.2,0.1048780487804878,0.04878048780487805,0.15365853658536585,0.206,4.0,2.4,6.5,6.2,0.7,-2.1,1.0975609756097562,1.2195121951219512,1.5,0.5853658536585366,2.5609756097560976,0.08536585365853659,20.475609756097562,0.6829268292682927,1.048780487804878,6.2,0.919,0.455,0.361,0.07,0.032,0.081,0.722,0.516,0.467,0.471,0.607,0.909,0.113,1.353658536585366,0.057,0.2,7.84,6.06,1.78,1.94,0.02,5.95,14.11,0.52,0.35,0.88,0.597,0.403,1.04,1.63,2.67,2.62,1.95,0.388,0.612,0.982,0.731,71.3,59.9,8.2,0.4,0.3,12.7,21.3,8.9,0.115,0.125,8.3,15.4,23.1,0.592,3.4,1.5,0.6,0.035,0.885,0.6,0.4,0.019,1.036,0.3,3.9,0.173,1.227,3.2,1.9,0.092,1.094,1.7,4.6,0.2,1.233,3.7,17.16,0.485,-0.019,0.334,99.63,0.755,0.062,0.713
Luka Šamanić,PF,24.0,UTA,43.0,7.0,9.4,1.4,3.7,0.38,0.3,1.5,0.203,1.1,2.2,0.5,0.421,1.0,1.3,0.786,0.5,1.9,2.4,0.4,0.1,0.2,0.7,0.7,4.1,97.0,121.0,8.9,0.485,0.405,0.354,6.0,21.6,13.9,6.5,0.6,1.5,13.3,21.8,-0.009302325581395349,0.004651162790697674,-0.004651162790697674,-0.029,-4.9,-2.9,-7.8,-0.6,-6.1,-1.3,0.18604651162790697,0.2558139534883721,0.4883720930232558,0.11627906976744186,0.6511627906976745,0.023255813953488372,1.0232558139534884,0.23255813953488372,0.3953488372093023,12.5,0.595,0.215,0.373,0.006,0.0,0.405,0.735,0.356,1.0,0.0,0.681,1.0,0.063,0.20930232558139536,0.359,0.261,,,,,,,,,,,,,,,,,,,,,,,,,,,,,,,,,,,,,,,,,,,,,,,,,,,,,,,,,,,,,,,,,
Jermaine Samuels,SF,25.0,HOU,14.0,0.0,4.3,0.6,1.0,0.643,0.0,0.1,0.0,0.6,0.9,0.75,0.643,0.1,0.1,1.0,0.2,0.7,0.9,0.2,0.1,0.1,0.0,0.4,1.4,149.0,114.0,15.1,0.672,0.143,0.143,5.3,18.1,11.6,7.0,0.8,3.1,0.0,10.5,0.0071428571428571435,0.0071428571428571435,0.014285714285714287,0.178,-0.3,1.1,0.8,0.0,-10.2,-11.5,0.0,0.0,0.07142857142857142,0.0,0.0,0.0,0.5714285714285714,0.0,0.14285714285714285,5.6,0.857,0.5,0.357,0.0,0.0,0.143,0.857,0.6,0.0,0.0,0.556,0.0,0.071,0.07142857142857142,1.0,0.0,,,,,,,,,,,,,,,,,,,,,,,,,,,,,,,,,,,,,,,,,,,,,,,,,,,,,,,,,,,,,,,,,
Adama Sanogo,PF,21.0,CHI,9.0,0.0,7.3,1.6,3.0,0.519,0.0,0.0,0.0,1.6,3.0,0.519,0.519,0.9,1.3,0.667,2.1,1.9,4.0,0.0,0.1,0.0,0.6,0.6,4.0,118.0,116.0,21.9,0.558,0.0,0.444,31.6,29.4,30.5,0.0,0.8,0.0,13.4,24.8,0.011111111111111112,0.011111111111111112,0.022222222222222223,0.133,-0.4,-6.3,-6.7,-0.1,22.8,24.6,0.1111111111111111,0.2222222222222222,0.2222222222222222,0.1111111111111111,0.5555555555555556,0.0,0.0,0.2222222222222222,0.2222222222222222,3.1,1.0,0.556,0.407,0.037,0.0,0.0,0.667,0.273,1.0,0.0,0.5,0.0,0.0,0.0,0.0,0.0,1.56,0.67,0.89,0.22,0.0,1.11,2.33,0.0,0.0,0.0,0.0,0.0,0.33,0.56,0.89,0.89,0.56,0.375,0.625,1.0,0.625,5.8,3.8,0.0,0.0,0.1,0.1,0.0,0.1,0.0,0.019,5.0,3.1,7.6,0.679,0.3,0.3,0.0,0.0,0.0,0.0,0.0,0.0,0.0,0.0,0.0,0.0,0.0,0.0,0.0,0.0,0.0,0.0,0.0,0.0,0.0,0.0,4.0,0.35,-0.103,0.0,104.01,0.778,0.0,0.778
Gui Santos,PF,21.0,GSW,23.0,0.0,8.3,1.2,2.4,0.509,0.4,1.2,0.37,0.8,1.2,0.643,0.6,0.7,0.7,0.941,0.7,1.4,2.1,0.6,0.2,0.1,0.3,1.0,3.6,135.0,116.0,15.6,0.656,0.491,0.309,9.7,17.7,13.8,9.6,1.0,0.9,10.1,15.2,0.021739130434782608,0.008695652173913044,0.03043478260869565,0.169,0.0,-0.5,-0.5,0.1,4.4,1.7,0.21739130434782608,0.043478260869565216,0.782608695652174,0.0,0.34782608695652173,0.0,1.391304347826087,0.043478260869565216,0.17391304347826086,13.9,0.509,0.345,0.164,0.0,0.0,0.491,0.737,0.444,0.0,0.0,0.667,0.9,0.036,0.08695652173913043,0.296,0.5,1.78,0.96,0.83,0.3,0.0,0.09,0.26,0.17,0.09,0.26,0.667,0.333,0.04,0.3,0.35,0.35,0.13,0.125,0.875,1.0,0.375,7.6,6.5,0.6,0.0,0.0,0.9,1.5,0.6,0.077,0.083,2.9,3.3,5.7,0.588,0.0,0.0,0.0,0.0,0.0,0.0,0.0,0.0,0.0,0.0,0.0,0.0,0.0,0.0,0.0,0.0,0.0,0.0,0.0,0.0,0.0,0.0,5.1,0.523,0.077,0.097,101.95,0.439,0.366,0.439
Dario Šarić,C,29.0,GSW,64.0,9.0,17.2,2.8,6.1,0.466,1.2,3.1,0.376,1.7,3.0,0.56,0.562,1.2,1.5,0.849,1.1,3.3,4.4,2.3,0.5,0.2,1.2,1.8,8.0,119.0,115.0,15.3,0.6,0.508,0.24,7.3,20.4,13.9,17.8,1.4,0.8,15.4,19.5,0.025,0.01875,0.04375,0.123,0.6,0.4,1.0,0.9,-1.1,-5.3,0.625,0.296875,1.171875,0.15625,0.65625,0.09375,5.375,0.140625,0.390625,16.1,0.492,0.152,0.263,0.041,0.036,0.508,0.797,0.48,0.375,0.357,0.654,1.0,0.003,0.015625,0.117,0.261,,,,,,,,,,,,,,,,,,,,,,,,,,,,,,,,,,,,,,,,,,,,,,,,,,,,,,,,,,,,,,,,,
Olivier Sarr,C,24.0,OKC,15.0,0.0,6.5,0.7,1.3,0.579,0.1,0.4,0.333,0.6,0.9,0.692,0.632,0.7,1.0,0.667,0.7,1.7,2.4,0.1,0.0,0.5,0.2,1.2,2.3,135.0,109.0,14.8,0.664,0.316,0.789,11.8,28.5,20.5,2.5,0.0,6.6,10.5,12.7,0.013333333333333334,0.013333333333333334,0.02666666666666667,0.186,-2.6,-0.1,-2.6,0.0,1.1,-7.0,0.0,0.13333333333333333,0.7333333333333333,0.06666666666666667,0.4666666666666667,0.0,0.4,0.06666666666666667,0.0,8.9,0.684,0.579,0.105,0.0,0.0,0.316,0.818,0.0,0.0,0.0,0.889,1.0,0.263,0.3333333333333333,0.5,0.667,1.53,1.27,0.27,0.13,0.0,0.6,1.33,0.0,0.07,0.07,0.0,1.0,0.13,0.73,0.87,0.87,0.2,0.154,0.846,1.0,0.231,7.3,4.1,0.1,0.0,0.1,0.6,0.4,0.2,0.018,0.028,1.9,3.5,5.3,0.563,0.0,0.0,0.0,0.0,0.0,0.0,0.0,0.0,0.0,0.0,0.0,0.0,0.0,0.0,0.0,0.0,0.0,0.0,0.0,0.0,0.0,0.0,3.09,0.382,-0.082,0.029,101.42,0.529,0.176,0.529
Marcus Sasser,PG,23.0,DET,71.0,11.0,19.0,3.1,7.2,0.428,1.3,3.4,0.375,1.8,3.8,0.474,0.516,0.8,0.9,0.879,0.2,1.6,1.8,3.3,0.6,0.2,1.3,1.5,8.3,108.0,120.0,11.8,0.542,0.469,0.129,0.9,9.6,5.2,25.4,1.6,0.8,14.3,19.9,0.004225352112676056,0.008450704225352112,0.01267605633802817,0.033,-1.5,-1.1,-2.6,-0.2,-9.5,-0.9,0.676056338028169,0.39436619718309857,0.8028169014084507,0.04225352112676056,0.352112676056338,0.16901408450704225,8.070422535211268,0.07042253521126761,0.3380281690140845,17.7,0.531,0.088,0.164,0.166,0.113,0.469,0.644,0.452,0.482,0.362,0.318,0.644,0.002,0.014084507042253521,0.154,0.432,2.39,1.25,1.14,1.15,0.01,0.14,0.3,0.14,0.24,0.38,0.37,0.63,0.0,0.08,0.08,0.08,0.01,0.0,1.0,1.0,0.167,28.3,32.9,3.4,0.3,0.4,5.3,8.7,4.1,0.119,0.144,0.7,3.1,3.7,0.558,0.0,0.0,0.3,0.044,0.714,0.4,3.9,0.486,0.908,4.3,0.0,0.0,0.0,0.0,2.0,0.224,1.028,2.0,0.0,0.0,0.0,0.0,6.99,0.488,0.031,0.263,102.01,0.44,0.461,0.311
Admiral Schofield,PF,26.0,ORL,23.0,0.0,3.7,0.4,1.1,0.385,0.3,0.7,0.375,0.2,0.4,0.4,0.5,0.0,0.1,0.0,0.1,0.6,0.7,0.3,0.0,0.0,0.2,0.4,1.1,95.0,114.0,6.0,0.484,0.615,0.077,4.2,19.7,11.9,11.6,0.6,0.0,15.7,16.6,-0.004347826086956522,0.004347826086956522,0.0,0.006,-4.1,-0.8,-4.9,-0.1,-7.7,-9.7,0.043478260869565216,0.08695652173913043,0.21739130434782608,0.08695652173913043,0.043478260869565216,0.08695652173913043,0.7391304347826086,0.0,0.13043478260869565,18.2,0.385,0.192,0.115,0.0,0.077,0.615,0.6,0.0,0.0,0.5,0.5,1.0,0.154,0.08695652173913043,0.25,0.5,0.52,0.13,0.39,0.13,0.0,0.17,0.48,0.0,0.0,0.0,0.0,0.0,0.04,0.17,0.22,0.22,0.13,0.2,0.8,1.0,0.6,5.5,4.2,0.3,0.0,0.0,0.7,0.7,0.3,0.056,0.056,0.4,1.3,1.7,0.8,0.0,0.0,0.0,0.0,0.0,0.0,0.0,0.0,0.0,0.0,0.0,0.0,0.0,0.0,0.0,0.0,0.0,0.0,0.0,0.0,0.0,0.0,1.4,0.286,-0.187,0.163,101.85,0.308,0.692,0.231
Dennis Schröder,PG,30.0,TOT,80.0,58.0,31.1,5.0,11.6,0.435,1.7,4.6,0.375,3.3,7.0,0.474,0.509,2.2,2.7,0.836,0.5,2.5,3.0,6.1,0.8,0.2,1.9,2.1,14.0,114.0,121.0,13.3,0.55,0.397,0.23,1.7,9.2,5.3,28.0,1.2,0.6,13.0,20.3,0.028749999999999998,0.0125,0.041249999999999995,0.063,-0.5,-1.3,-1.8,0.1,-3.2,3.6,1.1875,0.475,0.7,0.125,0.9625,0.3125,14.6,0.2,0.825,15.2,0.603,0.193,0.173,0.148,0.09,0.397,0.609,0.375,0.445,0.422,0.332,0.812,0.0,0.0,0.168,0.387,,,,,,,,,,,,,,,,,,,,,,,,,,,,,,,,,,,,,,,,,,,,,,,,,,,,,,,,,,,,,,,,,
Dereon Seabron,SG,23.0,NOP,6.0,0.0,9.2,0.7,2.2,0.308,0.2,0.3,0.5,0.5,1.8,0.273,0.346,0.8,1.0,0.833,0.2,1.0,1.2,0.8,0.3,0.2,0.0,0.7,2.3,115.0,114.0,9.2,0.448,0.154,0.462,2.0,12.0,7.1,11.2,1.8,1.8,0.0,12.4,0.0,0.016666666666666666,0.016666666666666666,0.087,-2.7,1.2,-1.5,0.0,23.9,19.6,0.0,0.0,0.3333333333333333,0.0,0.5,0.16666666666666666,2.0,0.0,0.16666666666666666,7.9,0.846,0.385,0.231,0.231,0.0,0.154,0.4,0.0,0.333,0.0,0.0,1.0,0.0,0.0,0.5,0.0,1.67,1.0,0.67,0.33,0.0,0.0,0.0,0.17,0.0,0.17,1.0,0.0,0.0,0.17,0.17,0.17,0.0,0.0,1.0,1.0,0.0,11.7,9.2,0.8,0.2,0.2,1.5,2.0,1.2,0.071,0.1,0.7,3.0,3.7,0.636,0.0,0.0,0.0,0.0,0.0,0.0,0.0,0.0,0.0,0.0,0.0,0.0,0.0,0.0,0.0,0.0,0.0,0.0,0.0,0.0,0.0,0.0,4.17,0.32,-0.122,0.116,103.26,0.429,0.214,0.429
Alperen Sengun,C,21.0,HOU,63.0,63.0,32.5,8.4,15.6,0.537,0.5,1.8,0.297,7.8,13.8,0.567,0.553,3.9,5.6,0.693,2.9,6.4,9.3,5.0,1.2,0.7,2.6,3.3,21.1,118.0,111.0,22.0,0.585,0.113,0.358,9.5,21.5,15.4,25.2,1.8,2.1,12.5,27.0,0.06031746031746031,0.049206349206349205,0.10952380952380952,0.163,3.1,1.7,4.9,3.5,0.4,-1.7,0.9523809523809523,0.9365079365079365,1.873015873015873,0.31746031746031744,2.507936507936508,0.3492063492063492,12.047619047619047,0.6349206349206349,1.1904761904761905,7.9,0.887,0.338,0.394,0.115,0.04,0.113,0.69,0.496,0.513,0.385,0.626,1.0,0.075,1.0158730158730158,0.018,0.0,9.24,7.02,2.22,2.38,0.13,4.11,9.6,0.57,0.27,0.84,0.679,0.321,0.73,1.87,2.6,2.46,1.33,0.28,0.72,0.957,0.519,39.5,44.8,5.0,0.3,0.5,8.4,12.6,5.7,0.125,0.145,6.5,11.0,17.0,0.55,3.8,2.2,1.8,0.108,0.823,2.2,0.2,0.012,0.75,0.3,6.2,0.262,1.135,5.4,1.7,0.088,0.913,1.8,2.4,0.099,1.155,2.0,18.87,0.492,-0.007,0.248,99.22,0.742,0.074,0.697
Brice Sensabaugh,SF,20.0,UTA,32.0,11.0,18.3,2.7,6.8,0.39,1.1,3.6,0.296,1.6,3.2,0.495,0.468,1.2,1.3,0.902,0.5,2.7,3.2,1.7,0.4,0.2,1.5,1.3,7.5,99.0,122.0,8.6,0.511,0.528,0.188,3.0,16.1,9.6,13.0,1.1,0.9,16.6,20.3,-0.015625,0.00625,-0.009375,-0.024,-3.3,-2.1,-5.5,-0.5,-13.8,-10.5,0.59375,0.5625,0.8125,0.15625,0.5625,0.125,4.03125,0.09375,0.40625,17.3,0.472,0.041,0.248,0.138,0.046,0.528,0.667,0.463,0.567,0.3,0.51,0.794,0.009,0.0625,0.296,0.353,1.97,0.72,1.25,0.69,0.0,0.25,0.66,0.16,0.16,0.31,0.5,0.5,0.06,0.09,0.16,0.16,0.06,0.4,0.6,1.0,0.4,14.3,16.4,1.7,0.1,0.2,2.7,4.1,1.9,0.117,0.133,1.4,5.0,6.3,0.606,0.0,0.0,0.3,0.046,0.615,0.4,1.6,0.208,0.847,1.8,0.0,0.0,0.0,0.0,2.5,0.353,0.81,3.1,0.3,0.035,0.9,0.3,7.24,0.467,0.008,0.134,101.44,0.423,0.423,0.324
Collin Sexton,SG,25.0,UTA,78.0,51.0,26.6,6.5,13.3,0.487,1.6,4.2,0.394,4.8,9.1,0.53,0.549,4.1,4.7,0.859,0.9,1.7,2.6,4.9,0.8,0.2,2.1,2.0,18.7,122.0,123.0,19.9,0.607,0.313,0.356,3.8,7.1,5.4,29.5,1.4,0.8,12.1,27.5,0.06666666666666667,0.003846153846153846,0.07051282051282051,0.127,3.8,-1.9,1.9,2.0,-3.0,4.0,0.8589743589743589,0.6666666666666666,0.8974358974358975,0.20512820512820512,2.0641025641025643,0.3333333333333333,11.935897435897436,0.5384615384615384,1.4487179487179487,12.3,0.687,0.203,0.346,0.098,0.039,0.313,0.744,0.451,0.402,0.439,0.418,0.805,0.027,0.2948717948717949,0.212,0.435,2.17,0.96,1.21,1.67,0.01,0.56,1.41,0.46,0.32,0.78,0.59,0.41,0.01,0.08,0.09,0.09,0.01,0.143,0.857,1.0,0.143,32.8,45.3,4.9,0.3,0.5,8.4,12.6,5.7,0.15,0.173,3.1,3.4,6.4,0.445,0.0,0.0,1.7,0.111,0.874,1.9,4.4,0.259,0.98,4.5,0.0,0.0,0.0,0.0,3.7,0.178,1.178,3.1,1.0,0.042,1.333,0.7,9.0,0.496,0.028,0.283,101.71,0.519,0.263,0.469
Landry Shamet,SG,26.0,WAS,46.0,5.0,15.8,2.6,6.0,0.431,1.2,3.4,0.338,1.4,2.5,0.556,0.527,0.8,1.0,0.826,0.3,1.0,1.3,1.2,0.5,0.2,0.7,1.7,7.1,107.0,122.0,10.5,0.556,0.573,0.168,2.3,6.9,4.6,10.2,1.6,1.1,9.3,18.8,0.002173913043478261,0.004347826086956522,0.006521739130434782,0.022,-2.7,-1.3,-4.0,-0.4,-9.4,-0.2,0.34782608695652173,0.1956521739130435,0.8478260869565217,0.043478260869565216,0.5217391304347826,0.15217391304347827,2.9565217391304346,0.2391304347826087,0.45652173913043476,17.8,0.427,0.153,0.135,0.073,0.066,0.573,0.69,0.405,0.55,0.556,0.738,0.925,0.044,0.17391304347826086,0.274,0.419,2.74,1.72,1.02,1.09,0.0,0.28,0.76,0.11,0.15,0.26,0.417,0.583,0.0,0.26,0.26,0.24,0.02,0.0,1.0,0.917,0.083,14.6,16.9,1.2,0.1,0.2,2.0,3.1,1.5,0.08,0.1,0.8,2.3,3.1,0.602,0.0,0.0,0.0,0.0,0.0,0.0,0.7,0.097,1.0,0.7,0.2,0.031,0.9,0.2,2.2,0.316,1.01,2.2,0.3,0.031,1.4,0.2,6.67,0.498,0.032,0.104,103.63,0.398,0.486,0.287
Day'Ron Sharpe,C,22.0,BRK,61.0,1.0,15.1,2.8,4.8,0.571,0.1,0.2,0.267,2.7,4.6,0.588,0.578,1.2,2.0,0.61,2.6,3.7,6.4,1.4,0.4,0.7,1.1,2.1,6.8,120.0,112.0,20.0,0.596,0.051,0.418,18.6,27.9,23.1,14.0,1.3,4.3,16.7,19.7,0.02622950819672131,0.021311475409836068,0.047540983606557376,0.152,-0.4,0.4,0.0,0.5,4.7,10.0,0.4918032786885246,0.26229508196721313,1.0163934426229508,0.29508196721311475,1.0491803278688525,0.01639344262295082,3.2459016393442623,0.3114754098360656,0.47540983606557374,3.7,0.949,0.643,0.289,0.014,0.003,0.051,0.688,0.4,0.0,0.0,0.616,1.0,0.167,0.7213114754098361,0.267,0.25,4.44,3.38,1.07,1.02,0.02,2.34,5.11,0.34,0.15,0.49,0.7,0.3,0.93,1.02,1.95,1.9,1.41,0.479,0.521,0.975,0.723,19.3,13.2,1.3,0.1,0.1,1.9,3.4,1.6,0.069,0.081,5.9,6.4,12.1,0.533,0.6,0.3,0.0,0.0,0.0,0.0,0.0,0.0,0.0,0.0,1.5,0.166,1.362,1.1,0.2,0.05,0.524,0.3,1.3,0.197,0.951,1.3,8.43,0.49,0.0,0.137,99.62,0.79,0.029,0.79
Shaedon Sharpe,SG,20.0,POR,32.0,25.0,33.1,5.5,13.6,0.406,1.9,5.6,0.333,3.6,7.9,0.457,0.475,3.1,3.7,0.824,1.3,3.7,5.0,2.9,0.9,0.4,2.3,2.8,15.9,105.0,119.0,11.4,0.524,0.415,0.274,4.2,13.3,8.5,13.8,1.3,1.0,12.9,22.4,-0.00625,0.01875,0.015625,0.022,-1.9,-0.9,-2.8,-0.2,-10.7,-1.8,1.21875,0.625,0.875,0.28125,1.625,0.28125,7.25,0.375,1.03125,14.9,0.585,0.235,0.168,0.099,0.083,0.415,0.569,0.37,0.372,0.417,0.466,0.717,0.071,0.8125,0.156,0.393,3.97,1.94,2.03,1.75,0.0,0.19,0.38,0.47,0.28,0.75,0.625,0.375,0.0,0.28,0.28,0.28,0.09,0.0,1.0,1.0,0.333,28.9,37.1,2.9,0.1,0.3,6.1,7.6,3.3,0.102,0.116,3.3,6.3,9.3,0.539,0.1,0.0,1.1,0.068,0.921,1.2,3.6,0.306,0.678,5.3,0.0,0.0,0.0,0.0,3.3,0.163,1.176,2.8,1.2,0.052,1.276,0.9,11.53,0.528,0.061,0.138,99.67,0.455,0.353,0.357
Ben Sheppard,SG,22.0,IND,57.0,1.0,14.3,1.6,4.0,0.393,0.9,2.7,0.314,0.7,1.3,0.562,0.5,0.4,0.5,0.885,0.3,1.3,1.6,0.9,0.6,0.0,0.3,1.5,4.4,112.0,120.0,8.1,0.524,0.681,0.114,2.1,10.3,6.2,7.5,1.9,0.2,5.9,13.2,0.005263157894736842,0.007017543859649123,0.014035087719298246,0.046,-3.3,-0.1,-3.4,-0.3,5.4,3.0,0.14035087719298245,0.05263157894736842,0.8771929824561403,0.05263157894736842,0.17543859649122806,0.08771929824561403,2.175438596491228,0.05263157894736842,0.24561403508771928,18.1,0.319,0.162,0.114,0.035,0.009,0.681,0.676,0.385,0.5,1.0,0.659,0.98,0.026,0.08771929824561403,0.506,0.38,2.12,1.35,0.77,0.82,0.0,0.11,0.26,0.14,0.11,0.25,0.571,0.429,0.0,0.19,0.19,0.19,0.11,0.0,1.0,1.0,0.545,16.1,14.4,0.9,0.1,0.2,1.3,2.3,1.2,0.058,0.076,1.3,3.3,4.3,0.575,0.0,0.0,0.0,0.0,0.0,0.0,0.1,0.059,0.333,0.3,0.0,0.0,0.0,0.0,0.0,0.0,0.0,0.0,0.5,0.091,1.304,0.4,5.62,0.5,0.037,0.072,104.58,0.325,0.583,0.294
Pascal Siakam,PF,29.0,TOT,80.0,80.0,33.2,8.5,15.9,0.536,1.1,3.1,0.346,7.5,12.8,0.581,0.569,3.6,5.0,0.732,1.7,5.3,7.1,4.3,0.8,0.3,1.8,2.4,21.7,121.0,119.0,19.7,0.601,0.194,0.312,5.8,18.1,11.9,19.4,1.1,0.8,8.9,25.3,0.0675,0.01875,0.08625000000000001,0.124,2.6,-0.7,1.9,2.7,1.7,5.3,0.7125,0.5,0.875,0.3125,2.6125,0.1,10.5375,0.8125,0.5875,9.9,0.806,0.304,0.312,0.129,0.061,0.194,0.739,0.515,0.445,0.423,0.507,0.976,0.033,0.5,0.297,0.466,5.36,2.85,2.51,1.53,0.01,0.78,1.79,0.36,0.44,0.8,0.453,0.547,0.14,0.9,1.04,1.0,0.53,0.133,0.867,1.0,0.525,37.0,42.3,4.3,0.3,0.7,7.5,11.1,5.3,0.116,0.142,3.6,7.7,10.8,0.655,2.1,1.4,1.6487500000000002,0.08963750000000001,0.9366875,1.75125,1.85625,0.1136125,0.8379875,2.2,0.95625,0.037224999999999994,1.3256875000000001,0.7537499999999999,4.5,0.217,1.012,4.4,1.7387500000000002,0.06118749999999999,1.46065,1.1925000000000001,13.85,0.5,0.024,0.189,100.99,0.686,0.147,0.603
Ben Simmons,PG,27.0,BRK,15.0,12.0,23.9,2.9,4.9,0.581,0.0,0.0,0.0,2.9,4.9,0.581,0.581,0.4,1.0,0.4,2.1,5.9,7.9,5.7,0.8,0.6,1.8,2.4,6.1,121.0,112.0,16.3,0.571,0.0,0.203,9.2,27.6,18.1,33.2,1.7,2.3,25.1,13.0,0.03333333333333333,0.03333333333333333,0.06666666666666667,0.133,-0.5,2.9,2.4,0.4,-3.1,-0.2,1.1333333333333333,0.26666666666666666,1.0,0.26666666666666666,0.3333333333333333,0.2,14.466666666666667,0.06666666666666667,0.2,3.2,1.0,0.649,0.297,0.054,0.0,0.0,0.75,0.273,0.25,0.0,0.581,0.0,0.149,0.7333333333333333,0.0,0.0,3.33,1.87,1.47,2.0,0.07,2.93,6.8,0.2,0.47,0.67,0.3,0.7,0.13,0.73,0.87,0.8,0.47,0.154,0.846,0.923,0.538,49.9,39.2,5.7,0.3,0.3,9.5,15.1,6.3,0.115,0.126,3.5,8.3,11.4,0.696,0.7,0.3,0.5,0.102,0.636,0.7,0.0,0.0,0.0,0.0,0.0,0.0,0.0,0.0,0.0,0.0,0.0,0.0,0.0,0.0,0.0,0.0,9.8,0.524,0.04,0.306,102.24,0.935,0.0,0.935
Kobi Simmons,PG,26.0,TOR,4.0,0.0,16.8,2.3,5.3,0.429,0.5,2.0,0.25,1.8,3.3,0.538,0.476,0.0,0.0,0.0,0.3,1.5,1.8,3.0,1.5,0.5,0.3,1.3,5.0,116.0,113.0,14.5,0.476,0.381,0.0,1.6,10.1,5.7,24.2,4.3,2.6,4.5,14.0,0.025,0.025,0.025,0.098,-2.6,1.6,-1.0,0.0,-24.6,-18.4,0.25,0.0,0.5,0.0,0.0,0.5,7.0,0.0,0.5,13.1,0.619,0.286,0.19,0.095,0.048,0.381,0.5,0.5,1.0,0.0,0.429,1.0,0.048,0.25,0.5,0.0,1.5,0.5,1.0,2.0,0.5,0.5,1.25,0.25,0.25,0.5,0.5,0.5,0.0,0.25,0.25,0.25,0.0,0.0,1.0,1.0,0.0,28.3,27.3,3.0,0.5,0.5,5.0,7.5,4.0,0.106,0.142,1.0,2.8,3.8,0.467,0.0,0.0,0.0,0.0,0.0,0.0,0.0,0.0,0.0,0.0,0.0,0.0,0.0,0.0,0.0,0.0,0.0,0.0,0.0,0.0,0.0,0.0,6.25,0.44,-0.006,0.3,98.94,0.7,0.3,0.6
Anfernee Simons,SG,24.0,POR,46.0,46.0,34.4,7.8,18.2,0.43,3.4,8.8,0.385,4.4,9.4,0.472,0.523,3.5,3.9,0.916,0.5,3.2,3.6,5.5,0.5,0.1,2.7,2.1,22.6,113.0,121.0,15.9,0.568,0.484,0.213,1.5,10.9,5.9,27.6,0.7,0.3,12.1,28.0,0.03695652173913044,0.010869565217391304,0.04782608695652174,0.068,2.7,-2.5,0.2,0.8,-10.3,-1.6,1.391304347826087,0.9130434782608695,1.2173913043478262,0.1956521739130435,1.608695652173913,0.08695652173913043,12.934782608695652,0.32608695652173914,1.108695652173913,17.1,0.516,0.14,0.183,0.105,0.088,0.484,0.658,0.392,0.477,0.338,0.162,0.622,0.018,0.30434782608695654,0.077,0.29,3.41,1.67,1.74,0.93,0.02,0.33,0.74,0.35,0.39,0.74,0.471,0.529,0.0,0.09,0.09,0.09,0.04,0.0,1.0,1.0,0.5,48.2,62.7,5.5,0.6,1.0,10.0,13.9,7.1,0.114,0.146,1.3,5.0,6.3,0.584,0.0,0.0,3.2,0.162,0.868,3.6,8.2,0.399,0.922,8.9,0.0,0.0,0.0,0.0,0.0,0.0,0.0,0.0,0.0,0.0,0.0,0.0,13.43,0.542,0.067,0.268,97.9,0.393,0.45,0.31
Zavier Simpson,PG,26.0,MEM,7.0,0.0,23.0,2.4,7.7,0.315,0.7,2.4,0.294,1.7,5.3,0.324,0.361,0.4,0.6,0.75,0.6,2.3,2.9,3.6,1.0,0.4,1.4,1.6,6.0,86.0,115.0,6.3,0.377,0.315,0.074,2.6,11.3,6.8,22.5,2.1,1.7,15.2,17.5,-0.04285714285714286,0.028571428571428574,-0.028571428571428574,-0.046,-6.2,0.3,-5.9,-0.2,-9.4,-2.2,1.1428571428571428,0.2857142857142857,1.1428571428571428,0.0,0.2857142857142857,0.0,9.0,0.0,1.0,13.4,0.685,0.167,0.333,0.093,0.093,0.315,0.667,0.222,0.0,0.4,0.25,0.8,0.019,0.0,0.118,0.0,3.14,1.14,2.0,1.57,0.0,0.0,0.0,0.43,0.43,0.86,0.5,0.5,0.0,0.14,0.14,0.14,0.0,0.0,1.0,1.0,0.0,37.6,40.6,3.6,0.1,0.1,8.6,9.4,3.9,0.095,0.103,1.4,4.3,5.7,0.5,0.0,0.0,0.0,0.0,0.0,0.0,2.6,0.409,0.667,3.9,0.0,0.0,0.0,0.0,0.0,0.0,0.0,0.0,0.0,0.0,0.0,0.0,8.71,0.443,-0.012,0.231,100.23,0.571,0.357,0.429
Jericho Sims,C,25.0,NYK,45.0,11.0,13.0,0.8,1.2,0.691,0.0,0.0,0.0,0.8,1.2,0.691,0.691,0.4,0.5,0.667,1.2,2.0,3.3,0.6,0.2,0.4,0.4,1.0,2.0,141.0,114.0,10.9,0.702,0.0,0.436,10.7,17.5,14.1,5.4,0.7,3.0,19.6,6.0,0.02,0.015555555555555555,0.03333333333333333,0.127,-2.4,0.7,-1.8,0.0,-0.8,-6.5,0.13333333333333333,0.06666666666666667,0.5111111111111111,0.15555555555555556,0.28888888888888886,0.044444444444444446,1.3333333333333333,0.13333333333333333,0.044444444444444446,2.1,1.0,0.8,0.182,0.018,0.0,0.0,0.795,0.3,0.0,0.0,0.632,0.0,0.582,0.5777777777777777,0.0,0.0,3.44,2.82,0.62,0.44,0.0,1.2,2.73,0.09,0.11,0.2,0.444,0.556,0.4,0.91,1.31,1.2,0.69,0.305,0.695,0.982,0.564,13.5,7.3,0.6,0.0,0.1,1.0,1.3,0.6,0.041,0.044,3.5,4.0,7.3,0.566,0.0,0.0,0.0,0.0,0.0,0.0,0.0,0.0,0.0,0.0,0.3,0.177,1.071,0.3,0.0,0.0,0.0,0.0,0.6,0.241,1.368,0.4,6.56,0.512,0.014,0.059,93.66,0.826,0.0,0.826
Dmytro Skapintsev,C,25.0,NYK,2.0,0.0,1.0,0.0,0.5,0.0,0.0,0.0,0.0,0.0,0.5,0.0,0.0,0.0,0.0,0.0,0.0,0.0,0.0,0.0,0.0,0.0,0.0,0.0,0.0,0.0,122.0,-19.3,0.0,0.0,0.0,0.0,0.0,0.0,0.0,0.0,0.0,0.0,21.6,0.0,0.0,0.0,-0.483,-16.0,-9.8,-25.9,0.0,-25.0,-29.8,0.0,0.0,0.0,0.0,0.0,0.0,0.0,0.0,0.0,4.2,1.0,0.0,1.0,0.0,0.0,0.0,0.0,0.0,0.0,0.0,0.0,0.0,0.0,0.0,0.0,0.0,0.5,0.5,0.0,0.0,0.0,0.0,0.0,0.0,0.0,0.0,0.0,0.0,0.0,0.0,0.0,0.0,0.0,0.0,0.0,0.0,0.0,1.5,1.5,0.0,0.0,0.0,0.0,0.0,0.0,0.0,0.0,0.0,0.0,0.0,0.0,0.5,0.0,0.0,0.0,0.0,0.0,0.0,0.0,0.0,0.0,0.0,0.0,0.0,0.0,0.0,0.0,0.0,0.0,0.0,0.0,0.0,0.0,1.5,0.333,-0.154,0.0,101.25,0.0,0.0,0.0
Jalen Slawson,SF,24.0,SAC,12.0,0.0,3.1,0.3,0.5,0.667,0.0,0.2,0.0,0.3,0.3,1.0,0.667,0.0,0.0,0.0,0.1,0.5,0.6,0.2,0.1,0.1,0.2,0.7,0.7,107.0,114.0,6.6,0.667,0.333,0.0,3.0,18.6,10.6,6.9,1.3,2.5,25.0,9.2,0.0,0.0,0.0,0.058,-7.5,1.1,-6.4,0.0,-8.0,-9.4,0.08333333333333333,0.0,0.3333333333333333,0.08333333333333333,0.0,0.0,0.4166666666666667,0.0,0.0,11.1,0.667,0.5,0.0,0.167,0.0,0.333,1.0,0.0,1.0,0.0,0.75,0.0,0.167,0.08333333333333333,0.0,0.0,0.25,0.25,0.0,0.08,0.0,0.0,0.0,0.0,0.0,0.0,0.0,0.0,0.0,0.0,0.0,0.0,0.0,0.0,0.0,0.0,0.0,4.5,2.8,0.2,0.1,0.1,0.4,0.5,0.3,0.037,0.074,0.7,3.0,3.7,0.545,0.0,0.0,0.0,0.0,0.0,0.0,0.0,0.0,0.0,0.0,0.0,0.0,0.0,0.0,0.0,0.0,0.0,0.0,0.0,0.0,0.0,0.0,1.63,0.385,-0.068,0.071,96.71,1.0,0.0,1.0
Javonte Smart,PG,24.0,PHI,1.0,0.0,1.0,0.0,0.0,0.0,0.0,0.0,0.0,0.0,0.0,0.0,0.0,0.0,0.0,0.0,0.0,0.0,0.0,0.0,0.0,0.0,0.0,0.0,0.0,0.0,124.0,0.0,0.0,0.0,0.0,0.0,0.0,0.0,0.0,0.0,0.0,0.0,0.0,0.0,0.0,0.0,0.005,-6.2,-2.1,-8.3,0.0,-300.0,-303.0,0.0,0.0,0.0,0.0,0.0,0.0,0.0,0.0,0.0,0.0,0.0,0.0,0.0,0.0,0.0,0.0,0.0,0.0,0.0,0.0,0.0,0.0,0.0,0.0,0.0,0.0,1.0,0.0,1.0,0.0,0.0,0.0,0.0,0.0,0.0,0.0,0.0,0.0,0.0,0.0,0.0,0.0,0.0,0.0,0.0,0.0,0.0,0.0,1.0,0.0,0.0,0.0,0.0,0.0,0.0,0.0,0.0,0.0,0.0,0.0,0.0,0.0,0.0,0.0,0.0,0.0,0.0,0.0,0.0,0.0,0.0,0.0,0.0,0.0,0.0,0.0,0.0,0.0,0.0,0.0,0.0,0.0,0.0,1.0,0.0,-0.418,0.0,108.0,0.0,0.0,0.0
Marcus Smart,PG,29.0,MEM,20.0,20.0,30.3,5.1,11.9,0.43,2.1,6.7,0.313,3.0,5.2,0.583,0.519,2.2,2.8,0.768,0.3,2.4,2.7,4.3,2.1,0.3,3.1,2.7,14.5,100.0,113.0,11.8,0.552,0.565,0.236,1.0,8.9,4.8,22.7,3.3,0.8,19.2,22.9,-0.025,0.034999999999999996,0.01,0.02,-3.3,0.9,-2.4,0.0,-1.2,7.2,1.7,0.6,0.8,0.4,0.8,0.6,10.5,0.25,0.25,18.1,0.435,0.105,0.177,0.118,0.034,0.565,0.68,0.548,0.571,0.5,0.25,0.905,0.0,0.0,0.209,0.357,3.8,1.45,2.35,2.95,0.3,0.5,1.25,0.4,0.65,1.05,0.381,0.619,0.0,0.85,0.85,0.8,0.1,0.0,1.0,0.941,0.118,34.5,42.5,4.3,0.4,0.3,8.3,10.9,4.9,0.125,0.142,1.4,4.3,5.4,0.515,1.0,0.6,0.8,0.046,1.067,0.8,3.5,0.278,0.767,4.5,0.0,0.0,0.0,0.0,0.0,0.0,0.0,0.0,0.0,0.0,0.0,0.0,9.0,0.411,-0.069,0.211,102.65,0.415,0.436,0.353
Dennis Smith Jr,PG,26.0,BRK,56.0,2.0,18.9,2.6,6.0,0.435,0.6,1.9,0.294,2.1,4.1,0.502,0.482,0.8,1.0,0.741,0.9,2.0,2.9,3.6,1.2,0.2,1.2,2.2,6.6,110.0,114.0,13.4,0.508,0.322,0.172,5.0,12.1,8.5,27.3,3.2,1.0,15.8,17.7,0.008928571428571428,0.023214285714285715,0.03214285714285715,0.08,-2.6,1.8,-0.8,0.3,0.7,5.0,0.6428571428571429,0.26785714285714285,1.0178571428571428,0.16071428571428573,0.44642857142857145,0.10714285714285714,8.767857142857142,0.10714285714285714,0.42857142857142855,11.5,0.678,0.37,0.198,0.044,0.065,0.322,0.672,0.299,0.267,0.318,0.426,0.875,0.083,0.44642857142857145,0.349,0.342,,,,,,,,,,,,,,,,,,,,,,,,,,,,,,,,,,,,,,,,,,,,,,,,,,,,,,,,,,,,,,,,,
Dru Smith,SG,26.0,MIA,9.0,0.0,14.6,1.7,3.7,0.455,0.8,1.9,0.412,0.9,1.8,0.5,0.561,0.2,0.2,1.0,0.7,0.9,1.6,1.6,1.0,0.3,0.6,1.3,4.3,118.0,110.0,12.8,0.576,0.515,0.061,5.1,7.0,6.1,15.0,3.4,2.2,12.9,13.2,0.011111111111111112,0.022222222222222223,0.03333333333333333,0.125,-1.8,3.2,1.4,0.1,-14.1,-16.7,0.5555555555555556,0.0,0.6666666666666666,0.0,0.1111111111111111,0.3333333333333333,3.6666666666666665,0.0,0.1111111111111111,15.4,0.485,0.273,0.121,0.061,0.03,0.515,0.667,0.5,0.0,0.0,0.5,0.857,0.0,0.0,0.235,0.75,2.89,1.33,1.56,2.67,0.0,0.0,0.0,0.11,0.0,0.11,1.0,0.0,0.0,0.11,0.11,0.0,0.0,0.0,1.0,0.0,0.0,20.9,18.8,1.6,0.2,0.0,4.4,4.1,1.8,0.074,0.085,2.5,3.5,6.0,0.389,0.0,0.0,0.0,0.0,0.0,0.0,0.0,0.0,0.0,0.0,0.0,0.0,0.0,0.0,1.7,0.256,1.5,1.1,0.0,0.0,0.0,0.0,6.88,0.564,0.096,0.187,99.74,0.41,0.538,0.41
Ish Smith,PG,35.0,CHO,43.0,5.0,17.2,1.5,3.7,0.418,0.1,0.2,0.5,1.4,3.5,0.413,0.43,0.1,0.1,0.75,0.3,1.5,1.8,3.4,0.4,0.1,1.1,1.1,3.2,97.0,123.0,6.8,0.435,0.051,0.025,1.6,10.2,5.8,26.4,1.1,0.5,22.7,12.3,-0.011627906976744186,0.004651162790697674,-0.009302325581395349,-0.025,-5.6,-1.2,-6.8,-0.9,-18.4,-9.6,0.7674418604651163,0.2558139534883721,0.9302325581395349,0.023255813953488372,0.023255813953488372,0.16279069767441862,8.046511627906977,0.0,0.16279069767441862,10.3,0.949,0.222,0.278,0.31,0.139,0.051,0.457,0.477,0.306,0.455,0.387,0.75,0.0,0.0,0.125,1.0,1.74,0.49,1.26,0.86,0.07,0.49,1.09,0.14,0.28,0.42,0.333,0.667,0.0,0.14,0.14,0.14,0.0,0.0,1.0,1.0,0.0,28.3,28.0,3.4,0.4,0.3,6.1,8.7,4.0,0.119,0.143,0.8,3.4,4.1,0.543,0.0,0.0,0.1,0.058,0.5,0.3,1.2,0.438,0.571,2.1,0.0,0.0,0.0,0.0,0.7,0.183,0.763,0.9,0.3,0.048,1.2,0.2,7.14,0.505,0.042,0.268,100.59,0.892,0.086,0.604
Jabari Smith Jr,PF,20.0,HOU,76.0,76.0,31.9,5.0,11.0,0.454,1.8,5.0,0.363,3.2,6.0,0.53,0.537,2.0,2.4,0.811,1.8,6.3,8.1,1.6,0.7,0.8,1.2,2.6,13.7,116.0,113.0,13.8,0.571,0.456,0.222,6.1,21.3,13.6,7.1,1.0,2.3,8.9,17.6,0.031578947368421054,0.042105263157894736,0.07368421052631578,0.111,-0.5,0.1,-0.4,1.0,-2.1,-8.2,0.4605263157894737,0.3815789473684211,1.4473684210526316,0.17105263157894737,1.1710526315789473,0.039473684210526314,3.8815789473684212,0.25,0.7368421052631579,16.1,0.544,0.187,0.14,0.142,0.074,0.456,0.686,0.479,0.458,0.371,0.617,0.949,0.066,0.6052631578947368,0.182,0.464,,,,,,,,,,,,,,,,,,,,,,,,,,,,,,,,,,,,,,,,,,,,,,,,,,,,,,,,,,,,,,,,,
Jalen Smith,C,23.0,IND,61.0,14.0,17.2,3.8,6.5,0.592,1.0,2.4,0.424,2.8,4.1,0.689,0.67,1.2,1.7,0.692,1.8,3.7,5.5,1.0,0.3,0.6,0.7,2.0,9.9,133.0,117.0,20.7,0.682,0.365,0.263,12.1,24.3,18.2,8.0,0.8,2.9,9.1,19.4,0.05081967213114754,0.014754098360655738,0.06557377049180328,0.182,3.2,-0.8,2.4,1.2,-0.1,-4.3,0.21311475409836064,0.2786885245901639,1.3442622950819672,0.13114754098360656,0.7868852459016393,0.08196721311475409,2.278688524590164,0.26229508196721313,0.21311475409836064,11.7,0.635,0.41,0.177,0.015,0.033,0.365,0.765,0.557,0.833,0.385,0.671,1.0,0.129,0.8032786885245902,0.167,0.417,4.64,3.28,1.36,0.41,0.02,1.72,3.82,0.16,0.16,0.33,0.5,0.5,0.52,0.75,1.28,1.23,0.82,0.41,0.59,0.962,0.641,16.8,14.8,1.0,0.1,0.1,1.4,2.4,1.2,0.062,0.074,3.9,6.1,9.8,0.572,0.5,0.3,0.0,0.0,0.0,0.0,0.0,0.0,0.0,0.0,1.9,0.176,1.329,1.4,2.3,0.232,1.25,1.8,1.7,0.159,1.364,1.3,8.26,0.508,0.021,0.078,102.98,0.576,0.304,0.546
Nick Smith Jr,SG,19.0,CHO,51.0,0.0,14.3,2.2,5.7,0.391,1.2,2.9,0.432,1.0,2.8,0.35,0.5,0.3,0.3,0.867,0.4,1.1,1.4,1.2,0.2,0.1,0.8,1.1,5.9,98.0,124.0,8.1,0.511,0.505,0.052,2.7,8.6,5.5,12.0,0.7,0.9,11.7,20.3,-0.011764705882352941,0.00196078431372549,-0.00980392156862745,-0.036,-3.1,-2.8,-5.9,-0.7,-14.0,-4.1,0.45098039215686275,0.1568627450980392,0.5882352941176471,0.0392156862745098,0.13725490196078433,0.058823529411764705,2.9215686274509802,0.0196078431372549,0.23529411764705882,18.5,0.495,0.09,0.138,0.138,0.128,0.505,0.385,0.425,0.4,0.189,0.38,0.841,0.007,0.0392156862745098,0.233,0.559,,,,,,,,,,,,,,,,,,,,,,,,,,,,,,,,,,,,,,,,,,,,,,,,,,,,,,,,,,,,,,,,,
Terquavion Smith,PG,21.0,PHI,16.0,0.0,5.3,1.1,2.9,0.391,0.8,2.2,0.371,0.3,0.7,0.455,0.533,0.2,0.3,0.6,0.0,0.3,0.3,0.8,0.5,0.0,0.4,0.5,3.3,103.0,111.0,14.8,0.539,0.761,0.109,0.0,5.4,2.6,22.1,4.7,0.0,12.7,28.4,0.0,0.00625,0.00625,0.05,0.3,0.5,0.8,0.1,-5.0,-8.1,0.3125,0.125,0.25,0.0,0.125,0.0,1.625,0.0625,0.1875,21.1,0.239,0.174,0.022,0.022,0.022,0.761,0.625,0.0,0.0,0.0,0.2,0.846,0.043,0.125,0.086,0.333,0.56,0.06,0.5,0.38,0.0,0.0,0.0,0.0,0.0,0.0,0.0,0.0,0.0,0.19,0.19,0.19,0.06,0.0,1.0,1.0,0.333,7.2,9.0,0.8,0.1,0.2,1.5,2.1,1.1,0.111,0.157,0.0,1.3,1.3,0.75,0.0,0.0,0.0,0.0,0.0,0.0,0.0,0.0,0.0,0.0,0.0,0.0,0.0,0.0,0.0,0.0,0.0,0.0,0.0,0.0,0.0,0.0,3.5,0.536,0.091,0.194,112.48,0.192,0.75,0.192
Jeremy Sochan,PF,20.0,SAS,74.0,73.0,29.6,4.6,10.5,0.438,0.9,3.1,0.308,3.6,7.4,0.492,0.483,1.5,1.9,0.771,1.9,4.6,6.4,3.4,0.8,0.5,1.9,2.3,11.6,104.0,117.0,11.4,0.513,0.293,0.186,6.7,16.9,11.7,16.0,1.3,1.5,14.3,18.8,-0.006756756756756757,0.025675675675675674,0.018918918918918916,0.03,-2.8,-0.6,-3.4,-0.8,-7.4,-2.4,0.8918918918918919,0.5405405405405406,1.1081081081081081,0.16216216216216217,0.9594594594594594,0.20270270270270271,8.14864864864865,0.1891891891891892,0.9054054054054054,11.0,0.707,0.332,0.256,0.084,0.035,0.293,0.659,0.362,0.292,0.333,0.596,0.986,0.098,0.918918918918919,0.317,0.319,6.62,3.96,2.66,1.84,0.0,0.55,1.28,0.39,0.32,0.72,0.547,0.453,0.04,0.22,0.26,0.24,0.07,0.158,0.842,0.947,0.263,36.1,33.7,3.4,0.3,0.5,6.5,8.9,4.2,0.094,0.117,3.9,7.4,11.1,0.598,0.8,0.2,0.3,0.036,0.657,0.5,0.7,0.1,0.541,1.3,0.4,0.03,1.103,0.4,0.0,0.0,0.0,0.0,1.9,0.119,1.171,1.6,14.95,0.481,-0.001,0.161,101.92,0.627,0.244,0.595
Pat Spencer,PG,27.0,GSW,6.0,0.0,4.3,0.3,0.7,0.5,0.0,0.3,0.0,0.3,0.3,1.0,0.5,0.0,0.0,0.0,0.3,0.3,0.7,0.8,0.0,0.0,0.2,0.2,0.7,129.0,122.0,9.4,0.5,0.5,0.0,8.4,8.2,8.3,23.3,0.0,0.0,20.0,8.1,0.0,0.0,0.0,0.084,-3.4,-3.1,-6.4,0.0,-13.8,-16.6,0.16666666666666666,0.0,0.16666666666666666,0.0,0.0,0.0,1.8333333333333333,0.0,0.0,15.6,0.5,0.25,0.25,0.0,0.0,0.5,1.0,1.0,0.0,0.0,0.5,0.0,0.25,0.16666666666666666,0.0,0.0,0.33,0.17,0.17,0.0,0.0,0.0,0.0,0.0,0.0,0.0,0.0,0.0,0.0,0.0,0.0,0.0,0.0,0.0,0.0,0.0,0.0,6.8,5.2,0.8,0.0,0.2,1.0,2.0,1.0,0.118,0.147,2.0,3.0,5.0,0.8,0.0,0.0,0.0,0.0,0.0,0.0,0.0,0.0,0.0,0.0,0.0,0.0,0.0,0.0,0.0,0.0,0.0,0.0,0.0,0.0,0.0,0.0,3.0,0.333,-0.112,0.278,102.92,1.0,0.0,1.0
Jaden Springer,SG-PG,21.0,TOT,49.0,2.0,10.3,1.2,3.0,0.399,0.2,1.0,0.208,1.0,2.0,0.49,0.432,0.7,0.9,0.833,0.7,0.9,1.6,0.9,0.7,0.3,0.7,1.3,3.3,101.0,110.0,10.7,0.49,0.324,0.284,7.1,9.8,8.4,11.5,3.5,2.7,17.0,17.1,-0.006122448979591836,0.0163265306122449,0.012244897959183673,0.052,-4.9,1.5,-3.4,-0.2,-0.4,-6.2,0.22448979591836735,0.20408163265306123,0.6938775510204082,0.14285714285714285,0.3877551020408163,0.20408163265306123,2.122448979591837,0.04081632653061224,0.32653061224489793,12.2,0.676,0.284,0.243,0.115,0.034,0.324,0.69,0.306,0.412,0.4,0.429,0.9,0.054,0.16326530612244897,0.438,0.238,1.33,0.78,0.55,1.1,0.0,0.06,0.14,0.27,0.29,0.55,0.481,0.519,0.04,0.22,0.27,0.24,0.06,0.154,0.846,0.923,0.231,6.9,7.9,0.9,0.0,0.1,1.5,2.3,1.1,0.132,0.156,2.2,2.2,4.3,0.545,0.0,0.0,0.3,0.063,0.9,0.3,0.4,0.144,0.522,0.7,0.0,0.0,0.0,0.0,0.8612244897959185,0.292204081632653,0.7480408163265305,1.1918367346938776,0.3,0.069,1.0,0.3,5.0,0.482,0.023,0.121,99.98,0.601,0.184,0.528
Lamar Stevens,PF,26.0,TOT,38.0,3.0,14.7,2.8,6.3,0.45,0.4,1.2,0.304,2.5,5.1,0.485,0.479,1.1,1.4,0.778,0.9,2.4,3.3,0.7,0.6,0.6,0.6,1.2,7.2,106.0,111.0,14.6,0.516,0.192,0.225,6.9,18.2,12.4,7.9,2.0,3.6,8.3,22.2,0.0,0.021052631578947368,0.021052631578947368,0.068,-2.2,-0.1,-2.2,0.0,1.0,4.9,0.2894736842105263,0.2631578947368421,0.631578947368421,0.05263157894736842,0.6842105263157895,0.05263157894736842,1.736842105263158,0.21052631578947367,0.5526315789473685,10.5,0.808,0.308,0.242,0.188,0.071,0.192,0.622,0.414,0.4,0.353,0.543,1.0,0.1,0.5526315789473685,0.565,0.231,2.95,1.74,1.21,1.03,0.0,0.32,0.76,0.24,0.21,0.45,0.529,0.471,0.18,0.53,0.71,0.66,0.29,0.259,0.741,1.0,0.44,14.7,13.2,0.7,0.0,0.1,1.7,1.7,0.8,0.05,0.055,2.6,4.7,7.1,0.562,0.3,0.2,1.0,0.079,1.056,0.9,0.9,0.083,0.947,1.0,0.7,0.07,0.813,0.8,3.5,0.319,0.918,3.8,1.2,0.079,1.278,0.9,6.67,0.458,-0.018,0.085,98.4,0.691,0.154,0.61
Isaiah Stewart,PF,22.0,DET,46.0,45.0,30.9,4.0,8.3,0.487,1.5,3.8,0.383,2.6,4.5,0.575,0.575,1.4,1.8,0.753,1.6,5.0,6.6,1.6,0.4,0.8,1.4,2.2,10.9,114.0,119.0,11.3,0.6,0.458,0.223,5.7,18.4,11.9,7.1,0.6,2.3,13.6,14.5,0.01956521739130435,0.017391304347826087,0.03695652173913044,0.056,-1.6,-0.7,-2.3,-0.1,-4.1,7.4,0.2826086956521739,0.391304347826087,0.9130434782608695,0.30434782608695654,0.9347826086956522,0.08695652173913043,3.6956521739130435,0.21739130434782608,0.3695652173913043,13.5,0.542,0.301,0.212,0.018,0.01,0.458,0.635,0.519,0.429,0.25,0.723,1.0,0.071,0.45652173913043476,0.349,0.361,9.39,6.11,3.28,0.46,0.02,1.35,2.98,0.28,0.13,0.41,0.684,0.316,0.35,0.85,1.2,1.15,0.61,0.291,0.709,0.964,0.509,25.2,21.4,1.6,0.1,0.2,2.3,4.0,1.8,0.064,0.073,3.8,7.7,11.1,0.602,1.4,0.7,0.0,0.0,0.0,0.0,0.0,0.0,0.0,0.0,0.9,0.097,0.915,1.0,4.0,0.349,1.088,3.7,2.0,0.131,1.422,1.4,13.46,0.43,-0.055,0.069,100.63,0.473,0.4,0.461
Julian Strawther,SF,21.0,DEN,50.0,0.0,10.9,1.6,4.4,0.369,0.8,2.8,0.297,0.8,1.7,0.488,0.462,0.4,0.6,0.71,0.1,1.1,1.2,0.9,0.3,0.1,0.5,1.1,4.5,99.0,115.0,8.2,0.482,0.622,0.14,1.0,11.1,6.2,11.3,1.5,1.1,8.9,20.7,-0.008,0.012,0.004,0.015,-4.6,-1.4,-6.0,-0.6,-8.4,-16.3,0.08,0.16,0.52,0.16,0.18,0.04,2.22,0.04,0.18,18.6,0.378,0.131,0.144,0.086,0.018,0.622,0.621,0.469,0.368,0.25,0.659,0.951,0.009,0.04,0.116,0.375,1.64,1.04,0.6,0.68,0.02,0.16,0.4,0.1,0.1,0.2,0.5,0.5,0.0,0.28,0.28,0.28,0.08,0.0,1.0,1.0,0.286,10.3,12.1,1.0,0.0,0.1,1.3,2.3,1.0,0.093,0.102,0.8,2.7,3.4,0.558,0.0,0.0,0.0,0.0,0.0,0.0,0.3,0.085,0.682,0.4,0.0,0.0,0.0,0.0,1.1,0.337,0.621,1.7,0.0,0.0,0.0,0.0,3.95,0.437,-0.016,0.123,102.0,0.361,0.542,0.326
Max Strus,SF,27.0,CLE,70.0,70.0,32.0,4.3,10.4,0.418,2.4,6.8,0.351,1.9,3.6,0.546,0.533,1.1,1.4,0.794,0.9,3.9,4.8,4.0,0.9,0.4,1.6,2.4,12.2,112.0,114.0,11.7,0.553,0.658,0.133,3.4,13.5,8.5,17.3,1.4,1.2,12.7,17.4,0.017142857142857144,0.037142857142857144,0.055714285714285716,0.083,-1.1,0.5,-0.6,0.8,5.6,6.8,0.8285714285714286,0.37142857142857144,1.2571428571428571,0.12857142857142856,0.5142857142857142,0.2714285714285714,9.371428571428572,0.12857142857142856,0.6,18.3,0.342,0.238,0.078,0.016,0.01,0.658,0.607,0.351,0.667,0.429,0.684,0.964,0.036,0.3142857142857143,0.23,0.336,4.87,2.59,2.29,1.66,0.07,0.76,1.7,0.21,0.31,0.53,0.405,0.595,0.07,0.34,0.41,0.4,0.2,0.172,0.828,0.966,0.483,41.3,38.0,4.0,0.5,0.6,6.3,10.0,5.1,0.098,0.123,2.3,6.2,8.3,0.591,0.0,0.0,0.0,0.0,0.0,0.0,0.7,0.09,0.595,1.1,0.6,0.041,1.194,0.5,4.3,0.302,1.12,3.8,1.2,0.068,1.367,0.9,14.23,0.432,-0.036,0.166,99.71,0.319,0.591,0.3
Jalen Suggs,SG,22.0,ORL,75.0,75.0,27.0,4.5,9.5,0.471,2.0,5.1,0.397,2.4,4.4,0.556,0.578,1.6,2.1,0.756,0.6,2.4,3.1,2.7,1.4,0.6,1.8,2.7,12.6,113.0,110.0,14.1,0.602,0.539,0.218,2.8,10.6,6.6,15.0,2.6,2.2,14.4,19.7,0.02,0.04266666666666667,0.06266666666666666,0.112,-0.6,1.6,1.0,1.5,1.0,-1.6,0.9066666666666666,0.44,1.4,0.17333333333333334,0.8666666666666667,0.4666666666666667,6.546666666666667,0.21333333333333335,0.3466666666666667,16.7,0.461,0.204,0.137,0.078,0.041,0.539,0.712,0.48,0.321,0.483,0.486,0.869,0.048,0.3466666666666667,0.252,0.392,3.89,2.23,1.67,2.53,0.09,0.29,0.67,0.32,0.52,0.84,0.381,0.619,0.05,0.05,0.11,0.11,0.05,0.5,0.5,1.0,0.5,32.3,32.8,2.7,0.3,0.4,4.8,7.1,3.5,0.085,0.108,2.1,4.6,6.6,0.489,0.0,0.0,0.6,0.043,1.154,0.5,1.5,0.156,0.797,1.9,0.4,0.032,1.034,0.4,3.9,0.295,1.085,3.6,0.9,0.056,1.314,0.7,10.17,0.464,-0.002,0.147,99.85,0.388,0.487,0.337
Cole Swider,SF,24.0,MIA,18.0,0.0,4.8,0.8,2.1,0.395,0.6,1.7,0.333,0.3,0.4,0.625,0.526,0.1,0.1,1.0,0.1,0.3,0.4,0.3,0.1,0.1,0.4,0.2,2.3,91.0,117.0,7.1,0.54,0.789,0.053,1.3,7.9,4.6,8.8,0.6,1.1,17.1,24.0,-0.011111111111111112,0.005555555555555556,-0.005555555555555556,-0.05,-2.1,-2.4,-4.5,-0.1,-13.7,-16.0,0.16666666666666666,0.2222222222222222,0.16666666666666666,0.0,0.05555555555555555,0.0,0.5555555555555556,0.0,0.0,22.1,0.211,0.079,0.053,0.026,0.053,0.789,1.0,0.0,1.0,0.5,0.8,1.0,0.053,0.1111111111111111,0.267,0.5,0.89,0.56,0.33,0.11,0.0,0.06,0.17,0.0,0.06,0.06,0.0,1.0,0.0,0.0,0.0,0.0,0.0,0.0,0.0,0.0,0.0,4.8,5.6,0.3,0.1,0.1,0.8,0.7,0.4,0.057,0.092,0.2,2.0,2.0,0.6,0.0,0.0,0.0,0.0,0.0,0.0,0.0,0.0,0.0,0.0,0.0,0.0,0.0,0.0,0.0,0.0,0.0,0.0,0.0,0.0,0.0,0.0,3.17,0.368,-0.092,0.102,99.54,0.238,0.714,0.19
Jae'Sean Tate,SF,28.0,HOU,65.0,9.0,15.9,1.7,3.5,0.472,0.4,1.2,0.299,1.3,2.3,0.559,0.522,0.4,0.6,0.667,0.9,2.1,3.0,1.0,0.6,0.2,0.6,2.1,4.1,112.0,113.0,9.3,0.538,0.336,0.17,6.3,14.3,10.2,8.2,2.0,1.3,13.1,11.7,0.006153846153846154,0.02,0.027692307692307693,0.082,-3.7,1.5,-2.3,-0.1,5.3,5.6,0.23076923076923078,0.12307692307692308,1.0461538461538462,0.1076923076923077,0.2923076923076923,0.2153846153846154,2.523076923076923,0.07692307692307693,0.26153846153846155,10.8,0.664,0.336,0.301,0.009,0.017,0.336,0.61,0.551,0.0,0.0,0.506,1.0,0.026,0.06153846153846154,0.545,0.333,3.46,1.69,1.77,1.2,0.15,0.49,1.22,0.28,0.32,0.6,0.462,0.538,0.22,0.55,0.77,0.69,0.31,0.28,0.72,0.918,0.408,13.3,9.7,1.0,0.0,0.1,2.1,2.6,1.1,0.074,0.084,2.6,4.2,6.6,0.517,0.4,0.2,0.2,0.039,1.273,0.2,0.0,0.0,0.0,0.0,0.0,0.0,0.0,0.0,0.0,0.0,0.0,0.0,0.3,0.085,0.917,0.4,6.25,0.429,-0.041,0.085,101.59,0.642,0.26,0.642
Jayson Tatum,PF,25.0,BOS,74.0,74.0,35.7,9.1,19.3,0.471,3.1,8.2,0.376,6.0,11.0,0.542,0.552,5.6,6.7,0.833,0.9,7.2,8.1,4.9,1.0,0.6,2.5,2.0,26.9,121.0,111.0,22.3,0.604,0.427,0.349,2.9,20.9,12.3,21.0,1.4,1.4,10.3,30.2,0.08648648648648649,0.0554054054054054,0.14054054054054055,0.189,4.5,0.6,5.1,4.7,10.9,-1.2,1.2297297297297298,0.7162162162162162,0.7297297297297297,0.43243243243243246,2.810810810810811,0.05405405405405406,12.45945945945946,0.5945945945945946,0.8243243243243243,15.4,0.573,0.222,0.167,0.092,0.092,0.427,0.741,0.441,0.389,0.397,0.357,0.485,0.065,1.162162162162162,0.059,0.361,3.7,1.86,1.84,1.97,0.0,0.47,1.2,0.32,0.31,0.64,0.511,0.489,0.04,0.5,0.54,0.53,0.32,0.075,0.925,1.0,0.615,49.3,49.7,4.9,0.3,1.0,8.9,13.0,6.2,0.099,0.125,2.3,9.9,11.8,0.683,1.8,1.4,6.6,0.259,1.041,6.4,5.2,0.222,0.955,5.4,0.8,0.029,1.154,0.7,3.3,0.113,1.187,2.8,0.9,0.025,1.489,0.6,10.59,0.467,-0.008,0.211,98.64,0.446,0.346,0.353
Terry Taylor,PF,24.0,CHI,31.0,0.0,6.1,0.6,1.3,0.513,0.1,0.3,0.222,0.6,1.0,0.6,0.538,0.1,0.2,0.8,0.5,0.6,1.2,0.3,0.2,0.1,0.2,0.5,1.5,117.0,118.0,10.1,0.558,0.231,0.128,9.9,12.1,11.0,7.0,1.3,1.1,14.5,11.3,0.0032258064516129032,0.0032258064516129032,0.00967741935483871,0.07,-3.1,-0.1,-3.2,0.0,4.3,6.0,0.06451612903225806,0.06451612903225806,0.3225806451612903,0.06451612903225806,0.0967741935483871,0.0,0.8387096774193549,0.03225806451612903,0.06451612903225806,7.5,0.769,0.564,0.179,0.026,0.0,0.231,0.636,0.571,0.0,0.0,0.667,1.0,0.051,0.03225806451612903,0.778,0.286,1.26,0.61,0.65,0.32,0.0,0.52,1.1,0.1,0.03,0.13,0.75,0.25,0.16,0.16,0.32,0.32,0.19,0.5,0.5,1.0,0.6,5.0,3.7,0.3,0.0,0.1,0.6,1.0,0.5,0.067,0.093,2.1,2.1,4.1,0.529,0.0,0.0,0.0,0.0,0.0,0.0,0.0,0.0,0.0,0.0,0.0,0.0,0.0,0.0,0.0,0.0,0.0,0.0,0.0,0.0,0.0,0.0,4.19,0.398,-0.066,0.068,100.15,0.783,0.13,0.783
Garrett Temple,SG,37.0,TOR,27.0,2.0,10.7,1.1,2.9,0.372,0.4,1.5,0.3,0.6,1.4,0.447,0.449,0.7,0.8,0.818,0.7,1.0,1.7,1.0,0.4,0.1,0.5,1.0,3.3,107.0,120.0,9.5,0.502,0.513,0.282,6.7,10.5,8.6,12.5,2.0,0.9,13.8,15.0,0.0,0.007407407407407408,0.007407407407407408,0.032,-3.4,-1.2,-4.7,-0.2,-14.2,-8.4,0.3333333333333333,0.07407407407407407,0.6666666666666666,0.037037037037037035,0.25925925925925924,0.07407407407407407,2.5555555555555554,0.0,0.18518518518518517,14.5,0.487,0.308,0.128,0.013,0.038,0.513,0.625,0.2,0.0,0.0,0.471,1.0,0.026,0.07407407407407407,0.525,0.381,1.74,0.85,0.89,1.04,0.04,0.41,1.04,0.07,0.19,0.26,0.286,0.714,0.0,0.07,0.07,0.07,0.0,0.0,1.0,1.0,0.0,12.9,11.0,1.0,0.1,0.2,1.6,2.8,1.3,0.081,0.104,1.6,3.0,4.5,0.506,0.0,0.0,0.0,0.0,0.0,0.0,0.0,0.0,0.0,0.0,0.0,0.0,0.0,0.0,0.9,0.243,0.96,0.9,0.0,0.0,0.0,0.0,5.36,0.448,-0.021,0.14,101.65,0.386,0.409,0.386
Dalen Terry,SG,21.0,CHI,59.0,2.0,11.5,1.2,2.7,0.439,0.3,1.3,0.23,0.9,1.4,0.627,0.494,0.4,0.7,0.581,0.5,1.4,1.9,1.4,0.5,0.3,0.5,1.4,3.1,109.0,115.0,10.2,0.512,0.471,0.274,4.7,14.1,9.3,15.6,2.0,2.7,15.4,13.4,0.0016949152542372883,0.011864406779661016,0.013559322033898306,0.06,-3.4,1.1,-2.3,0.0,2.6,4.8,0.3220338983050847,0.06779661016949153,0.6949152542372882,0.05084745762711865,0.288135593220339,0.05084745762711865,3.1864406779661016,0.05084745762711865,0.0847457627118644,13.2,0.529,0.357,0.153,0.019,0.0,0.471,0.679,0.583,0.0,0.0,0.462,0.941,0.115,0.2711864406779661,0.446,0.333,2.02,0.95,1.07,0.93,0.03,0.12,0.25,0.17,0.17,0.34,0.5,0.5,0.05,0.2,0.25,0.22,0.17,0.2,0.8,0.867,0.667,14.3,11.8,1.4,0.2,0.1,2.3,3.4,1.6,0.098,0.111,1.3,3.1,4.3,0.64,0.0,0.0,0.0,0.0,0.0,0.0,0.2,0.105,0.591,0.4,0.0,0.0,0.0,0.0,1.4,0.464,0.835,1.6,0.0,0.0,0.0,0.0,4.33,0.409,-0.052,0.151,99.32,0.578,0.283,0.567
Daniel Theis,C,31.0,TOT,60.0,3.0,16.9,2.6,4.9,0.532,0.4,1.2,0.366,2.2,3.7,0.586,0.577,0.6,0.8,0.76,1.4,2.7,4.1,1.0,0.4,0.9,0.7,2.1,6.3,121.0,114.0,14.4,0.597,0.242,0.171,9.8,17.1,13.6,8.3,1.0,4.5,11.8,15.4,0.02333333333333333,0.02,0.041666666666666664,0.119,-1.7,0.1,-1.6,0.1,3.8,0.3,0.18333333333333332,0.13333333333333333,1.2666666666666666,0.23333333333333334,0.3333333333333333,0.15,2.466666666666667,0.06666666666666667,0.45,9.5,0.758,0.413,0.232,0.099,0.014,0.242,0.719,0.426,0.483,0.0,0.792,1.0,0.157,0.7,0.239,0.353,5.27,3.6,1.67,1.07,0.0,2.1,4.83,0.15,0.18,0.33,0.45,0.55,0.5,0.9,1.4,1.37,0.77,0.357,0.643,0.976,0.548,16.4,11.7,1.0,0.0,0.1,1.4,2.4,1.1,0.061,0.064,3.2,5.8,8.9,0.486,0.1,0.1,0.0,0.0,0.0,0.0,0.0,0.0,0.0,0.0,1.8,0.26,1.141,1.6,0.8,0.136,1.021,0.8,1.8,0.251,1.169,1.5,9.5,0.475,-0.007,0.081,99.85,0.691,0.207,0.676
Cam Thomas,SG,22.0,BRK,66.0,51.0,31.4,8.0,18.0,0.442,2.2,6.0,0.364,5.8,12.0,0.481,0.503,4.3,5.1,0.856,0.4,2.8,3.2,2.9,0.7,0.2,1.9,2.1,22.5,110.0,119.0,16.1,0.554,0.333,0.281,1.4,10.1,5.6,15.7,1.1,0.7,8.5,30.5,0.0196969696969697,0.01818181818181818,0.03787878787878788,0.058,0.7,-1.9,-1.2,0.4,-6.2,-6.7,0.6666666666666666,0.6060606060606061,1.0454545454545454,0.13636363636363635,2.3484848484848486,0.22727272727272727,6.9393939393939394,0.5303030303030303,1.1818181818181819,14.8,0.667,0.138,0.225,0.187,0.117,0.333,0.646,0.433,0.462,0.41,0.432,0.674,0.002,0.030303030303030304,0.126,0.5,3.98,1.85,2.14,0.95,0.0,0.24,0.56,0.24,0.24,0.48,0.5,0.5,0.0,0.33,0.33,0.32,0.05,0.0,1.0,0.955,0.136,30.4,44.1,3.0,0.1,0.6,5.5,7.5,3.7,0.097,0.122,1.7,6.1,7.7,0.461,0.0,0.0,3.0,0.145,0.953,3.2,6.1,0.304,0.905,6.7,0.2,0.008,1.364,0.2,0.0,0.0,0.0,0.0,0.3,0.013,0.947,0.3,12.58,0.496,0.027,0.151,99.74,0.516,0.291,0.356
Isaiah Thomas,PG,34.0,PHO,6.0,0.0,3.2,0.5,1.7,0.3,0.3,0.7,0.5,0.2,1.0,0.167,0.4,0.0,0.0,0.0,0.0,0.0,0.0,0.5,0.0,0.0,0.0,0.0,1.3,101.0,124.0,6.7,0.4,0.4,0.0,0.0,0.0,0.0,21.9,0.0,0.0,0.0,22.8,0.0,0.0,0.0,-0.03,-1.6,-5.2,-6.9,0.0,-24.4,-27.8,0.0,0.0,0.0,0.0,0.0,0.0,1.1666666666666667,0.0,0.3333333333333333,13.6,0.6,0.2,0.3,0.0,0.1,0.4,0.5,0.0,0.0,0.0,0.0,1.0,0.0,0.0,0.25,1.0,0.0,0.0,0.0,0.0,0.0,0.0,0.0,0.17,0.0,0.17,1.0,0.0,0.0,0.0,0.0,0.0,0.0,0.0,0.0,0.0,0.0,5.7,7.7,0.5,0.0,0.0,0.7,1.2,0.5,0.088,0.088,0.0,0.0,0.0,0.0,0.0,0.0,0.0,0.0,0.0,0.0,0.0,0.0,0.0,0.0,0.0,0.0,0.0,0.0,0.0,0.0,0.0,0.0,0.0,0.0,0.0,0.0,1.5,0.333,-0.141,0.25,100.29,0.25,0.75,0.25
Amen Thompson,SF,21.0,HOU,62.0,23.0,22.4,3.9,7.2,0.536,0.1,0.9,0.138,3.7,6.3,0.595,0.545,1.7,2.5,0.684,2.4,4.2,6.6,2.6,1.3,0.6,1.5,2.3,9.5,118.0,109.0,18.2,0.576,0.13,0.348,11.3,20.4,15.8,17.0,2.7,2.5,14.9,18.5,0.03064516129032258,0.03870967741935484,0.06935483870967742,0.149,-0.1,1.9,1.8,1.3,2.4,1.9,0.6451612903225806,0.5161290322580645,1.0161290322580645,0.14516129032258066,1.3225806451612903,0.1935483870967742,6.370967741935484,0.43548387096774194,0.6129032258064516,6.9,0.87,0.518,0.251,0.054,0.047,0.13,0.714,0.464,0.292,0.333,0.481,0.875,0.217,1.4193548387096775,0.293,0.118,3.65,2.37,1.27,2.21,0.02,0.53,1.37,0.26,0.37,0.63,0.41,0.59,0.32,0.19,0.52,0.5,0.42,0.625,0.375,0.969,0.813,29.5,24.0,2.6,0.3,0.3,5.3,7.0,3.2,0.089,0.108,4.8,6.0,10.4,0.656,0.1,0.0,0.3,0.065,0.538,0.6,1.0,0.128,0.792,1.2,0.7,0.062,1.135,0.6,0.4,0.095,0.456,0.9,1.8,0.14,1.31,1.4,7.64,0.453,-0.01,0.165,102.77,0.78,0.041,0.753
Ausar Thompson,SF,21.0,DET,63.0,38.0,25.1,3.7,7.6,0.483,0.3,1.8,0.186,3.3,5.8,0.575,0.505,1.1,1.9,0.597,2.0,4.3,6.4,1.9,1.1,0.9,1.3,2.8,8.8,107.0,115.0,12.8,0.522,0.235,0.248,8.9,19.6,14.2,10.8,2.1,3.2,13.6,16.6,0.0015873015873015873,0.026984126984126982,0.02857142857142857,0.053,-2.8,0.6,-2.2,-0.1,-5.6,5.5,0.5714285714285714,0.5555555555555556,1.1904761904761905,0.07936507936507936,0.9682539682539683,0.36507936507936506,4.571428571428571,0.23809523809523808,0.5238095238095238,9.8,0.765,0.377,0.283,0.05,0.054,0.235,0.652,0.544,0.458,0.308,0.673,0.952,0.183,1.253968253968254,0.575,0.231,4.79,2.75,2.05,2.06,0.03,0.44,1.02,0.52,0.32,0.84,0.623,0.377,0.11,0.27,0.38,0.38,0.27,0.292,0.708,1.0,0.708,20.1,17.3,1.9,0.1,0.2,3.4,4.7,2.1,0.096,0.107,3.6,6.6,9.9,0.644,0.0,0.0,0.2,0.031,0.737,0.3,0.5,0.047,1.0,0.5,0.7,0.06,1.162,0.6,2.3,0.308,0.758,3.0,1.3,0.102,1.286,1.0,10.56,0.483,0.012,0.108,101.67,0.759,0.113,0.705
Klay Thompson,SF,33.0,GSW,77.0,63.0,29.7,6.4,14.7,0.432,3.5,9.0,0.387,2.9,5.7,0.503,0.551,1.6,1.8,0.927,0.5,2.8,3.3,2.3,0.6,0.5,1.5,1.6,17.9,113.0,118.0,13.9,0.576,0.611,0.121,1.7,10.2,6.0,11.2,1.1,1.4,8.9,24.2,0.023376623376623377,0.02207792207792208,0.046753246753246755,0.075,1.1,-1.5,-0.4,0.9,-0.5,-7.6,0.8441558441558441,0.3116883116883117,1.0129870129870129,0.19480519480519481,0.7532467532467533,0.025974025974025976,5.246753246753247,0.19480519480519481,0.35064935064935066,20.3,0.389,0.051,0.108,0.107,0.124,0.611,0.724,0.484,0.463,0.464,0.721,0.937,0.002,0.025974025974025976,0.132,0.396,3.69,2.08,1.61,1.05,0.0,0.53,1.21,0.3,0.17,0.47,0.639,0.361,0.01,0.26,0.27,0.27,0.08,0.048,0.952,1.0,0.286,21.5,31.1,2.3,0.3,0.5,3.7,5.6,3.0,0.107,0.139,1.5,5.2,6.5,0.55,0.2,0.1,0.5,0.029,1.0,0.5,1.4,0.09,0.94,1.5,0.2,0.023,0.567,0.4,3.2,0.176,1.092,3.0,1.0,0.051,1.167,0.9,10.43,0.456,-0.02,0.11,101.9,0.323,0.585,0.173
Tristan Thompson,C,32.0,CLE,49.0,0.0,11.2,1.5,2.4,0.608,0.0,0.0,0.0,1.5,2.4,0.613,0.608,0.3,1.1,0.288,1.5,2.1,3.6,1.0,0.2,0.3,0.6,1.2,3.3,118.0,112.0,13.9,0.563,0.008,0.433,15.1,20.4,17.8,12.7,1.1,2.3,16.9,13.8,0.012244897959183673,0.0163265306122449,0.02857142857142857,0.119,-2.1,0.6,-1.4,0.1,0.5,-2.5,0.12244897959183673,0.16326530612244897,0.46938775510204084,0.1836734693877551,0.32653061224489793,0.0,2.63265306122449,0.061224489795918366,0.24489795918367346,3.4,0.992,0.658,0.3,0.033,0.0,0.008,0.684,0.472,0.5,0.0,0.548,0.0,0.2,0.40816326530612246,0.0,0.0,3.27,2.18,1.08,0.57,0.0,1.78,4.14,0.16,0.12,0.29,0.571,0.429,0.71,0.8,1.51,1.45,0.88,0.473,0.527,0.986,0.597,12.1,9.5,1.0,0.0,0.1,1.4,2.8,1.2,0.086,0.102,3.8,3.9,7.5,0.518,0.1,0.1,0.0,0.0,0.0,0.0,0.0,0.0,0.0,0.0,0.6,0.158,1.111,0.6,0.2,0.058,0.9,0.2,0.8,0.263,0.911,0.9,6.19,0.438,-0.044,0.134,97.98,0.907,0.0,0.907
JT Thor,PF,21.0,CHO,63.0,3.0,12.4,1.3,2.9,0.437,0.4,1.3,0.346,0.8,1.6,0.51,0.514,0.2,0.3,0.55,0.7,1.6,2.3,0.5,0.2,0.4,0.2,1.0,3.2,110.0,121.0,9.1,0.519,0.443,0.109,6.0,15.3,10.5,5.1,0.7,3.2,7.3,11.7,0.0031746031746031746,0.0047619047619047615,0.009523809523809523,0.034,-3.5,-1.1,-4.5,-0.5,-3.7,8.6,0.06349206349206349,0.09523809523809523,0.7777777777777778,0.015873015873015872,0.15873015873015872,0.015873015873015872,1.1587301587301588,0.031746031746031744,0.23809523809523808,13.6,0.557,0.344,0.109,0.06,0.044,0.443,0.651,0.2,0.364,0.375,0.712,1.0,0.104,0.25396825396825395,0.519,0.333,2.67,1.71,0.95,0.57,0.0,0.43,1.06,0.11,0.05,0.16,0.7,0.3,0.1,0.16,0.25,0.25,0.14,0.375,0.625,1.0,0.563,12.7,8.7,0.5,0.0,0.0,1.0,1.2,0.5,0.037,0.041,1.7,3.5,5.2,0.571,0.0,0.0,0.0,0.0,0.0,0.0,0.0,0.0,0.0,0.0,0.0,0.0,0.0,0.0,1.4,0.507,0.857,1.7,0.4,0.106,1.227,0.3,5.49,0.489,0.013,0.052,99.86,0.523,0.422,0.472
Matisse Thybulle,SF,26.0,POR,65.0,19.0,22.9,1.9,4.9,0.397,1.2,3.6,0.346,0.7,1.3,0.535,0.524,0.3,0.4,0.759,0.5,1.6,2.1,1.4,1.7,0.8,0.6,1.4,5.4,111.0,114.0,10.4,0.537,0.729,0.091,2.1,8.5,5.1,8.3,3.8,3.0,10.8,10.6,0.006153846153846154,0.027692307692307693,0.03384615384615385,0.072,-2.8,3.4,0.6,0.9,-7.5,3.1,0.36923076923076925,0.13846153846153847,0.7230769230769231,0.046153846153846156,0.2153846153846154,0.2153846153846154,3.2615384615384615,0.03076923076923077,0.18461538461538463,19.3,0.271,0.132,0.12,0.013,0.006,0.729,0.643,0.421,0.75,0.0,0.63,1.0,0.025,0.12307692307692308,0.385,0.382,2.49,1.22,1.28,3.38,0.02,0.45,1.18,0.12,0.32,0.45,0.276,0.724,0.0,0.15,0.15,0.15,0.03,0.0,1.0,1.0,0.2,20.7,15.3,1.3,0.2,0.1,2.5,3.4,1.6,0.065,0.079,1.1,3.4,4.5,0.528,0.0,0.0,0.0,0.0,0.0,0.0,0.1,0.03,0.364,0.2,0.0,0.0,0.0,0.0,3.4,0.563,1.043,3.2,0.2,0.032,1.333,0.2,8.35,0.481,0.013,0.083,99.41,0.26,0.678,0.249
Xavier Tillman Sr,C-PF,25.0,TOT,54.0,15.0,18.0,2.2,5.2,0.434,0.4,1.5,0.247,1.9,3.7,0.51,0.47,0.4,0.9,0.44,1.3,2.6,3.9,1.4,0.9,0.8,0.6,1.4,5.3,105.0,110.0,12.2,0.472,0.29,0.179,7.7,16.1,11.8,11.3,2.6,4.2,10.1,14.8,-0.001851851851851852,0.02962962962962963,0.025925925925925925,0.071,-3.1,1.9,-1.2,0.2,-1.6,0.6,0.25925925925925924,0.18518518518518517,0.7962962962962963,0.14814814814814814,0.4074074074074074,0.0,3.611111111111111,0.07407407407407407,0.42592592592592593,10.3,0.71,0.337,0.294,0.061,0.018,0.29,0.617,0.415,0.412,0.4,0.812,1.0,0.065,0.2962962962962963,0.617,0.18,,,,,,,,,,,,,,,,,,,,,,,,,,,,,,,,,,,,,,,,,,,,,,,,,,,,,,,,,,,,,,,,,
Jacob Toppin,SF,23.0,NYK,9.0,0.0,4.2,0.6,1.0,0.556,0.1,0.4,0.25,0.4,0.6,0.8,0.611,0.2,0.2,1.0,0.3,0.4,0.8,0.3,0.0,0.1,0.1,0.3,1.4,141.0,117.0,14.3,0.658,0.444,0.222,8.8,11.9,10.3,10.9,0.0,2.5,9.2,12.4,0.011111111111111112,0.0,0.011111111111111112,0.161,0.6,-1.3,-0.7,0.0,-33.6,-38.7,0.0,0.0,0.2222222222222222,0.0,0.1111111111111111,0.0,0.8888888888888888,0.0,0.1111111111111111,14.1,0.556,0.222,0.222,0.0,0.111,0.444,1.0,0.5,0.0,1.0,0.75,1.0,0.333,0.3333333333333333,0.25,0.0,0.44,0.11,0.33,0.0,0.0,0.11,0.33,0.0,0.0,0.0,0.0,0.0,0.0,0.0,0.0,0.0,0.0,0.0,0.0,0.0,0.0,5.3,3.2,0.3,0.0,0.0,0.6,1.0,0.3,0.063,0.063,2.3,1.3,3.7,0.636,0.0,0.0,0.0,0.0,0.0,0.0,0.0,0.0,0.0,0.0,0.0,0.0,0.0,0.0,0.0,0.0,0.0,0.0,0.0,0.0,0.0,0.0,4.5,0.778,0.315,0.143,94.99,0.615,0.231,0.462
Obi Toppin,PF,25.0,IND,82.0,28.0,21.1,4.0,7.1,0.573,1.2,3.1,0.403,2.8,4.0,0.706,0.661,0.9,1.2,0.77,1.0,2.9,3.9,1.6,0.6,0.5,0.8,1.7,10.3,129.0,119.0,16.5,0.677,0.437,0.173,5.6,15.4,10.5,9.4,1.3,2.0,10.0,16.8,0.04390243902439025,0.013414634146341465,0.058536585365853655,0.132,1.8,-0.3,1.5,1.5,4.0,1.9,0.3902439024390244,0.18292682926829268,0.926829268292683,0.17073170731707318,0.5975609756097561,0.04878048780487805,3.6219512195121952,0.1951219512195122,0.36585365853658536,12.7,0.563,0.378,0.157,0.026,0.002,0.437,0.808,0.516,0.4,0.0,0.796,0.99,0.193,1.2317073170731707,0.368,0.398,3.55,2.12,1.43,1.0,0.0,0.7,1.59,0.21,0.26,0.46,0.447,0.553,0.17,0.39,0.56,0.56,0.37,0.304,0.696,1.0,0.652,23.3,19.1,1.6,0.1,0.3,2.6,3.8,1.9,0.067,0.083,2.2,5.0,6.8,0.607,0.2,0.1,0.0,0.0,0.0,0.0,0.2,0.023,0.875,0.2,0.4,0.045,0.968,0.4,3.5,0.329,1.276,2.8,1.7,0.119,1.667,1.0,6.98,0.486,0.008,0.091,104.97,0.546,0.363,0.536
Juan Toscano-Anderson,SF,30.0,SAC,11.0,0.0,4.8,0.3,1.1,0.25,0.1,0.4,0.25,0.2,0.7,0.25,0.292,0.0,0.0,0.0,0.4,0.9,1.3,0.4,0.1,0.1,0.2,1.0,0.6,84.0,115.0,2.5,0.292,0.333,0.0,8.3,21.6,14.8,9.0,0.9,1.7,14.3,11.3,-0.009090909090909092,0.009090909090909092,0.0,-0.024,-8.7,-0.6,-9.4,-0.1,-1.4,-2.8,0.18181818181818182,0.0,0.6363636363636364,0.0,0.0,0.0,0.9090909090909091,0.0,0.18181818181818182,9.7,0.667,0.417,0.25,0.0,0.0,0.333,0.4,0.0,0.0,0.0,1.0,1.0,0.083,0.09090909090909091,0.75,0.333,0.91,0.45,0.45,0.18,0.0,0.09,0.18,0.18,0.09,0.27,0.667,0.333,0.09,0.27,0.36,0.36,0.09,0.25,0.75,1.0,0.25,5.5,3.5,0.4,0.1,0.0,0.5,0.9,0.4,0.067,0.067,1.8,2.0,3.8,0.8,0.0,0.0,0.0,0.0,0.0,0.0,0.0,0.0,0.0,0.0,0.0,0.0,0.0,0.0,0.0,0.0,0.0,0.0,0.0,0.0,0.0,0.0,2.75,0.5,0.073,0.108,104.36,0.571,0.429,0.571
Karl-Anthony Towns,PF,28.0,MIN,62.0,62.0,32.7,7.7,15.3,0.504,2.2,5.3,0.416,5.5,10.1,0.55,0.575,4.1,4.7,0.873,1.5,6.8,8.3,3.0,0.7,0.7,2.9,3.3,21.8,115.0,109.0,18.8,0.625,0.344,0.307,5.5,22.6,14.4,15.1,1.0,1.8,14.1,27.4,0.041935483870967745,0.05806451612903226,0.10161290322580645,0.148,1.6,0.9,2.5,2.3,6.4,-0.2,1.1612903225806452,0.5806451612903226,1.6935483870967742,0.8387096774193549,2.225806451612903,0.16129032258064516,7.0,0.6290322580645161,1.0806451612903225,12.7,0.656,0.258,0.29,0.063,0.045,0.344,0.69,0.471,0.45,0.395,0.641,0.971,0.043,0.5645161290322581,0.089,0.414,7.4,4.71,2.69,1.34,0.02,0.97,2.15,0.45,0.35,0.81,0.56,0.44,0.31,1.03,1.34,1.26,0.87,0.229,0.771,0.975,0.675,31.4,36.7,3.0,0.3,0.4,5.0,7.5,3.7,0.097,0.119,3.7,9.5,12.9,0.642,2.9,1.8,2.5,0.125,0.974,2.5,0.5,0.034,0.744,0.7,2.9,0.099,1.444,2.0,4.9,0.258,0.95,5.2,1.2,0.041,1.49,0.8,13.53,0.47,-0.009,0.147,98.37,0.509,0.302,0.457
Gary Trent Jr,SG,25.0,TOR,71.0,41.0,28.1,5.1,11.9,0.426,2.5,6.4,0.393,2.6,5.5,0.464,0.531,1.0,1.4,0.771,0.4,2.3,2.6,1.7,1.1,0.1,0.7,1.4,13.7,110.0,121.0,12.0,0.548,0.535,0.113,1.4,9.2,5.2,8.6,1.9,0.4,5.0,20.0,0.011267605633802818,0.01267605633802817,0.023943661971830985,0.04,-1.2,-1.4,-2.6,-0.3,-5.2,2.5,0.29577464788732394,0.14084507042253522,0.5774647887323944,0.11267605633802817,0.5774647887323944,0.09859154929577464,3.8732394366197185,0.18309859154929578,0.43661971830985913,18.4,0.465,0.113,0.12,0.1,0.131,0.535,0.667,0.441,0.365,0.387,0.574,0.904,0.012,0.11267605633802817,0.163,0.378,,,,,,,,,,,,,,,,,,,,,,,,,,,,,,,,,,,,,,,,,,,,,,,,,,,,,,,,,,,,,,,,,
Oscar Tshiebwe,PF,24.0,IND,8.0,0.0,5.3,1.3,2.5,0.5,0.0,0.0,0.0,1.3,2.5,0.5,0.5,0.8,1.0,0.75,1.0,1.0,2.0,0.3,0.3,0.1,0.0,0.4,3.3,132.0,115.0,24.8,0.553,0.0,0.4,21.6,21.6,21.6,6.4,2.2,1.9,0.0,23.5,0.0125,0.0,0.025,0.221,4.5,-2.3,2.2,0.0,11.8,8.9,0.0,0.0,0.375,0.0,0.5,0.0,0.625,0.0,0.5,5.0,1.0,0.35,0.55,0.0,0.1,0.0,0.571,0.455,0.0,0.5,0.8,0.0,0.1,0.25,0.0,0.0,0.63,0.25,0.38,0.25,0.0,0.38,0.88,0.38,0.25,0.63,0.6,0.4,0.25,0.25,0.5,0.38,0.13,0.5,0.5,0.75,0.25,3.6,3.5,0.3,0.0,0.0,0.3,0.8,0.3,0.069,0.069,3.8,2.3,6.2,0.432,0.3,0.3,0.0,0.0,0.0,0.0,0.0,0.0,0.0,0.0,0.0,0.0,0.0,0.0,0.0,0.0,0.0,0.0,0.0,0.0,0.0,0.0,2.5,0.6,0.129,0.065,108.21,0.769,0.0,0.692
PJ Tucker,PF,38.0,TOT,31.0,10.0,15.7,0.6,1.6,0.36,0.4,1.1,0.371,0.2,0.5,0.333,0.49,0.1,0.1,1.0,0.9,1.8,2.7,0.5,0.5,0.2,0.3,1.7,1.7,120.0,116.0,5.9,0.507,0.7,0.06,6.7,12.9,9.8,3.9,1.6,1.3,13.5,5.3,0.0064516129032258064,0.016129032258064516,0.02258064516129032,0.068,-4.0,0.4,-3.6,-0.2,-0.2,-4.5,0.16129032258064516,0.0,0.9354838709677419,0.03225806451612903,0.06451612903225806,0.16129032258064516,1.3548387096774193,0.03225806451612903,0.06451612903225806,18.2,0.3,0.14,0.1,0.02,0.04,0.7,0.571,0.0,0.0,0.5,0.6,1.0,0.0,0.0,0.971,0.382,,,,,,,,,,,,,,,,,,,,,,,,,,,,,,,,,,,,,,,,,,,,,,,,,,,,,,,,,,,,,,,,,
Myles Turner,C,27.0,IND,77.0,77.0,27.0,6.2,11.8,0.524,1.5,4.2,0.358,4.7,7.6,0.615,0.587,3.2,4.1,0.773,1.5,5.5,6.9,1.3,0.5,1.9,1.4,3.0,17.1,120.0,115.0,19.3,0.626,0.356,0.349,6.2,22.9,14.5,6.4,0.9,5.5,9.4,23.4,0.046753246753246755,0.028571428571428574,0.07532467532467532,0.134,1.0,-0.1,0.9,1.5,4.7,3.5,0.2727272727272727,0.44155844155844154,1.7272727272727273,0.5584415584415584,2.142857142857143,0.12987012987012986,3.0259740259740258,0.5844155844155844,0.5454545454545454,13.2,0.644,0.249,0.253,0.081,0.061,0.356,0.761,0.487,0.568,0.618,0.8,0.991,0.077,0.8571428571428571,0.127,0.317,8.82,6.83,1.99,1.44,0.04,3.05,6.97,0.17,0.12,0.29,0.591,0.409,0.43,1.43,1.86,1.81,1.06,0.231,0.769,0.979,0.577,21.8,26.9,1.3,0.1,0.2,1.7,3.2,1.6,0.059,0.074,3.7,9.6,12.9,0.536,1.3,1.0,0.3,0.021,0.792,0.3,0.0,0.0,0.0,0.0,5.8,0.277,1.397,4.1,3.3,0.222,0.988,3.3,0.0,0.0,0.0,0.0,15.0,0.492,-0.007,0.065,102.52,0.548,0.265,0.466
Hunter Tyson,PF,23.0,DEN,18.0,0.0,2.7,0.4,1.1,0.4,0.2,0.8,0.286,0.2,0.3,0.667,0.5,0.0,0.0,0.0,0.1,0.4,0.5,0.1,0.1,0.0,0.1,0.6,1.1,96.0,114.0,6.0,0.5,0.7,0.0,2.4,18.0,10.4,5.6,1.0,0.0,9.1,20.0,0.0,0.005555555555555556,0.0,0.007,-6.8,-2.1,-8.9,-0.1,4.7,-0.9,0.0,0.05555555555555555,0.3333333333333333,0.05555555555555555,0.0,0.0,0.3333333333333333,0.0,0.0,20.9,0.3,0.1,0.05,0.05,0.1,0.7,0.5,1.0,0.0,1.0,1.0,1.0,0.05,0.05555555555555555,0.071,1.0,0.39,0.06,0.33,0.11,0.0,0.0,0.0,0.06,0.06,0.11,0.5,0.5,0.0,0.17,0.17,0.17,0.11,0.0,1.0,1.0,0.667,2.8,2.9,0.1,0.1,0.0,0.5,0.4,0.2,0.043,0.064,0.6,1.4,2.0,0.571,0.0,0.0,0.0,0.0,0.0,0.0,0.0,0.0,0.0,0.0,0.0,0.0,0.0,0.0,0.0,0.0,0.0,0.0,0.0,0.0,0.0,0.0,2.09,0.348,-0.076,0.059,110.55,0.4,0.6,0.2
Stanley Umude,SG,24.0,DET,24.0,2.0,12.8,1.5,3.5,0.44,1.0,2.2,0.453,0.5,1.3,0.419,0.583,1.2,1.3,0.906,0.3,1.8,2.1,0.5,0.3,0.3,0.6,1.7,5.3,119.0,119.0,11.4,0.647,0.631,0.381,2.9,15.9,9.3,4.9,1.3,2.0,12.5,15.6,0.012499999999999999,0.008333333333333333,0.020833333333333332,0.085,-1.5,-0.1,-1.6,0.0,-10.6,-1.9,0.2916666666666667,0.16666666666666666,1.0833333333333333,0.041666666666666664,0.5416666666666666,0.16666666666666666,1.0,0.125,0.16666666666666666,18.3,0.369,0.083,0.202,0.06,0.024,0.631,0.714,0.412,0.2,0.0,0.846,1.0,0.024,0.08333333333333333,0.547,0.483,3.13,1.46,1.67,0.67,0.0,0.04,0.13,0.21,0.21,0.42,0.5,0.5,0.0,0.13,0.13,0.13,0.08,0.0,1.0,1.0,0.667,6.5,7.0,0.5,0.1,0.1,0.8,1.2,0.7,0.074,0.107,0.9,4.8,5.4,0.563,0.0,0.0,0.0,0.0,0.0,0.0,0.0,0.0,0.0,0.0,0.0,0.0,0.0,0.0,3.2,0.527,1.328,2.4,0.0,0.0,0.0,0.0,6.37,0.512,0.051,0.053,103.78,0.205,0.567,0.173
Jonas Valančiūnas,C,31.0,NOP,82.0,82.0,23.5,4.9,8.8,0.559,0.5,1.5,0.308,4.5,7.3,0.609,0.585,2.0,2.5,0.785,2.3,6.5,8.8,2.1,0.4,0.8,1.4,2.7,12.2,123.0,110.0,19.8,0.619,0.167,0.285,10.9,30.6,20.9,13.3,0.8,3.5,12.1,20.8,0.0475609756097561,0.03780487804878049,0.08658536585365853,0.177,0.7,0.5,1.2,1.6,4.2,-1.0,0.36585365853658536,0.2682926829268293,1.4146341463414633,0.5,1.2195121951219512,0.024390243902439025,4.914634146341464,0.2073170731707317,0.573170731707317,8.9,0.833,0.344,0.323,0.115,0.051,0.167,0.729,0.526,0.542,0.486,0.619,1.0,0.083,0.6585365853658537,0.2,0.167,,,,,,,,,,,,,,,,,,,,,,,,,,,,,,,,,,,,,,,,,,,,,,,,,,,,,,,,,,,,,,,,,
Jarred Vanderbilt,PF,24.0,LAL,29.0,6.0,20.0,2.0,3.9,0.518,0.3,0.9,0.296,1.8,3.0,0.586,0.553,0.8,1.2,0.667,1.4,3.3,4.8,1.2,1.2,0.2,1.0,1.5,5.2,113.0,112.0,11.6,0.578,0.237,0.316,8.3,17.7,13.2,7.7,2.9,0.7,17.7,11.7,0.010344827586206896,0.027586206896551727,0.03793103448275863,0.089,-2.9,1.3,-1.6,0.0,4.6,4.9,0.3793103448275862,0.2413793103448276,0.7586206896551724,0.1724137931034483,0.6896551724137931,0.3793103448275862,2.9655172413793105,0.20689655172413793,0.4482758620689655,8.1,0.763,0.474,0.272,0.018,0.0,0.237,0.685,0.452,0.0,0.0,0.706,1.0,0.193,0.7241379310344828,0.704,0.316,2.24,1.21,1.03,1.79,0.0,0.52,1.38,0.28,0.31,0.59,0.471,0.529,0.07,0.14,0.21,0.21,0.07,0.333,0.667,1.0,0.333,12.4,7.4,1.3,0.1,0.1,1.5,2.8,1.3,0.101,0.104,3.8,4.8,8.4,0.61,0.0,0.0,0.0,0.0,0.0,0.0,0.0,0.0,0.0,0.0,0.0,0.0,0.0,0.0,1.0,0.203,0.903,1.1,1.6,0.248,1.211,1.4,7.24,0.514,0.037,0.077,103.85,0.68,0.16,0.68
Fred VanVleet,PG,29.0,HOU,73.0,73.0,36.8,5.8,13.9,0.416,3.1,8.0,0.387,2.7,5.9,0.454,0.527,2.7,3.1,0.86,0.5,3.4,3.8,8.1,1.4,0.8,1.7,2.5,17.4,123.0,114.0,16.7,0.568,0.576,0.225,1.3,9.9,5.6,31.1,1.8,2.0,10.1,19.7,0.07260273972602739,0.04246575342465753,0.11506849315068493,0.15,2.6,0.8,3.4,3.6,3.0,5.4,1.1506849315068493,0.410958904109589,1.1643835616438356,0.1095890410958904,1.1232876712328768,0.3698630136986301,19.054794520547944,0.2465753424657534,0.4383561643835616,19.9,0.424,0.093,0.123,0.073,0.136,0.576,0.505,0.384,0.459,0.478,0.219,0.568,0.0,0.0,0.09,0.491,3.86,1.66,2.21,3.07,0.0,0.75,1.81,0.25,0.4,0.64,0.383,0.617,0.0,0.62,0.62,0.6,0.14,0.0,1.0,0.978,0.222,60.6,65.8,8.1,1.1,0.8,13.9,21.0,9.9,0.133,0.164,1.4,6.4,7.7,0.505,0.0,0.0,0.9,0.063,0.885,1.1,7.3,0.436,0.987,7.4,0.2,0.011,0.923,0.2,3.0,0.158,1.124,2.7,0.0,0.0,0.0,0.0,13.21,0.471,0.004,0.312,99.44,0.309,0.536,0.181
Devin Vassell,SG,23.0,SAS,68.0,62.0,33.1,7.3,15.5,0.472,2.4,6.6,0.372,4.9,9.0,0.544,0.55,2.4,3.0,0.801,0.4,3.4,3.8,4.1,1.1,0.3,1.6,1.1,19.5,113.0,118.0,15.7,0.578,0.422,0.19,1.3,11.3,6.3,19.1,1.5,0.8,8.6,23.5,0.029411764705882353,0.023529411764705882,0.052941176470588235,0.077,0.9,-0.9,0.0,1.1,-6.4,-0.2,0.9411764705882353,0.4117647058823529,0.5,0.10294117647058823,1.4411764705882353,0.11764705882352941,9.808823529411764,0.45588235294117646,0.5,16.4,0.578,0.163,0.126,0.159,0.13,0.422,0.715,0.511,0.548,0.358,0.602,0.837,0.05,0.7205882352941176,0.188,0.512,2.85,1.57,1.28,2.09,0.0,0.21,0.54,0.21,0.37,0.57,0.359,0.641,0.01,0.26,0.28,0.26,0.16,0.053,0.947,0.947,0.579,37.3,43.5,4.1,0.3,0.6,7.5,10.4,4.9,0.109,0.133,1.0,5.4,6.3,0.626,0.0,0.0,1.0,0.054,0.97,1.0,4.3,0.25,0.932,4.6,0.2,0.013,0.75,0.2,4.4,0.21,1.138,3.8,1.5,0.054,1.537,1.0,8.85,0.52,0.049,0.192,102.42,0.502,0.376,0.345
Sasha Vezenkov,PF,28.0,SAC,42.0,0.0,12.2,2.0,4.5,0.44,1.1,2.9,0.375,0.9,1.7,0.549,0.558,0.3,0.4,0.8,0.7,1.6,2.3,0.5,0.5,0.2,0.3,1.0,5.4,117.0,115.0,13.3,0.569,0.628,0.079,6.4,14.8,10.5,5.1,1.9,1.3,5.7,17.5,0.011904761904761904,0.011904761904761904,0.023809523809523808,0.098,-0.2,-0.7,-0.9,0.1,0.7,-0.7,0.09523809523809523,0.09523809523809523,0.38095238095238093,0.047619047619047616,0.16666666666666666,0.047619047619047616,1.1666666666666667,0.023809523809523808,0.21428571428571427,17.7,0.372,0.199,0.141,0.021,0.01,0.628,0.763,0.333,0.0,0.5,0.795,0.978,0.005,0.023809523809523808,0.308,0.432,2.74,1.52,1.21,0.9,0.0,0.43,1.02,0.07,0.1,0.17,0.429,0.571,0.14,0.38,0.52,0.48,0.24,0.273,0.727,0.952,0.476,12.2,10.4,0.5,0.1,0.2,0.8,1.3,0.7,0.037,0.057,1.7,3.1,4.7,0.549,0.1,0.0,0.0,0.0,0.0,0.0,0.0,0.0,0.0,0.0,0.2,0.054,0.818,0.3,0.0,0.0,0.0,0.0,1.0,0.141,1.414,0.7,5.22,0.477,0.009,0.051,102.51,0.347,0.6,0.338
Gabe Vincent,PG,27.0,LAL,11.0,0.0,19.8,1.4,4.5,0.306,0.3,2.5,0.107,1.1,1.9,0.571,0.337,0.1,0.2,0.5,0.4,0.5,0.8,1.9,0.8,0.0,0.5,1.7,3.1,86.0,119.0,3.1,0.341,0.571,0.041,2.1,2.4,2.3,11.6,2.0,0.0,9.1,10.9,-0.02727272727272727,0.009090909090909092,-0.009090909090909092,-0.033,-6.9,0.4,-6.5,-0.2,6.3,6.2,0.2727272727272727,0.18181818181818182,0.9090909090909091,0.0,0.09090909090909091,0.2727272727272727,4.363636363636363,0.0,0.18181818181818182,18.8,0.429,0.122,0.122,0.041,0.143,0.571,0.667,0.667,0.5,0.429,0.5,0.667,0.0,0.0,0.179,0.0,2.0,0.82,1.18,1.64,0.0,0.36,0.91,0.55,0.27,0.82,0.667,0.333,0.0,0.0,0.0,0.0,0.0,0.0,0.0,0.0,0.0,17.5,17.7,1.9,0.3,0.1,3.5,4.9,2.3,0.109,0.13,1.0,1.3,2.3,0.563,0.0,0.0,0.0,0.0,0.0,0.0,0.7,0.236,0.615,1.2,0.0,0.0,0.0,0.0,1.1,0.327,0.667,1.6,0.0,0.0,0.0,0.0,7.45,0.427,-0.017,0.126,103.55,0.706,0.265,0.471
Nikola Vučević,C,33.0,CHI,76.0,74.0,34.3,7.7,15.9,0.484,1.2,4.1,0.294,6.5,11.8,0.55,0.522,1.4,1.7,0.822,2.8,7.8,10.5,3.3,0.7,0.8,1.6,2.5,18.0,114.0,115.0,17.7,0.54,0.258,0.107,8.8,25.8,17.1,15.2,1.0,2.4,8.6,23.3,0.035526315789473684,0.03684210526315789,0.07105263157894737,0.1,0.8,-0.7,0.1,1.4,-3.6,-6.3,0.7105263157894737,0.4868421052631579,1.631578947368421,0.25,0.7763157894736842,0.039473684210526314,8.197368421052632,0.25,0.631578947368421,12.1,0.742,0.225,0.302,0.128,0.086,0.258,0.645,0.552,0.477,0.404,0.745,1.0,0.031,0.40789473684210525,0.054,0.294,,,,,,,,,,,,,,,,,,,,,,,,,,,,,,,,,,,,,,,,,,,,,,,,,,,,,,,,,,,,,,,,,
Tristan Vukcevic,C,20.0,WAS,10.0,4.0,15.3,2.9,6.7,0.433,1.0,3.6,0.278,1.9,3.1,0.613,0.507,1.7,2.2,0.773,0.6,3.0,3.6,1.3,0.5,0.7,1.0,2.8,8.5,106.0,116.0,13.9,0.554,0.537,0.328,4.1,21.5,12.6,12.1,1.5,3.7,11.5,23.9,0.0,0.01,0.01,0.045,-3.5,-0.1,-3.6,-0.1,10.7,20.8,0.4,0.2,1.6,0.2,1.2,0.1,3.1,0.4,0.3,16.8,0.463,0.209,0.164,0.06,0.03,0.537,0.929,0.364,0.5,0.0,0.842,0.9,0.06,0.3,0.083,0.0,4.8,3.9,0.9,0.5,0.1,0.7,1.6,0.1,0.2,0.3,0.333,0.667,0.1,0.6,0.7,0.7,0.1,0.143,0.857,1.0,0.143,14.1,14.7,1.3,0.0,0.0,1.5,3.1,1.3,0.092,0.092,1.4,4.9,6.3,0.571,0.2,0.0,0.0,0.0,0.0,0.0,0.0,0.0,0.0,0.0,3.1,0.271,1.348,2.3,1.1,0.224,0.579,1.9,0.0,0.0,0.0,0.0,10.75,0.407,-0.087,0.12,105.6,0.447,0.353,0.424
Dean Wade,PF,27.0,CLE,54.0,32.0,20.5,1.8,4.3,0.414,1.5,3.7,0.391,0.3,0.6,0.567,0.584,0.4,0.5,0.769,0.7,3.4,4.0,0.8,0.7,0.5,0.4,1.7,5.4,121.0,111.0,10.2,0.598,0.871,0.112,3.8,18.2,11.1,5.0,1.8,2.0,7.6,10.5,0.016666666666666666,0.02962962962962963,0.046296296296296294,0.11,-1.7,1.8,0.1,0.6,10.1,10.4,0.14814814814814814,0.14814814814814814,0.9814814814814815,0.018518518518518517,0.18518518518518517,0.2222222222222222,1.962962962962963,0.037037037037037035,0.05555555555555555,22.6,0.129,0.073,0.013,0.017,0.026,0.871,0.765,0.0,0.5,0.333,0.647,0.987,0.03,0.1111111111111111,0.351,0.408,4.06,2.93,1.13,1.5,0.02,0.41,1.02,0.13,0.2,0.33,0.389,0.611,0.04,0.89,0.93,0.83,0.26,0.04,0.96,0.938,0.292,21.0,14.1,0.8,0.1,0.2,1.5,2.1,1.1,0.038,0.05,1.5,6.1,7.4,0.563,0.0,0.0,0.0,0.0,0.0,0.0,0.0,0.0,0.0,0.0,0.4,0.091,0.792,0.4,3.1,0.534,1.184,2.6,0.0,0.0,0.0,0.0,8.37,0.474,-0.005,0.052,99.94,0.117,0.814,0.096
Franz Wagner,SF,22.0,ORL,72.0,72.0,32.5,7.3,15.2,0.482,1.3,4.6,0.281,6.0,10.6,0.57,0.525,3.8,4.4,0.85,1.0,4.3,5.3,3.7,1.1,0.4,1.9,2.3,19.7,116.0,112.0,17.6,0.575,0.305,0.291,3.6,15.7,9.6,18.8,1.6,1.1,10.0,25.7,0.043055555555555555,0.044444444444444446,0.08888888888888889,0.131,0.9,0.3,1.2,1.9,4.3,6.2,0.8472222222222222,0.6666666666666666,1.0277777777777777,0.25,1.9861111111111112,0.4722222222222222,8.819444444444445,0.4722222222222222,1.0694444444444444,11.3,0.695,0.315,0.32,0.039,0.022,0.305,0.716,0.459,0.442,0.292,0.419,0.787,0.06,0.9027777777777778,0.12,0.225,4.81,2.58,2.22,1.99,0.06,0.24,0.54,0.36,0.42,0.78,0.464,0.536,0.0,0.51,0.51,0.51,0.17,0.0,1.0,1.0,0.324,36.5,42.8,3.7,0.4,0.3,6.8,9.4,4.4,0.102,0.12,2.9,6.5,9.1,0.589,0.7,0.4,1.7,0.089,1.0,1.7,4.6,0.262,0.93,5.0,0.3,0.014,1.263,0.3,0.0,0.0,0.0,0.0,1.8,0.067,1.38,1.3,11.76,0.476,0.004,0.183,98.46,0.611,0.198,0.588
Moritz Wagner,C,26.0,ORL,80.0,1.0,17.7,4.2,6.9,0.601,0.5,1.4,0.33,3.7,5.5,0.673,0.636,2.1,2.6,0.814,1.5,2.9,4.3,1.2,0.5,0.3,1.2,2.0,10.9,126.0,112.0,20.6,0.676,0.208,0.37,9.6,19.3,14.4,11.2,1.4,1.4,13.1,22.8,0.04375,0.025,0.06999999999999999,0.188,1.7,0.3,2.0,1.4,2.5,1.1,0.2375,0.425,0.775,0.4125,1.4,0.3375,2.9375,0.45,0.5,7.6,0.792,0.504,0.272,0.005,0.009,0.208,0.799,0.46,0.333,0.4,0.796,0.974,0.091,0.6,0.322,0.324,4.08,2.86,1.21,1.16,0.3,1.79,3.91,0.24,0.21,0.45,0.528,0.472,0.56,1.2,1.76,1.73,1.03,0.319,0.681,0.979,0.582,19.1,19.7,1.2,0.0,0.1,2.2,3.0,1.3,0.063,0.069,4.0,5.1,8.8,0.507,0.4,0.3,0.2,0.026,0.789,0.2,0.0,0.0,0.0,0.0,2.9,0.237,1.329,2.2,2.0,0.186,1.169,1.7,3.1,0.224,1.506,2.1,8.29,0.489,0.004,0.109,98.73,0.677,0.131,0.673
Ish Wainright,SF,29.0,TOT,11.0,0.0,5.6,0.6,2.2,0.292,0.6,1.8,0.35,0.0,0.4,0.0,0.438,0.2,0.2,1.0,0.3,1.0,1.3,0.1,0.4,0.1,0.2,0.7,2.1,98.0,112.0,8.9,0.462,0.833,0.083,5.8,20.8,12.7,2.0,3.2,1.5,7.4,18.5,0.0,0.009090909090909092,0.0,0.029,-2.9,0.5,-2.4,0.0,-2.0,4.1,0.09090909090909091,0.0,0.2727272727272727,0.09090909090909091,0.09090909090909091,0.0,0.18181818181818182,0.0,0.0,22.7,0.167,0.0,0.125,0.042,0.0,0.833,0.0,0.0,0.0,0.0,0.0,1.0,0.0,0.0,0.25,0.6,0.82,0.27,0.55,0.82,0.0,0.18,0.36,0.0,0.09,0.09,0.0,1.0,0.0,0.64,0.64,0.64,0.18,0.0,1.0,1.0,0.286,6.2,5.7,0.1,0.0,0.1,0.5,0.2,0.2,0.015,0.029,1.2,2.3,3.5,0.667,0.0,0.0,0.0,0.0,0.0,0.0,0.0,0.0,0.0,0.0,0.0,0.0,0.0,0.0,0.0,0.0,0.0,0.0,0.0,0.0,0.0,0.0,1.83,0.182,-0.268,0.029,108.48,0.0,0.913,0.0
Jabari Walker,SF,21.0,POR,72.0,23.0,23.6,3.3,7.1,0.46,0.6,1.9,0.295,2.7,5.1,0.522,0.5,1.8,2.4,0.754,2.1,5.0,7.1,1.0,0.6,0.3,0.9,2.4,8.9,115.0,116.0,13.0,0.546,0.273,0.336,9.4,25.0,16.7,6.2,1.2,1.2,10.2,16.3,0.019444444444444445,0.022222222222222223,0.04027777777777777,0.083,-2.4,-0.9,-3.3,-0.6,-10.8,-2.5,0.2361111111111111,0.3611111111111111,1.1111111111111112,0.18055555555555555,1.125,0.18055555555555555,2.3333333333333335,0.2916666666666667,0.875,9.8,0.727,0.393,0.263,0.049,0.022,0.273,0.67,0.358,0.2,0.545,0.617,1.0,0.055,0.2361111111111111,0.446,0.29,3.13,1.86,1.26,1.06,0.06,1.1,2.5,0.18,0.24,0.42,0.433,0.567,0.17,0.31,0.47,0.47,0.24,0.353,0.647,1.0,0.5,19.4,15.2,1.0,0.1,0.1,1.8,2.5,1.2,0.051,0.061,4.9,7.3,11.8,0.598,0.1,0.0,0.2,0.023,1.133,0.2,0.0,0.0,0.0,0.0,0.8,0.089,1.0,0.8,2.6,0.346,0.844,3.1,1.6,0.138,1.311,1.3,8.53,0.477,-0.004,0.062,98.44,0.605,0.193,0.58
Jarace Walker,PF,20.0,IND,33.0,0.0,10.3,1.4,3.3,0.409,0.7,1.7,0.4,0.7,1.7,0.418,0.509,0.2,0.3,0.889,0.4,1.5,1.9,1.2,0.5,0.3,0.5,0.9,3.6,109.0,116.0,11.8,0.527,0.5,0.082,4.0,17.0,10.5,13.9,2.1,2.6,13.0,16.1,0.0030303030303030303,0.00909090909090909,0.012121212121212121,0.058,-0.5,0.7,0.2,0.2,3.3,0.4,0.36363636363636365,0.15151515151515152,0.5151515151515151,0.0,0.09090909090909091,0.06060606060606061,2.696969696969697,0.030303030303030304,0.030303030303030304,17.4,0.5,0.164,0.136,0.082,0.118,0.5,0.5,0.267,0.556,0.385,0.565,0.818,0.036,0.12121212121212122,0.182,0.3,1.12,0.79,0.33,0.79,0.0,0.12,0.3,0.12,0.06,0.18,0.667,0.333,0.0,0.21,0.21,0.21,0.06,0.0,1.0,1.0,0.286,11.9,11.3,1.2,0.1,0.1,1.9,3.0,1.5,0.102,0.122,1.1,3.6,4.5,0.653,0.0,0.0,0.0,0.0,0.0,0.0,0.7,0.176,1.0,0.7,0.0,0.0,0.0,0.0,1.5,0.344,1.111,1.4,0.0,0.0,0.0,0.0,4.11,0.522,0.061,0.138,104.41,0.383,0.55,0.267
Lonnie Walker IV,SG,25.0,BRK,58.0,0.0,17.4,3.6,8.5,0.423,1.8,4.7,0.384,1.8,3.8,0.471,0.528,0.8,1.0,0.763,0.2,2.0,2.2,1.3,0.6,0.3,0.9,1.2,9.7,105.0,117.0,13.1,0.545,0.551,0.12,1.4,12.7,6.9,11.5,1.6,1.8,9.0,24.4,-0.001724137931034483,0.015517241379310345,0.013793103448275864,0.038,-0.4,-1.0,-1.4,0.2,0.2,4.3,0.29310344827586204,0.2413793103448276,0.6896551724137931,0.06896551724137931,0.4482758620689655,0.05172413793103448,3.1379310344827585,0.08620689655172414,0.39655172413793105,17.7,0.449,0.163,0.126,0.063,0.098,0.551,0.663,0.355,0.387,0.354,0.462,0.712,0.018,0.08620689655172414,0.229,0.452,2.0,1.02,0.98,0.91,0.0,0.07,0.17,0.03,0.26,0.29,0.118,0.882,0.0,0.09,0.09,0.09,0.03,0.0,1.0,1.0,0.4,13.5,19.3,1.2,0.1,0.2,2.2,3.2,1.5,0.09,0.113,0.9,3.2,4.1,0.582,0.0,0.0,0.6,0.061,0.914,0.6,2.0,0.242,0.833,2.4,0.0,0.0,0.0,0.0,3.5,0.338,1.047,3.3,0.0,0.0,0.0,0.0,5.64,0.419,-0.038,0.113,100.24,0.368,0.552,0.283
Cason Wallace,SG,20.0,OKC,82.0,13.0,20.6,2.6,5.4,0.491,1.2,2.9,0.419,1.5,2.5,0.572,0.602,0.4,0.5,0.784,0.6,1.6,2.3,1.5,0.9,0.5,0.5,1.6,6.8,122.0,113.0,12.0,0.612,0.529,0.084,3.6,8.6,6.2,8.9,2.2,2.0,8.9,12.9,0.023170731707317073,0.025609756097560978,0.04878048780487805,0.115,-0.9,1.0,0.1,0.9,5.7,-3.9,0.2682926829268293,0.17073170731707318,0.8658536585365854,0.024390243902439025,0.24390243902439024,0.036585365853658534,3.4390243902439024,0.036585365853658534,0.2804878048780488,16.0,0.471,0.229,0.12,0.059,0.063,0.529,0.752,0.377,0.5,0.357,0.655,0.969,0.054,0.23170731707317074,0.496,0.474,3.71,1.67,2.04,1.96,0.0,0.52,1.21,0.17,0.32,0.49,0.35,0.65,0.01,0.2,0.21,0.2,0.06,0.059,0.941,0.941,0.294,14.1,14.5,1.5,0.1,0.1,2.5,3.6,1.7,0.104,0.122,1.7,3.4,5.0,0.505,0.0,0.0,0.1,0.022,0.545,0.1,0.6,0.109,0.873,0.7,0.2,0.034,1.176,0.2,0.0,0.0,0.0,0.0,0.9,0.099,1.42,0.6,8.98,0.447,-0.012,0.092,101.56,0.424,0.524,0.36
Jordan Walsh,SF,19.0,BOS,9.0,1.0,9.2,0.7,1.7,0.4,0.2,1.0,0.222,0.4,0.7,0.667,0.467,0.1,0.2,0.5,0.6,1.7,2.2,0.6,0.6,0.1,0.3,1.2,1.7,106.0,108.0,8.4,0.472,0.6,0.133,6.8,18.7,13.0,7.2,3.0,1.1,15.9,9.9,0.0,0.022222222222222223,0.022222222222222223,0.089,-5.6,1.8,-3.8,0.0,30.2,19.3,0.0,0.1111111111111111,0.4444444444444444,0.1111111111111111,0.1111111111111111,0.1111111111111111,1.4444444444444444,0.0,0.0,16.1,0.4,0.267,0.133,0.0,0.0,0.6,0.75,0.5,0.0,0.0,0.75,1.0,0.333,0.4444444444444444,0.444,0.0,1.33,0.33,1.0,0.33,0.0,0.67,1.56,0.22,0.44,0.67,0.333,0.667,0.0,0.22,0.22,0.22,0.11,0.0,1.0,1.0,0.5,6.8,5.2,0.6,0.0,0.1,1.2,1.4,0.7,0.082,0.098,1.1,2.5,3.5,0.714,0.0,0.0,0.0,0.0,0.0,0.0,0.0,0.0,0.0,0.0,0.0,0.0,0.0,0.0,0.0,0.0,0.0,0.0,0.0,0.0,0.0,0.0,3.86,0.444,-0.006,0.068,98.33,0.533,0.4,0.533
TJ Warren,SF,30.0,MIN,11.0,0.0,11.4,1.6,3.7,0.439,0.2,1.2,0.154,1.5,2.5,0.571,0.463,0.3,0.4,0.75,0.5,1.5,2.0,0.8,0.4,0.1,0.4,1.0,3.7,102.0,110.0,9.2,0.479,0.317,0.098,4.8,14.8,10.0,10.1,1.6,0.7,8.6,16.5,0.0,0.018181818181818184,0.018181818181818184,0.06,-5.0,0.5,-4.5,-0.1,19.4,13.3,0.09090909090909091,0.0,0.5454545454545454,0.09090909090909091,0.18181818181818182,0.0,2.0,0.0,0.09090909090909091,13.5,0.683,0.171,0.171,0.244,0.098,0.317,1.0,0.429,0.3,0.75,0.813,1.0,0.0,0.0,0.308,0.25,,,,,,,,,,,,,,,,,,,,,,,,,,,,,,,,,,,,,,,,,,,,,,,,,,,,,,,,,,,,,,,,,
PJ Washington,PF,25.0,TOT,73.0,45.0,30.4,4.8,11.1,0.436,1.8,5.7,0.32,3.0,5.5,0.558,0.518,1.4,2.0,0.683,1.2,4.5,5.6,1.9,1.0,0.8,1.3,2.3,12.9,106.0,117.0,12.2,0.537,0.509,0.179,4.2,16.5,10.3,9.3,1.6,2.4,9.9,19.1,0.0,0.02602739726027397,0.02602739726027397,0.04,-1.7,-0.4,-2.1,-0.1,-3.0,2.8,0.684931506849315,0.3287671232876712,1.4931506849315068,0.2054794520547945,0.9863013698630136,0.1232876712328767,4.602739726027397,0.3013698630136986,0.5753424657534246,15.4,0.491,0.2,0.239,0.039,0.012,0.509,0.722,0.454,0.438,0.3,0.797,0.955,0.06,0.6164383561643836,0.266,0.245,,,,,,,,,,,,,,,,,,,,,,,,,,,,,,,,,,,,,,,,,,,,,,,,,,,,,,,,,,,,,,,,,
TyTy Washington Jr,PG,22.0,MIL,11.0,0.0,5.1,0.5,1.8,0.3,0.2,0.5,0.333,0.4,1.3,0.286,0.35,0.0,0.0,0.0,0.1,0.4,0.5,0.5,0.3,0.0,0.2,0.1,1.3,81.0,117.0,4.6,0.35,0.3,0.0,2.0,7.7,4.9,11.4,2.6,0.0,9.1,17.0,-0.009090909090909092,0.009090909090909092,-0.009090909090909092,-0.072,-7.1,-1.0,-8.2,-0.1,-11.3,-14.3,0.0,0.18181818181818182,0.09090909090909091,0.0,0.0,0.0,1.0909090909090908,0.0,0.0,17.5,0.7,0.05,0.2,0.1,0.35,0.3,1.0,0.25,0.5,0.143,0.5,1.0,0.0,0.0,0.167,1.0,,,,,,,,,,,,,,,,,,,,,,,,,,,,,,,,,,,,,,,,,,,,,,,,,,,,,,,,,,,,,,,,,
Yuta Watanabe,SF,29.0,TOT,34.0,0.0,13.6,1.2,3.4,0.353,0.7,2.5,0.294,0.5,0.9,0.516,0.461,0.3,0.5,0.588,0.3,1.3,1.6,0.4,0.4,0.2,0.6,1.1,3.4,92.0,117.0,4.7,0.474,0.733,0.147,2.8,10.1,6.5,4.2,1.3,1.3,13.3,13.3,-0.014705882352941176,0.011764705882352941,-0.0029411764705882353,-0.009,-5.3,-1.1,-6.4,-0.5,-8.5,-10.7,0.35294117647058826,0.14705882352941177,0.9411764705882353,0.0,0.20588235294117646,0.058823529411764705,1.0588235294117647,0.029411764705882353,0.17647058823529413,20.0,0.267,0.095,0.103,0.043,0.026,0.733,0.818,0.333,0.6,0.0,0.563,1.0,0.043,0.14705882352941177,0.412,0.286,2.62,1.5,1.12,0.53,0.03,0.15,0.35,0.12,0.15,0.26,0.444,0.556,0.0,0.29,0.29,0.26,0.09,0.0,1.0,1.0,0.333,10.5,9.6,0.4,0.1,0.1,0.7,1.2,0.6,0.042,0.059,1.0,3.6,4.5,0.491,0.0,0.0,0.0,0.0,0.0,0.0,0.0,0.0,0.0,0.0,0.0,0.0,0.0,0.0,1.9941176470588238,0.5527058823529413,0.8763235294117646,2.314705882352941,0.0,0.0,0.0,0.0,6.09,0.492,0.025,0.045,99.95,0.274,0.641,0.239
Lindy Waters III,SG,26.0,OKC,38.0,0.0,7.4,1.3,2.7,0.471,1.0,2.2,0.435,0.3,0.5,0.632,0.649,0.1,0.1,1.0,0.2,0.9,1.1,0.6,0.1,0.2,0.2,0.6,3.6,128.0,115.0,15.3,0.653,0.817,0.019,2.9,12.6,8.0,11.5,0.9,2.3,6.3,17.3,0.015789473684210527,0.007894736842105263,0.02368421052631579,0.15,2.4,-0.5,1.9,0.3,-7.5,-16.6,0.10526315789473684,0.02631578947368421,0.39473684210526316,0.0,0.02631578947368421,0.0,1.631578947368421,0.02631578947368421,0.02631578947368421,22.4,0.183,0.067,0.038,0.01,0.067,0.817,0.714,0.75,1.0,0.429,0.667,0.919,0.01,0.02631578947368421,0.271,0.522,1.68,0.79,0.89,0.37,0.0,0.24,0.55,0.03,0.0,0.03,1.0,0.0,0.0,0.08,0.08,0.08,0.03,0.0,1.0,1.0,0.333,7.7,8.5,0.6,0.0,0.1,0.9,1.6,0.7,0.082,0.092,0.7,2.5,3.1,0.714,0.0,0.0,0.0,0.0,0.0,0.0,0.0,0.0,0.0,0.0,0.0,0.0,0.0,0.0,0.0,0.0,0.0,0.0,0.0,0.0,0.0,0.0,4.45,0.395,-0.047,0.132,101.41,0.175,0.81,0.117
Trendon Watford,PF,23.0,BRK,63.0,2.0,13.6,2.6,4.9,0.527,0.4,1.1,0.397,2.2,3.9,0.564,0.571,1.2,1.5,0.794,0.8,2.3,3.1,1.3,0.4,0.3,1.0,1.7,6.9,115.0,115.0,15.7,0.611,0.219,0.312,6.5,18.7,12.4,14.6,1.3,2.0,15.1,21.1,0.014285714285714285,0.014285714285714285,0.02857142857142857,0.1,-0.9,0.4,-0.5,0.3,-3.8,-1.0,0.4444444444444444,0.2698412698412698,0.9206349206349206,0.1746031746031746,0.7619047619047619,0.06349206349206349,2.9523809523809526,0.2222222222222222,0.3968253968253968,9.5,0.781,0.305,0.392,0.061,0.023,0.219,0.705,0.492,0.421,0.286,0.431,0.963,0.023,0.1111111111111111,0.338,0.304,2.37,1.11,1.25,0.68,0.02,0.41,0.92,0.24,0.33,0.57,0.417,0.583,0.02,0.19,0.21,0.19,0.08,0.077,0.923,0.923,0.385,20.9,18.2,1.2,0.1,0.2,2.0,3.0,1.6,0.06,0.074,1.9,4.0,5.7,0.609,0.3,0.2,0.4,0.051,1.286,0.3,1.0,0.176,0.836,1.2,0.2,0.031,1.0,0.2,1.6,0.246,0.971,1.6,0.5,0.07,1.172,0.5,6.46,0.487,0.015,0.148,98.86,0.634,0.188,0.606
Peyton Watson,SF,21.0,DEN,80.0,4.0,18.6,2.6,5.6,0.465,0.6,1.9,0.296,2.0,3.7,0.553,0.516,0.9,1.3,0.67,0.7,2.5,3.2,1.1,0.5,1.1,0.7,1.8,6.7,108.0,111.0,11.8,0.539,0.34,0.237,4.3,14.6,9.6,7.4,1.4,5.0,10.5,16.2,0.00375,0.027500000000000004,0.03125,0.079,-3.0,0.8,-2.2,-0.1,-0.2,-9.2,0.275,0.2375,1.175,0.1125,0.675,0.025,2.5625,0.1,0.4,12.0,0.66,0.342,0.204,0.089,0.025,0.34,0.66,0.407,0.525,0.364,0.785,0.978,0.143,0.725,0.434,0.273,5.31,3.75,1.56,1.01,0.0,0.28,0.68,0.21,0.29,0.5,0.425,0.575,0.04,0.36,0.4,0.38,0.2,0.094,0.906,0.938,0.5,19.2,15.4,1.1,0.0,0.2,1.8,2.7,1.3,0.058,0.066,2.1,5.2,7.0,0.5,0.0,0.0,0.0,0.0,0.0,0.0,0.2,0.04,0.773,0.3,0.1,0.025,0.571,0.2,2.4,0.356,0.974,2.5,0.0,0.0,0.0,0.0,8.94,0.424,-0.046,0.081,98.88,0.613,0.254,0.56
Victor Wembanyama,C,20.0,SAS,71.0,71.0,29.7,7.8,16.7,0.465,1.8,5.5,0.325,6.0,11.2,0.534,0.519,4.1,5.2,0.796,2.3,8.4,10.6,3.9,1.2,3.6,3.7,2.2,21.4,104.0,106.0,23.1,0.565,0.332,0.309,8.2,30.7,19.4,21.5,2.0,10.0,16.2,32.2,-0.009859154929577464,0.0619718309859155,0.05211267605633803,0.085,1.9,3.3,5.2,3.8,-3.1,7.0,1.732394366197183,1.267605633802817,1.267605633802817,0.23943661971830985,2.436619718309859,0.23943661971830985,8.732394366197184,0.6338028169014085,0.38028169014084506,13.0,0.668,0.293,0.204,0.089,0.082,0.332,0.706,0.463,0.321,0.33,0.728,0.797,0.158,2.323943661971831,0.056,0.545,9.07,7.2,1.87,2.87,0.15,1.89,4.17,0.24,0.28,0.52,0.459,0.541,0.28,0.58,0.86,0.83,0.48,0.328,0.672,1.0,0.576,34.7,39.6,3.9,0.3,0.5,6.4,9.3,4.6,0.111,0.133,4.0,12.7,16.3,0.653,4.3,2.0,1.4,0.063,1.01,1.4,1.9,0.109,0.759,2.5,2.8,0.11,1.142,2.5,2.5,0.138,0.796,3.1,2.8,0.097,1.297,2.2,16.7,0.461,-0.043,0.213,103.4,0.556,0.252,0.472
Blake Wesley,SG,20.0,SAS,61.0,3.0,14.4,1.7,3.5,0.474,0.2,0.9,0.218,1.5,2.6,0.563,0.502,0.9,1.3,0.667,0.3,1.2,1.5,2.7,0.5,0.1,0.9,1.5,4.4,110.0,118.0,10.1,0.537,0.256,0.363,2.2,9.5,5.8,25.3,1.6,0.9,18.1,14.7,0.0049180327868852455,0.009836065573770491,0.014754098360655738,0.05,-4.0,0.1,-4.0,-0.4,-7.9,-1.9,0.6229508196721312,0.14754098360655737,0.8360655737704918,0.04918032786885246,0.6721311475409836,0.0,6.80327868852459,0.09836065573770492,0.2459016393442623,9.8,0.744,0.433,0.219,0.07,0.023,0.256,0.624,0.574,0.267,0.2,0.556,1.0,0.116,0.36065573770491804,0.309,0.412,1.57,0.64,0.93,0.87,0.02,0.1,0.23,0.11,0.11,0.23,0.5,0.5,0.0,0.11,0.11,0.11,0.0,0.0,1.0,1.0,0.0,22.2,23.2,2.6,0.2,0.2,5.0,7.1,3.1,0.118,0.139,1.0,2.6,3.6,0.538,0.0,0.0,0.2,0.049,0.8,0.2,0.9,0.225,0.797,1.1,0.0,0.0,0.0,0.0,1.0,0.225,0.855,1.1,0.6,0.088,1.333,0.4,5.69,0.506,0.047,0.257,103.71,0.672,0.134,0.657
Russell Westbrook,PG,35.0,LAC,68.0,11.0,22.5,4.4,9.8,0.454,0.6,2.3,0.273,3.8,7.5,0.509,0.486,1.6,2.4,0.688,1.4,3.7,5.0,4.5,1.1,0.3,2.1,1.8,11.1,107.0,113.0,16.2,0.514,0.232,0.241,7.1,17.8,12.7,29.2,2.4,1.4,16.4,25.2,0.0029411764705882353,0.027941176470588233,0.030882352941176472,0.066,-0.2,0.7,0.5,1.0,4.4,1.4,1.3970588235294117,0.5147058823529411,0.6911764705882353,0.08823529411764706,1.1911764705882353,0.08823529411764706,10.25,0.27941176470588236,0.6323529411764706,9.6,0.768,0.385,0.27,0.074,0.039,0.232,0.655,0.363,0.367,0.346,0.378,0.857,0.075,0.5588235294117647,0.403,0.29,1.94,1.07,0.87,1.82,0.07,0.38,0.85,0.4,0.43,0.82,0.482,0.518,0.13,0.1,0.24,0.22,0.16,0.563,0.438,0.938,0.688,30.8,32.4,4.5,0.4,0.2,7.0,11.0,5.0,0.146,0.163,3.3,5.4,8.3,0.636,0.4,0.2,1.6,0.143,0.864,1.8,0.9,0.115,0.634,1.5,0.3,0.022,1.0,0.3,1.9,0.196,0.744,2.5,1.2,0.07,1.377,0.9,7.22,0.436,-0.03,0.285,102.17,0.687,0.167,0.623
Coby White,PG,23.0,CHI,79.0,78.0,36.5,6.8,15.3,0.447,2.6,7.0,0.376,4.2,8.3,0.508,0.534,2.8,3.3,0.838,0.6,4.0,4.5,5.1,0.7,0.2,2.1,2.4,19.1,115.0,120.0,14.5,0.57,0.46,0.215,1.7,12.4,6.9,20.8,0.9,0.6,11.1,22.7,0.039240506329113925,0.020253164556962026,0.059493670886075954,0.078,0.7,-1.3,-0.7,0.9,-0.8,2.1,0.9240506329113924,0.7341772151898734,1.2531645569620253,0.1518987341772152,1.4303797468354431,0.6329113924050633,12.443037974683545,0.31645569620253167,0.8354430379746836,15.5,0.54,0.25,0.156,0.085,0.05,0.46,0.656,0.362,0.485,0.267,0.289,0.833,0.012,0.17721518987341772,0.126,0.4,6.19,2.71,3.48,1.11,0.13,0.37,0.76,0.37,0.54,0.91,0.403,0.597,0.0,0.24,0.24,0.24,0.11,0.0,1.0,1.0,0.474,52.1,58.3,5.1,0.4,1.1,9.4,13.0,6.5,0.099,0.125,1.5,7.0,8.4,0.543,0.0,0.0,0.8,0.054,0.825,1.0,5.7,0.323,0.927,6.1,0.2,0.013,0.6,0.3,6.8,0.325,1.105,6.1,0.0,0.0,0.0,0.0,15.33,0.506,0.038,0.204,97.52,0.44,0.416,0.374
Derrick White,SG,29.0,BOS,73.0,73.0,32.6,5.3,11.5,0.461,2.7,6.8,0.396,2.6,4.7,0.555,0.578,1.9,2.1,0.901,0.7,3.5,4.2,5.2,1.0,1.2,1.5,2.1,15.2,126.0,112.0,16.9,0.611,0.59,0.181,2.4,11.3,7.0,21.2,1.5,3.2,11.0,18.6,0.07123287671232877,0.04520547945205479,0.11643835616438356,0.171,2.4,1.4,3.8,3.5,12.4,2.9,0.9452054794520548,0.2876712328767123,1.082191780821918,0.1780821917808219,1.0,0.3698630136986301,12.465753424657533,0.2602739726027397,0.3835616438356164,18.0,0.41,0.114,0.192,0.08,0.024,0.59,0.771,0.509,0.373,0.5,0.419,0.801,0.015,0.1780821917808219,0.202,0.42,6.58,4.11,2.47,2.1,0.1,0.56,1.37,0.19,0.33,0.52,0.368,0.632,0.03,0.29,0.32,0.29,0.07,0.087,0.913,0.955,0.227,46.4,47.0,5.1,0.3,0.7,8.3,13.1,6.2,0.11,0.133,1.9,6.7,8.5,0.5,0.0,0.0,0.3,0.018,1.222,0.3,3.7,0.278,0.971,3.8,0.4,0.022,1.273,0.3,5.0,0.287,1.274,4.0,0.5,0.024,1.625,0.3,13.84,0.453,-0.016,0.209,99.48,0.345,0.531,0.313
Jack White,SF,26.0,MEM,4.0,0.0,16.0,0.5,4.0,0.125,0.5,2.5,0.2,0.0,1.5,0.0,0.188,0.0,0.0,0.0,1.0,2.0,3.0,0.3,1.0,0.3,0.5,0.8,1.5,54.0,112.0,1.1,0.188,0.625,0.0,6.6,14.2,10.3,2.0,3.1,1.5,11.1,12.1,-0.05,0.025,-0.025,-0.1,-9.1,-1.2,-10.3,-0.1,-22.3,-15.2,0.5,0.0,0.75,0.0,0.0,0.0,0.75,0.0,0.0,17.1,0.375,0.25,0.063,0.063,0.0,0.625,0.0,0.0,0.0,0.0,0.0,1.0,0.0,0.0,0.2,0.0,3.0,1.25,1.75,1.75,0.0,0.25,0.5,0.5,0.25,0.75,0.667,0.333,0.0,0.5,0.5,0.5,0.25,0.0,1.0,1.0,0.5,13.0,8.8,0.3,0.3,0.0,0.8,1.0,0.5,0.019,0.038,2.8,3.5,6.3,0.48,0.0,0.0,0.0,0.0,0.0,0.0,0.0,0.0,0.0,0.0,0.0,0.0,0.0,0.0,0.0,0.0,0.0,0.0,0.0,0.0,0.0,0.0,7.25,0.414,-0.059,0.024,102.56,0.0,1.0,0.0
Cam Whitmore,SF,19.0,HOU,47.0,2.0,18.7,4.5,9.9,0.454,1.7,4.7,0.359,2.8,5.3,0.538,0.539,1.6,2.4,0.679,0.9,2.9,3.8,0.7,0.6,0.4,1.0,1.4,12.3,109.0,113.0,16.6,0.561,0.471,0.24,5.3,16.7,11.0,6.0,1.7,1.8,8.2,27.1,0.00851063829787234,0.02340425531914894,0.031914893617021274,0.082,1.0,-0.9,0.1,0.5,-1.5,-3.5,0.3404255319148936,0.425531914893617,0.723404255319149,0.1276595744680851,1.1702127659574468,0.02127659574468085,1.574468085106383,0.1702127659574468,0.7021276595744681,14.9,0.529,0.257,0.206,0.026,0.041,0.471,0.642,0.448,0.5,0.368,0.579,0.937,0.107,0.851063829787234,0.173,0.342,1.91,1.11,0.81,1.53,0.0,0.02,0.06,0.15,0.13,0.28,0.538,0.462,0.04,0.3,0.34,0.32,0.15,0.125,0.875,0.938,0.438,12.1,15.9,0.7,0.0,0.1,1.3,1.6,0.8,0.058,0.065,2.2,4.6,6.7,0.598,0.0,0.0,0.3,0.058,0.424,0.7,1.1,0.104,0.915,1.3,0.0,0.0,0.0,0.0,4.3,0.298,1.189,3.6,1.0,0.071,1.15,0.9,6.0,0.481,0.024,0.058,103.65,0.459,0.409,0.425
Aaron Wiggins,SG,25.0,OKC,78.0,4.0,15.7,2.7,4.8,0.562,0.8,1.6,0.492,1.9,3.2,0.598,0.645,0.7,0.9,0.789,0.8,1.6,2.4,1.1,0.7,0.2,0.7,1.2,6.9,125.0,113.0,15.6,0.664,0.334,0.188,5.7,11.0,8.4,9.3,2.2,1.4,12.1,16.4,0.026923076923076925,0.020512820512820513,0.04743589743589744,0.144,0.4,0.4,0.7,0.8,7.5,-0.6,0.3076923076923077,0.2692307692307692,0.7307692307692307,0.0641025641025641,0.48717948717948717,0.0641025641025641,2.576923076923077,0.11538461538461539,0.4230769230769231,10.7,0.666,0.422,0.186,0.04,0.019,0.334,0.698,0.457,0.467,0.0,0.667,0.968,0.042,0.15384615384615385,0.413,0.404,3.14,1.81,1.33,1.45,0.01,0.31,0.63,0.17,0.26,0.42,0.394,0.606,0.0,0.27,0.27,0.27,0.06,0.0,1.0,1.0,0.238,13.4,12.4,1.1,0.1,0.2,1.6,2.8,1.4,0.082,0.101,2.1,3.7,5.8,0.478,0.0,0.0,0.0,0.0,0.0,0.0,0.5,0.078,1.056,0.5,0.5,0.054,1.48,0.3,2.4,0.315,1.26,1.9,1.1,0.136,1.302,0.8,7.41,0.443,-0.023,0.096,100.83,0.554,0.343,0.542
Andrew Wiggins,SF,28.0,GSW,71.0,59.0,27.0,5.0,11.0,0.453,1.3,3.6,0.358,3.7,7.4,0.498,0.511,2.0,2.7,0.751,1.5,3.0,4.5,1.7,0.6,0.6,1.2,2.1,13.2,112.0,117.0,12.7,0.544,0.326,0.242,6.2,11.8,9.0,8.6,1.1,1.9,9.2,20.9,0.016901408450704224,0.022535211267605635,0.039436619718309855,0.07,-1.4,-1.2,-2.5,-0.3,-0.6,-6.5,0.4647887323943662,0.4788732394366197,1.0845070422535212,0.1267605633802817,1.3380281690140845,0.15492957746478872,4.394366197183099,0.18309859154929578,0.6338028169014085,13.2,0.674,0.203,0.292,0.083,0.096,0.326,0.639,0.491,0.338,0.36,0.592,0.901,0.049,0.5211267605633803,0.157,0.35,5.34,2.65,2.69,1.24,0.0,0.75,2.1,0.38,0.2,0.58,0.659,0.341,0.14,0.59,0.73,0.72,0.31,0.192,0.808,0.981,0.423,22.7,25.4,1.7,0.1,0.3,3.3,4.5,2.0,0.074,0.09,3.4,5.3,8.5,0.546,1.7,0.7,0.7,0.055,0.887,0.7,1.6,0.134,0.914,1.8,0.3,0.018,1.118,0.2,3.8,0.269,1.039,3.6,1.6,0.093,1.292,1.3,10.99,0.471,-0.003,0.087,101.06,0.558,0.291,0.462
Lindell Wigginton,PG,25.0,MIL,3.0,0.0,2.7,0.7,1.7,0.4,0.0,0.7,0.0,0.7,1.0,0.667,0.4,0.7,0.7,1.0,0.0,0.0,0.0,0.0,0.0,0.0,0.3,0.3,2.0,89.0,124.0,5.6,0.51,0.4,0.4,0.0,0.0,0.0,0.0,0.0,0.0,14.5,37.1,0.0,0.0,0.0,-0.154,-14.6,-9.2,-23.9,0.0,-52.7,-55.6,0.3333333333333333,0.0,0.3333333333333333,0.0,0.3333333333333333,0.0,0.0,0.0,0.0,11.7,0.6,0.4,0.2,0.0,0.0,0.4,1.0,0.0,0.0,0.0,0.0,0.0,0.0,0.0,0.0,0.0,1.0,0.33,0.67,0.67,0.0,0.0,0.0,0.33,0.0,0.33,1.0,0.0,0.0,0.0,0.0,0.0,0.0,0.0,0.0,0.0,0.0,2.3,4.7,0.0,0.0,0.0,0.0,0.0,0.0,0.0,0.0,0.0,0.0,0.0,0.0,0.0,0.0,0.0,0.0,0.0,0.0,0.0,0.0,0.0,0.0,0.0,0.0,0.0,0.0,0.0,0.0,0.0,0.0,0.0,0.0,0.0,0.0,1.67,0.4,-0.009,0.0,103.8,0.667,0.0,0.667
Alondes Williams,SG,24.0,MIA,7.0,0.0,2.3,0.3,1.1,0.25,0.0,0.6,0.0,0.3,0.6,0.5,0.25,0.1,0.1,1.0,0.0,0.1,0.1,0.0,0.0,0.1,0.3,0.3,0.7,50.0,115.0,-7.9,0.296,0.5,0.125,0.0,7.1,3.5,0.0,0.0,6.1,19.2,29.1,-0.014285714285714287,0.0,-0.014285714285714287,-0.357,-17.8,-5.4,-23.2,-0.1,-57.1,-59.4,0.0,0.2857142857142857,0.14285714285714285,0.0,0.14285714285714285,0.0,0.0,0.14285714285714285,0.14285714285714285,15.7,0.5,0.25,0.25,0.0,0.0,0.5,1.0,0.0,0.0,0.0,0.0,0.0,0.0,0.0,0.0,0.0,0.14,0.14,0.0,0.0,0.0,0.0,0.0,0.0,0.0,0.0,0.0,0.0,0.0,0.0,0.0,0.0,0.0,0.0,0.0,0.0,0.0,3.9,4.9,0.0,0.1,0.0,0.7,0.3,0.1,0.0,0.037,0.0,1.0,1.0,1.0,0.0,0.0,0.0,0.0,0.0,0.0,0.0,0.0,0.0,0.0,0.0,0.0,0.0,0.0,0.0,0.0,0.0,0.0,0.0,0.0,0.0,0.0,1.0,1.0,0.536,0.0,116.96,0.8,0.0,0.8
Brandon Williams,PG,24.0,DAL,17.0,0.0,6.6,1.2,3.2,0.37,0.2,0.9,0.2,1.0,2.3,0.436,0.398,0.6,1.0,0.647,0.2,0.5,0.8,1.0,0.1,0.1,0.4,0.2,3.2,97.0,120.0,9.3,0.439,0.278,0.315,3.9,8.7,6.3,20.9,0.4,0.8,10.2,26.0,-0.011764705882352941,0.0058823529411764705,-0.0058823529411764705,-0.044,-2.7,-2.8,-5.5,-0.1,-22.6,-25.5,0.29411764705882354,0.058823529411764705,0.23529411764705882,0.0,0.5882352941176471,0.17647058823529413,2.235294117647059,0.17647058823529413,0.29411764705882354,12.2,0.722,0.259,0.259,0.093,0.111,0.278,0.571,0.286,0.4,0.5,0.353,0.667,0.037,0.058823529411764705,0.133,0.0,1.06,0.65,0.41,0.29,0.0,0.06,0.12,0.18,0.06,0.24,0.75,0.25,0.0,0.0,0.0,0.0,0.0,0.0,0.0,0.0,0.0,8.9,10.8,1.0,0.1,0.0,1.7,2.3,1.1,0.113,0.119,1.3,2.0,3.1,0.591,0.0,0.0,0.0,0.0,0.0,0.0,0.0,0.0,0.0,0.0,0.0,0.0,0.0,0.0,0.0,0.0,0.0,0.0,0.0,0.0,0.0,0.0,4.2,0.54,0.104,0.258,105.68,0.63,0.167,0.481
Grant Williams,PF,25.0,TOT,76.0,43.0,28.0,3.6,8.0,0.456,1.7,4.4,0.375,2.0,3.5,0.558,0.56,1.4,1.8,0.757,1.1,3.1,4.2,2.3,0.6,0.5,1.4,3.0,10.3,113.0,119.0,10.6,0.588,0.555,0.231,4.4,12.2,8.3,11.3,1.0,1.6,14.1,15.9,0.017105263157894738,0.017105263157894738,0.034210526315789476,0.059,-1.9,-0.7,-2.6,-0.3,-5.1,-3.0,0.5131578947368421,0.3815789473684211,1.4605263157894737,0.34210526315789475,0.75,0.39473684210526316,5.578947368421052,0.21052631578947367,0.3684210526315789,16.5,0.445,0.183,0.165,0.079,0.017,0.555,0.793,0.4,0.375,0.4,0.74,0.952,0.02,0.13157894736842105,0.318,0.346,5.04,3.26,1.78,1.01,0.16,1.89,4.38,0.3,0.17,0.47,0.639,0.361,0.37,1.64,2.01,1.83,0.72,0.183,0.817,0.933,0.369,27.0,24.5,2.3,0.2,0.3,3.8,5.9,2.7,0.085,0.101,3.1,6.6,9.3,0.471,1.0,0.5,0.6,0.029,1.455,0.4,0.0,0.0,0.0,0.0,1.8302631578947368,0.1409342105263158,1.0661052631578947,1.601315789473684,3.642105263157894,0.3969605263157895,0.9936973684210526,3.7039473684210527,0.743421052631579,0.0605921052631579,1.0740263157894738,0.6671052631578948,11.86,0.484,0.002,0.114,99.74,0.383,0.482,0.349
Jalen Williams,PF,22.0,OKC,71.0,71.0,31.3,7.5,14.0,0.54,1.5,3.4,0.427,6.1,10.6,0.576,0.592,2.5,3.1,0.814,0.5,3.5,4.0,4.5,1.1,0.6,1.7,2.5,19.1,122.0,114.0,19.1,0.621,0.243,0.223,1.9,11.8,7.1,21.3,1.7,1.9,10.1,23.7,0.06338028169014084,0.03802816901408451,0.1028169014084507,0.157,2.0,0.3,2.3,2.4,8.6,1.5,0.7887323943661971,0.5915492957746479,1.1971830985915493,0.16901408450704225,1.4788732394366197,0.29577464788732394,11.028169014084508,0.30985915492957744,0.7183098591549296,11.9,0.757,0.261,0.241,0.171,0.085,0.243,0.73,0.473,0.529,0.488,0.404,0.748,0.075,0.8873239436619719,0.104,0.52,3.97,2.31,1.66,2.75,0.01,0.28,0.65,0.31,0.41,0.72,0.431,0.569,0.06,0.68,0.73,0.69,0.37,0.077,0.923,0.942,0.5,38.6,46.6,4.5,0.3,0.6,7.6,11.6,5.4,0.117,0.14,1.9,6.2,7.9,0.519,0.0,0.0,1.5,0.098,0.924,1.7,6.3,0.37,1.002,6.3,0.2,0.012,1.067,0.2,3.4,0.168,1.192,2.9,1.4,0.059,1.403,1.0,9.96,0.448,-0.025,0.202,102.94,0.639,0.228,0.52
Jaylin Williams,C,21.0,OKC,69.0,1.0,13.0,1.4,3.3,0.417,0.8,2.1,0.368,0.6,1.2,0.5,0.533,0.5,0.6,0.805,0.5,2.9,3.4,1.6,0.4,0.4,0.5,1.4,4.0,119.0,110.0,12.7,0.561,0.632,0.18,4.7,23.7,14.5,15.0,1.5,2.8,12.1,13.5,0.014492753623188406,0.021739130434782608,0.034782608695652174,0.13,-0.8,1.9,1.1,0.7,7.2,-0.9,0.30434782608695654,0.057971014492753624,0.7971014492753623,0.10144927536231885,0.2753623188405797,0.2898550724637681,3.898550724637681,0.07246376811594203,0.14492753623188406,17.9,0.368,0.18,0.118,0.053,0.018,0.632,0.61,0.407,0.333,0.5,0.833,1.0,0.026,0.07246376811594203,0.215,0.355,4.62,3.09,1.54,0.75,0.28,1.07,2.41,0.1,0.19,0.29,0.35,0.65,0.04,0.8,0.84,0.78,0.42,0.052,0.948,0.931,0.5,22.7,15.2,1.6,0.1,0.1,2.4,4.2,1.8,0.07,0.079,1.3,4.9,6.0,0.582,0.0,0.0,0.0,0.0,0.0,0.0,0.0,0.0,0.0,0.0,0.9,0.205,1.105,0.8,1.8,0.406,1.106,1.6,0.5,0.101,1.179,0.4,7.29,0.497,0.011,0.162,101.25,0.304,0.576,0.283
Jeenathan Williams,SG,24.0,HOU,22.0,0.0,5.9,1.2,2.3,0.54,0.1,0.2,0.4,1.1,2.0,0.556,0.56,0.3,0.6,0.538,0.5,0.5,1.0,0.3,0.2,0.0,0.2,0.5,2.9,118.0,116.0,15.6,0.565,0.1,0.26,9.9,9.2,9.6,8.3,1.5,0.7,6.7,19.7,0.009090909090909092,0.004545454545454546,0.013636363636363636,0.11,-0.8,-0.8,-1.6,0.0,9.6,8.8,0.09090909090909091,0.0,0.3181818181818182,0.0,0.36363636363636365,0.0,0.7272727272727273,0.13636363636363635,0.36363636363636365,5.9,0.9,0.46,0.38,0.04,0.02,0.1,0.826,0.316,0.0,0.0,0.4,1.0,0.1,0.22727272727272727,0.8,0.25,,,,,,,,,,,,,,,,,,,,,,,,,,,,,,,,,,,,,,,,,,,,,,,,,,,,,,,,,,,,,,,,,
Kenrich Williams,PF,29.0,OKC,69.0,1.0,14.9,1.9,4.1,0.468,0.8,2.0,0.397,1.1,2.0,0.54,0.568,0.1,0.2,0.5,0.9,2.1,3.0,1.3,0.6,0.1,0.5,1.5,4.7,120.0,113.0,11.9,0.568,0.504,0.05,6.9,15.4,11.3,11.4,1.8,0.8,10.1,13.4,0.01594202898550725,0.01884057971014493,0.036231884057971016,0.115,-1.1,0.3,-0.8,0.3,10.2,3.0,0.2753623188405797,0.11594202898550725,0.855072463768116,0.057971014492753624,0.043478260869565216,0.2608695652173913,3.3333333333333335,0.0,0.2608695652173913,15.4,0.496,0.296,0.104,0.039,0.057,0.504,0.699,0.379,0.182,0.25,0.733,0.964,0.032,0.10144927536231885,0.312,0.409,2.16,1.28,0.88,1.13,0.19,0.68,1.55,0.1,0.25,0.35,0.292,0.708,0.19,0.48,0.67,0.67,0.33,0.283,0.717,1.0,0.5,14.4,11.4,1.3,0.1,0.1,2.0,3.5,1.6,0.093,0.109,2.2,3.6,5.7,0.56,0.0,0.0,0.0,0.0,0.0,0.0,0.0,0.0,0.0,0.0,0.3,0.069,0.864,0.3,2.0,0.398,1.079,1.8,0.8,0.125,1.35,0.6,5.51,0.532,0.062,0.12,101.18,0.462,0.517,0.431
Malik Williams,C,25.0,TOR,7.0,2.0,15.3,1.3,4.9,0.265,0.1,0.7,0.2,1.1,4.1,0.276,0.279,0.0,0.3,0.0,2.1,3.3,5.4,0.3,0.4,0.6,0.4,2.1,2.7,79.0,116.0,4.9,0.272,0.147,0.059,15.1,24.1,19.5,2.4,1.4,3.3,7.9,15.1,-0.04285714285714286,0.014285714285714287,-0.028571428571428574,-0.069,-7.8,-3.7,-11.5,-0.3,-23.6,-17.6,0.14285714285714285,0.0,1.0,0.2857142857142857,0.14285714285714285,0.0,0.7142857142857143,0.0,1.0,7.4,0.853,0.471,0.235,0.118,0.029,0.147,0.375,0.25,0.0,0.0,0.5,1.0,0.118,0.2857142857142857,0.2,0.0,3.29,2.14,1.14,0.29,0.0,1.86,3.86,0.0,0.14,0.14,0.0,1.0,0.29,0.57,0.86,0.86,0.57,0.333,0.667,1.0,0.667,15.0,10.6,0.3,0.1,0.0,1.3,1.0,0.4,0.019,0.029,5.8,6.3,11.7,0.543,0.1,0.0,0.0,0.0,0.0,0.0,0.0,0.0,0.0,0.0,0.0,0.0,0.0,0.0,0.0,0.0,0.0,0.0,0.0,0.0,0.0,0.0,7.29,0.51,0.024,0.029,99.37,0.842,0.158,0.842
Mark Williams,C,22.0,CHO,19.0,19.0,26.7,5.2,7.9,0.649,0.0,0.0,0.0,5.2,7.9,0.649,0.649,2.4,3.4,0.719,4.0,5.7,9.7,1.2,0.8,1.1,0.9,2.6,12.7,138.0,116.0,22.5,0.675,0.0,0.424,16.3,24.6,20.4,6.8,1.6,3.7,8.7,17.1,0.08421052631578947,0.02631578947368421,0.1105263157894737,0.198,1.6,-0.8,0.8,0.3,-0.8,11.3,0.2631578947368421,0.10526315789473684,1.368421052631579,0.3684210526315789,1.5789473684210527,0.0,3.0,0.21052631578947367,0.9473684210526315,2.6,1.0,0.742,0.245,0.013,0.0,0.0,0.741,0.378,0.5,0.0,0.633,0.0,0.331,2.473684210526316,0.0,0.0,8.74,6.42,2.32,1.53,0.0,4.37,9.74,0.42,0.32,0.74,0.571,0.429,0.63,1.42,2.05,1.95,1.16,0.308,0.692,0.949,0.564,22.2,14.5,1.2,0.1,0.3,1.6,3.1,1.5,0.052,0.069,6.7,10.0,16.3,0.594,0.4,0.4,0.0,0.0,0.0,0.0,0.0,0.0,0.0,0.0,2.8,0.236,1.191,2.4,0.0,0.0,0.0,0.0,3.5,0.246,1.408,2.5,14.16,0.535,0.027,0.059,100.03,0.81,0.0,0.81
Patrick Williams,PF,22.0,CHI,43.0,30.0,27.3,3.7,8.3,0.443,1.4,3.4,0.399,2.3,4.9,0.474,0.525,1.2,1.5,0.788,1.1,2.8,3.9,1.5,0.9,0.8,1.3,2.0,10.0,107.0,117.0,11.0,0.553,0.412,0.184,4.3,11.7,7.9,7.7,1.7,2.9,12.8,16.6,0.002325581395348837,0.023255813953488372,0.027906976744186046,0.048,-2.1,-0.1,-2.3,-0.1,-0.7,1.1,0.5813953488372093,0.5116279069767442,1.0465116279069768,0.09302325581395349,0.7674418604651163,0.046511627906976744,3.86046511627907,0.09302325581395349,0.6511627906976745,14.6,0.588,0.267,0.128,0.092,0.1,0.412,0.573,0.326,0.485,0.389,0.55,0.966,0.109,0.6744186046511628,0.304,0.422,4.72,2.51,2.21,1.77,0.05,0.49,1.12,0.44,0.16,0.6,0.731,0.269,0.16,0.88,1.05,0.98,0.37,0.156,0.844,0.955,0.364,27.0,21.7,1.5,0.1,0.3,2.8,3.9,1.8,0.057,0.066,2.6,5.1,7.5,0.553,0.0,0.0,0.1,0.031,0.286,0.3,1.3,0.148,0.848,1.5,0.1,0.022,0.5,0.2,4.4,0.458,0.931,4.7,0.7,0.061,1.148,0.6,10.19,0.486,0.0,0.077,97.59,0.466,0.413,0.35
Robert Williams,C,26.0,POR,6.0,0.0,19.8,2.8,4.3,0.654,0.0,0.0,0.0,2.8,4.3,0.654,0.654,1.2,1.5,0.778,1.8,4.5,6.3,0.8,1.2,1.2,1.2,2.8,6.8,122.0,109.0,17.2,0.684,0.0,0.346,9.8,27.0,17.9,6.3,2.9,5.3,18.9,13.2,0.03333333333333333,0.03333333333333333,0.06666666666666667,0.144,-2.2,2.9,0.7,0.1,-12.2,-3.0,0.3333333333333333,0.3333333333333333,2.0,0.3333333333333333,0.8333333333333334,0.0,2.0,0.5,0.6666666666666666,5.8,1.0,0.5,0.269,0.038,0.192,0.0,0.769,0.429,1.0,0.6,0.529,0.0,0.269,0.8333333333333334,0.0,0.0,,,,,,,,,,,,,,,,,,,,,,,,,,,,,,,,,,,,,,,,,,,,,,,,,,,,,,,,,,,,,,,,,
Vince Williams Jr,SG,23.0,MEM,52.0,33.0,27.6,3.3,7.3,0.446,1.5,4.0,0.378,1.7,3.3,0.529,0.55,2.0,2.5,0.8,1.1,4.4,5.6,3.4,0.9,0.7,1.8,2.6,10.0,114.0,114.0,12.8,0.597,0.551,0.343,4.3,18.3,11.0,18.0,1.6,2.2,17.4,15.8,0.021153846153846155,0.032692307692307694,0.05384615384615384,0.093,-1.7,1.0,-0.7,0.5,-3.3,6.3,0.9230769230769231,0.5192307692307693,0.9423076923076923,0.11538461538461539,0.8653846153846154,0.5384615384615384,8.26923076923077,0.09615384615384616,0.4230769230769231,15.7,0.449,0.245,0.142,0.045,0.016,0.551,0.667,0.407,0.353,0.0,0.511,0.924,0.024,0.17307692307692307,0.335,0.343,,,,,,,,,,,,,,,,,,,,,,,,,,,,,,,,,,,,,,,,,,,,,,,,,,,,,,,,,,,,,,,,,
Ziaire Williams,SF,22.0,MEM,51.0,15.0,20.4,2.9,7.4,0.397,1.1,3.7,0.307,1.8,3.7,0.487,0.474,1.2,1.5,0.827,0.7,2.8,3.5,1.5,0.7,0.2,1.3,1.7,8.2,98.0,115.0,9.3,0.511,0.5,0.198,3.5,15.9,9.5,11.1,1.7,0.8,13.8,19.7,-0.01764705882352941,0.021568627450980395,0.00392156862745098,0.01,-4.0,-0.4,-4.5,-0.6,-10.9,-4.9,0.5882352941176471,0.4117647058823529,0.9019607843137255,0.0784313725490196,0.6470588235294118,0.39215686274509803,3.4901960784313726,0.11764705882352941,0.5294117647058824,15.9,0.5,0.22,0.127,0.085,0.069,0.5,0.747,0.25,0.281,0.346,0.641,0.897,0.095,0.6274509803921569,0.37,0.357,3.53,1.82,1.71,1.55,0.08,0.18,0.43,0.22,0.2,0.41,0.524,0.476,0.0,0.35,0.35,0.35,0.2,0.0,1.0,1.0,0.556,17.5,18.8,1.5,0.2,0.3,2.6,3.9,1.9,0.084,0.11,2.2,4.3,6.2,0.646,0.0,0.0,0.0,0.0,0.0,0.0,0.7,0.148,0.5,1.4,0.0,0.0,0.0,0.0,0.0,0.0,0.0,0.0,0.7,0.057,1.296,0.5,7.94,0.488,0.022,0.118,100.4,0.438,0.414,0.367
Zion Williamson,PF,23.0,NOP,70.0,70.0,31.5,8.9,15.6,0.57,0.1,0.3,0.333,8.8,15.4,0.574,0.573,5.0,7.1,0.702,1.7,4.1,5.8,5.0,1.1,0.7,2.8,2.3,22.9,119.0,113.0,22.8,0.61,0.016,0.452,6.2,14.2,10.2,26.5,1.7,2.1,12.8,29.7,0.06714285714285714,0.04,0.10714285714285714,0.164,3.3,0.6,3.8,3.3,2.4,-5.2,1.1142857142857143,1.0714285714285714,1.2857142857142858,0.4,3.8714285714285714,0.04285714285714286,13.2,1.1285714285714286,1.7285714285714286,4.0,0.984,0.547,0.404,0.03,0.003,0.016,0.717,0.396,0.394,0.333,0.474,0.833,0.08,1.1142857142857143,0.111,1.0,4.13,1.8,2.33,2.04,0.01,0.94,2.17,0.64,0.33,0.97,0.662,0.338,0.14,0.5,0.64,0.61,0.46,0.222,0.778,0.977,0.727,39.7,46.7,5.1,0.2,0.5,10.0,13.7,5.8,0.127,0.146,5.0,6.1,10.8,0.544,2.8,1.4,5.3,0.236,1.043,5.1,3.6,0.178,0.943,3.8,0.3,0.016,0.917,0.3,1.3,0.061,0.978,1.3,2.5,0.081,1.417,1.7,10.79,0.473,-0.004,0.256,101.34,0.772,0.011,0.768
DJ Wilson,PF,27.0,PHI,2.0,0.0,7.5,2.0,3.0,0.667,1.0,1.0,1.0,1.0,2.0,0.5,0.833,0.0,0.0,0.0,0.5,0.5,1.0,1.0,0.0,1.0,0.0,0.5,5.0,173.0,114.0,31.6,0.833,0.333,0.0,7.2,7.5,7.4,22.5,0.0,12.2,0.0,17.3,0.05,0.0,0.05,0.355,15.5,7.0,22.4,0.1,7.1,4.2,0.0,0.0,0.0,0.0,0.0,0.0,2.0,0.0,0.5,10.3,0.667,0.333,0.333,0.0,0.0,0.333,1.0,0.0,0.0,0.0,1.0,1.0,0.167,0.5,0.5,1.0,,,,,,,,,,,,,,,,,,,,,,,,,,,,,,,,,,,,,,,,,,,,,,,,,,,,,,,,,,,,,,,,,
Jalen Wilson,PF,23.0,BRK,43.0,3.0,15.4,1.8,4.2,0.425,0.6,1.7,0.324,1.2,2.4,0.495,0.492,0.9,1.1,0.826,1.1,2.0,3.0,1.0,0.3,0.1,0.4,1.1,5.0,118.0,119.0,10.8,0.537,0.413,0.257,7.5,14.2,10.8,9.3,0.8,0.5,8.7,14.3,0.013953488372093023,0.009302325581395349,0.025581395348837212,0.077,-1.8,-1.1,-2.9,-0.2,0.2,3.8,0.06976744186046512,0.18604651162790697,0.6744186046511628,0.09302325581395349,0.3953488372093023,0.046511627906976744,2.511627906976744,0.11627906976744186,0.2558139534883721,14.0,0.587,0.229,0.251,0.084,0.022,0.413,0.683,0.356,0.4,0.5,0.615,1.0,0.0,0.0,0.392,0.379,2.3,0.91,1.4,0.51,0.0,0.33,0.79,0.23,0.21,0.44,0.526,0.474,0.07,0.44,0.51,0.49,0.14,0.136,0.864,1.0,0.286,10.8,10.2,1.0,0.0,0.1,1.6,2.6,1.2,0.098,0.111,2.4,4.0,6.3,0.565,0.0,0.0,0.0,0.0,0.0,0.0,0.3,0.073,0.875,0.4,0.0,0.0,0.0,0.0,1.8,0.422,0.848,2.1,0.3,0.06,1.077,0.3,5.57,0.461,0.004,0.095,97.01,0.486,0.336,0.43
Dylan Windler,SF,27.0,TOT,17.0,0.0,6.4,0.9,1.8,0.5,0.8,1.6,0.481,0.1,0.2,0.667,0.717,0.0,0.0,0.0,0.2,0.8,0.9,0.6,0.1,0.0,0.1,0.4,2.5,143.0,121.0,14.2,0.717,0.9,0.0,2.9,13.4,8.1,12.3,0.9,0.0,6.3,12.5,0.01764705882352941,0.0,0.01764705882352941,0.14,1.7,-1.0,0.7,0.1,-8.2,-7.3,0.058823529411764705,0.0,0.29411764705882354,0.0,0.0,0.0,1.411764705882353,0.0,0.0,22.9,0.1,0.067,0.0,0.033,0.0,0.9,1.0,0.0,0.0,0.0,1.0,0.846,0.0,0.0,0.37,0.4,1.06,0.59,0.47,0.65,0.0,0.0,0.0,0.0,0.0,0.0,0.0,0.0,0.0,0.06,0.06,0.06,0.0,0.0,1.0,1.0,0.0,6.1,5.1,0.6,0.0,0.0,0.9,1.4,0.6,0.097,0.097,1.6,3.0,4.5,0.417,0.0,0.0,0.0,0.0,0.0,0.0,0.0,0.0,0.0,0.0,0.0,0.0,0.0,0.0,2.5,0.619,1.154,2.2,0.0,0.0,0.0,0.0,4.08,0.449,0.027,0.133,101.61,0.093,0.907,0.093
James Wiseman,C,22.0,DET,63.0,6.0,17.3,3.0,4.8,0.613,0.0,0.0,0.0,3.0,4.8,0.617,0.613,1.1,1.6,0.706,1.7,3.6,5.3,0.9,0.2,0.6,1.0,2.2,7.1,119.0,118.0,14.8,0.637,0.007,0.334,11.0,23.5,17.2,7.3,0.5,3.1,15.9,16.3,0.020634920634920634,0.012698412698412698,0.03333333333333333,0.094,-2.6,-0.9,-3.5,-0.4,-14.1,-7.2,0.20634920634920634,0.2222222222222222,1.380952380952381,0.4603174603174603,0.8412698412698413,0.031746031746031744,1.9523809523809523,0.2857142857142857,0.31746031746031744,4.8,0.993,0.446,0.433,0.079,0.036,0.007,0.787,0.515,0.375,0.273,0.706,0.0,0.282,1.2857142857142858,0.0,0.0,6.52,5.22,1.3,0.24,0.0,3.11,6.94,0.21,0.1,0.3,0.684,0.316,0.44,0.76,1.21,1.14,0.79,0.368,0.632,0.96,0.667,22.4,12.4,0.8,0.0,0.0,1.2,1.9,0.9,0.036,0.038,4.4,6.2,10.3,0.517,0.8,0.5,0.2,0.024,1.0,0.2,0.0,0.0,0.0,0.0,1.6,0.22,1.121,1.4,0.2,0.039,0.625,0.3,1.5,0.172,1.31,1.1,8.87,0.483,-0.01,0.077,102.13,0.839,0.0,0.803
Isaiah Wong,SG,23.0,IND,1.0,0.0,4.0,1.0,3.0,0.333,0.0,1.0,0.0,1.0,2.0,0.5,0.333,0.0,0.0,0.0,0.0,0.0,0.0,0.0,0.0,0.0,0.0,0.0,2.0,70.0,127.0,-1.1,0.333,0.333,0.0,0.0,0.0,0.0,0.0,0.0,0.0,0.0,31.4,0.0,0.0,0.0,-0.277,-11.3,-7.7,-19.0,0.0,-62.5,-65.6,0.0,0.0,0.0,0.0,0.0,0.0,0.0,0.0,0.0,16.3,0.667,0.0,0.333,0.0,0.333,0.333,0.0,0.0,0.0,1.0,0.0,0.0,0.0,0.0,1.0,0.0,0.0,0.0,0.0,0.0,0.0,0.0,0.0,0.0,0.0,0.0,0.0,0.0,0.0,0.0,0.0,0.0,0.0,0.0,0.0,0.0,0.0,7.0,10.0,0.0,0.0,0.0,0.0,0.0,0.0,0.0,0.0,0.0,0.0,0.0,0.0,0.0,0.0,0.0,0.0,0.0,0.0,0.0,0.0,0.0,0.0,0.0,0.0,0.0,0.0,0.0,0.0,0.0,0.0,0.0,0.0,0.0,0.0,0.0,0.0,0.0,0.0,95.25,1.0,0.0,0.0
Christian Wood,PF,28.0,LAL,50.0,1.0,17.4,2.5,5.3,0.466,0.7,2.3,0.307,1.8,3.0,0.587,0.532,1.3,1.9,0.702,0.8,4.3,5.1,1.0,0.3,0.7,1.0,1.4,6.9,107.0,113.0,12.3,0.568,0.432,0.356,5.2,26.1,16.2,7.4,0.9,3.3,14.1,17.6,0.0,0.022000000000000002,0.024,0.064,-2.6,-0.2,-2.8,-0.2,0.4,0.0,0.32,0.36,0.96,0.24,0.86,0.04,2.2,0.2,0.24,13.8,0.568,0.261,0.223,0.042,0.042,0.432,0.812,0.424,0.455,0.182,0.761,0.971,0.102,0.48,0.228,0.346,5.02,3.18,1.84,0.36,0.0,0.8,1.82,0.1,0.16,0.26,0.385,0.615,0.08,0.64,0.72,0.72,0.44,0.111,0.889,1.0,0.611,16.8,13.1,1.0,0.1,0.1,1.4,2.3,1.2,0.057,0.071,1.6,6.6,8.0,0.702,0.4,0.1,0.2,0.034,1.0,0.2,0.0,0.0,0.0,0.0,1.0,0.143,1.0,1.0,2.2,0.356,0.866,2.5,0.0,0.0,0.0,0.0,8.45,0.437,-0.038,0.079,101.73,0.507,0.303,0.478
Delon Wright,PG,31.0,TOT,47.0,1.0,15.8,1.6,4.0,0.394,0.5,1.4,0.368,1.0,2.6,0.408,0.46,0.8,1.0,0.822,0.4,1.4,1.8,2.5,1.1,0.2,0.3,0.7,4.5,120.0,114.0,13.6,0.505,0.362,0.239,2.7,10.0,6.3,20.8,3.5,1.3,6.3,12.8,0.01702127659574468,0.019148936170212766,0.036170212765957444,0.109,-2.0,2.5,0.4,0.5,1.7,7.3,0.10638297872340426,0.14893617021276595,0.40425531914893614,0.0425531914893617,0.3829787234042553,0.1276595744680851,6.319148936170213,0.06382978723404255,0.23404255319148937,13.2,0.638,0.218,0.314,0.059,0.048,0.362,0.634,0.322,0.273,0.111,0.429,0.88,0.005,0.02127659574468085,0.235,0.25,1.72,0.91,0.81,1.72,0.02,0.21,0.49,0.17,0.26,0.43,0.4,0.6,0.0,0.15,0.15,0.13,0.02,0.0,1.0,0.857,0.143,22.6,22.5,2.5,0.2,0.3,4.3,6.9,3.1,0.112,0.136,1.5,3.1,4.5,0.494,0.0,0.0,0.4,0.089,1.077,0.4,1.2106382978723405,0.3396595744680851,0.7629148936170213,1.5510638297872341,0.0,0.0,0.0,0.0,2.1,0.377,1.034,2.1,0.0,0.0,0.0,0.0,6.38,0.488,0.032,0.213,101.07,0.467,0.357,0.429
Thaddeus Young,PF,35.0,TOT,33.0,6.0,13.3,2.0,3.3,0.602,0.0,0.2,0.143,1.9,3.1,0.634,0.606,0.2,0.5,0.4,1.4,1.7,3.1,1.7,0.7,0.2,0.5,1.5,4.2,130.0,116.0,15.9,0.598,0.065,0.139,11.7,14.5,13.0,17.9,2.5,1.0,11.6,12.6,0.027272727272727275,0.012121212121212121,0.0393939393939394,0.138,-0.5,0.8,0.3,0.2,-4.8,-0.2,0.21212121212121213,0.18181818181818182,0.9090909090909091,0.030303030303030304,0.18181818181818182,0.12121212121212122,3.8181818181818183,0.09090909090909091,0.30303030303030304,4.8,0.935,0.528,0.333,0.065,0.009,0.065,0.667,0.611,0.429,1.0,0.734,1.0,0.046,0.15151515151515152,0.571,0.25,2.76,1.64,1.12,1.24,0.12,1.61,3.48,0.12,0.15,0.27,0.444,0.556,0.39,0.82,1.21,1.09,0.7,0.325,0.675,0.947,0.605,19.6,14.6,1.7,0.2,0.0,2.5,4.3,2.0,0.088,0.102,3.6,3.1,6.6,0.551,0.3,0.1,0.0,0.0,0.0,0.0,0.0,0.0,0.0,0.0,1.0,0.223,1.043,1.0,0.0,0.0,0.0,0.0,0.0,0.0,0.0,0.0,6.38,0.5,0.015,0.178,98.73,0.934,0.022,0.905
Trae Young,PG,25.0,ATL,54.0,54.0,36.0,8.0,18.7,0.43,3.2,8.7,0.373,4.8,10.0,0.479,0.516,6.4,7.5,0.855,0.4,2.3,2.8,10.8,1.3,0.2,4.4,2.0,25.7,117.0,122.0,20.3,0.585,0.465,0.404,1.2,7.3,4.2,45.1,1.8,0.5,16.5,30.5,0.07407407407407407,0.011111111111111112,0.08518518518518518,0.114,4.9,-2.3,2.6,2.2,-2.4,-0.3,3.2222222222222223,0.7592592592592593,0.9074074074074074,0.12962962962962962,2.425925925925926,0.6481481481481481,25.59259259259259,0.5555555555555556,1.0,17.6,0.535,0.121,0.189,0.157,0.067,0.465,0.598,0.424,0.456,0.471,0.252,0.337,0.001,0.0,0.053,0.48,2.43,0.65,1.78,2.39,0.22,0.19,0.44,0.31,0.35,0.67,0.472,0.528,0.0,0.04,0.04,0.04,0.02,0.0,1.0,1.0,0.5,55.6,74.1,10.8,1.1,1.1,18.2,27.1,12.7,0.194,0.229,1.7,4.0,5.7,0.498,0.0,0.0,3.2,0.126,0.966,3.3,11.7,0.456,0.977,12.0,0.0,0.0,0.0,0.0,2.6,0.099,1.0,2.6,0.2,0.008,1.0,0.2,13.11,0.507,0.046,0.435,104.95,0.371,0.378,0.292
Omer Yurtseven,C,25.0,UTA,48.0,12.0,11.4,2.1,3.8,0.538,0.1,0.5,0.208,2.0,3.3,0.588,0.552,0.4,0.6,0.679,1.5,2.8,4.3,0.6,0.2,0.4,0.8,1.1,4.6,112.0,118.0,15.0,0.565,0.13,0.152,14.7,27.3,21.0,7.7,0.7,2.9,15.9,17.9,0.0062499999999999995,0.008333333333333333,0.014583333333333332,0.062,-1.6,-1.5,-3.0,-0.1,-13.8,-10.4,0.25,0.22916666666666666,0.5625,0.25,0.2916666666666667,0.0,1.4375,0.125,0.25,7.4,0.87,0.332,0.467,0.049,0.022,0.13,0.738,0.5,0.444,0.5,0.66,1.0,0.185,0.6041666666666666,0.458,0.273,2.58,1.98,0.6,0.52,0.0,1.4,3.33,0.13,0.0,0.13,1.0,0.0,0.27,0.54,0.81,0.77,0.63,0.333,0.667,1.0,0.811,14.2,9.7,0.6,0.1,0.1,1.1,1.6,0.8,0.043,0.057,3.8,5.2,8.6,0.616,0.4,0.3,0.0,0.0,0.0,0.0,0.0,0.0,0.0,0.0,1.0,0.212,1.0,1.0,0.3,0.074,0.706,0.4,1.4,0.26,1.083,1.3,6.5,0.56,0.07,0.084,100.56,0.847,0.068,0.82
Cody Zeller,C,31.0,NOP,43.0,0.0,7.4,0.6,1.4,0.419,0.0,0.1,0.333,0.6,1.4,0.424,0.427,0.5,0.9,0.605,1.1,1.5,2.6,0.9,0.2,0.1,0.4,1.0,1.8,119.0,112.0,12.8,0.483,0.048,0.613,16.9,22.0,19.5,15.2,1.4,1.5,16.9,12.9,0.009302325581395349,0.009302325581395349,0.018604651162790697,0.124,-2.9,0.3,-2.6,0.0,7.3,2.9,0.13953488372093023,0.046511627906976744,0.5581395348837209,0.13953488372093023,0.32558139534883723,0.09302325581395349,2.13953488372093,0.06976744186046512,0.23255813953488372,3.8,0.952,0.661,0.258,0.016,0.016,0.048,0.512,0.25,0.0,0.0,0.56,1.0,0.145,0.20930232558139536,0.0,0.0,2.12,1.63,0.49,0.44,0.12,1.44,3.37,0.07,0.12,0.19,0.375,0.625,0.09,0.67,0.77,0.77,0.37,0.121,0.879,1.0,0.485,10.6,7.0,0.9,0.0,0.0,1.2,2.2,1.0,0.085,0.092,2.6,2.8,5.2,0.556,0.0,0.0,0.0,0.0,0.0,0.0,0.0,0.0,0.0,0.0,0.0,0.0,0.0,0.0,0.0,0.0,0.0,0.0,0.0,0.0,0.0,0.0,4.11,0.5,0.015,0.149,104.95,0.658,0.039,0.658
Ivica Zubac,C,26.0,LAC,68.0,68.0,26.4,5.0,7.6,0.649,0.0,0.0,0.0,5.0,7.6,0.649,0.649,1.8,2.4,0.723,2.9,6.3,9.2,1.4,0.3,1.2,1.2,2.6,11.7,132.0,113.0,19.3,0.671,0.0,0.32,12.8,26.2,19.7,7.5,0.6,4.2,11.8,16.4,0.0661764705882353,0.033823529411764704,0.09999999999999999,0.182,0.8,0.0,0.8,1.3,4.8,2.1,0.4411764705882353,0.2647058823529412,1.8970588235294117,0.35294117647058826,1.1470588235294117,0.04411764705882353,3.338235294117647,0.14705882352941177,0.5882352941176471,3.7,1.0,0.493,0.466,0.04,0.0,0.0,0.711,0.599,0.476,0.0,0.772,0.0,0.245,1.6470588235294117,0.0,0.0,9.84,7.72,2.12,0.59,0.0,3.21,7.49,0.35,0.18,0.53,0.667,0.333,0.6,1.37,1.99,1.94,1.12,0.304,0.689,0.985,0.567,32.4,19.1,1.4,0.1,0.2,1.8,3.5,1.7,0.042,0.051,6.0,9.9,15.7,0.588,1.5,1.4,0.0,0.0,0.0,0.0,0.0,0.0,0.0,0.0,3.0,0.249,1.225,2.5,0.0,0.0,0.0,0.0,3.7,0.271,1.353,2.7,16.79,0.459,-0.039,0.075,96.89,0.849,0.0,0.846
